ticker,name,marketCap,sector,industry,ipoyear,country,cik,exchange,in_sp500,universo_primario,cap_rank,size_bucket
NVDA,NVIDIA Corporation Common Stock,5408281000000.0,Technology,Semiconductors,1999.0,United States,1045810.0,Nasdaq,True,True,1.0,r1000
AAPL,Apple Inc. Common Stock,4742524732800.0,Technology,Computer Manufacturing,1980.0,United States,320193.0,Nasdaq,True,True,2.0,r1000
GOOGL,Alphabet Inc. Class A Common Stock,4122977600000.0,Technology,Computer Software: Programming Data Processing,2004.0,United States,1652044.0,Nasdaq,True,True,3.0,r1000
MSFT,Microsoft Corporation Common Stock,3689159510839.0,Technology,Computer Software: Prepackaged Software,1986.0,United States,789019.0,Nasdaq,True,True,4.0,r1000
AMZN,Amazon.com Inc. Common Stock,2750294234589.0,Consumer Discretionary,Catalog/Specialty Distribution,1997.0,United States,1018724.0,Nasdaq,True,True,5.0,r1000
TSM,Taiwan Semiconductor Manufacturing Company Ltd.,2154992787612.0,Technology,Semiconductors,1997.0,Taiwan,1046179.0,NYSE,False,False,,
SPCX,Space Exploration Technologies Corp. Class A Common Stock,1909831730854.0,Technology,Computer Software: Programming Data Processing,2026.0,United States,1181412.0,Nasdaq,False,True,6.0,r1000
AVGO,Broadcom Inc. Common Stock,1747173751914.0,Technology,Semiconductors,2009.0,United States,1730168.0,Nasdaq,True,True,7.0,r1000
META,Meta Platforms Inc. Class A Common Stock,1510289065491.0,Technology,Computer Software: Programming Data Processing,2012.0,United States,1326801.0,Nasdaq,True,True,8.0,r1000
TSLA,Tesla Inc. Common Stock,1410027915132.0,Industrials,Auto Manufacturing,2010.0,United States,1318605.0,Nasdaq,True,True,9.0,r1000
SKHY,SK hynix Inc. American Depositary Shares,1202482301900.0,Technology,Semiconductors,2026.0,South Korea,2120882.0,Nasdaq,False,False,,
LLY,Eli Lilly and Company Common Stock,1092049503965.0,Health Care,Biotechnology: Pharmaceutical Preparations,,United States,59478.0,NYSE,True,True,10.0,r1000
MU,Micron Technology Inc. Common Stock,1079790203808.0,Technology,Semiconductors,,United States,723125.0,Nasdaq,True,True,11.0,r1000
JPM,JP Morgan Chase & Co. Common Stock,946899086383.0,Finance,Major Banks,,United States,19617.0,NYSE,True,True,12.0,r1000
WMT,Walmart Inc. Common Stock,841691138708.0,Consumer Discretionary,Department/Specialty Retail Stores,,United States,104169.0,Nasdaq,True,True,13.0,r1000
AMD,Advanced Micro Devices Inc. Common Stock,746139042697.0,Technology,Semiconductors,,United States,2488.0,Nasdaq,True,True,14.0,r1000
V,Visa Inc.,676108177140.0,Consumer Discretionary,Business Services,,United States,1403161.0,NYSE,True,True,15.0,r1000
XOM,ExxonMobil Holdings Corporation Common Stock,674970348234.0,Energy,Integrated oil Companies,,United States,2115436.0,NYSE,True,True,16.0,r1000
JNJ,Johnson & Johnson Common Stock,663228192880.0,Health Care,Biotechnology: Pharmaceutical Preparations,,United States,200406.0,NYSE,True,True,17.0,r1000
ASML,ASML Holding N.V. New York Registry Shares,648388137830.0,Technology,Industrial Machinery/Components,1995.0,Netherlands,937966.0,Nasdaq,False,False,,
MA,Mastercard Incorporated Common Stock,515216486112.0,Consumer Discretionary,Business Services,2006.0,United States,1141391.0,NYSE,True,True,18.0,r1000
INTC,Intel Corporation Common Stock,475920509466.0,Technology,Semiconductors,,United States,50863.0,Nasdaq,True,True,19.0,r1000
ABBV,AbbVie Inc. Common Stock,462489935830.0,Health Care,Biotechnology: Pharmaceutical Preparations,2012.0,United States,1551152.0,NYSE,True,True,20.0,r1000
BAC,Bank of America Corporation Common Stock,437746047649.0,Finance,Major Banks,,United States,70858.0,NYSE,True,True,21.0,r1000
CSCO,Cisco Systems Inc. Common Stock (DE),431409731258.0,Telecommunications,Computer Communications Equipment,1990.0,United States,858877.0,Nasdaq,True,True,22.0,r1000
ORCL,Oracle Corporation Common Stock,419828648250.0,Technology,Computer Software: Prepackaged Software,1986.0,United States,1341439.0,NYSE,True,True,23.0,r1000
CVX,Chevron Corporation Common Stock,418428840408.0,Energy,Integrated oil Companies,,United States,93410.0,NYSE,True,True,24.0,r1000
COST,Costco Wholesale Corporation Common Stock,411761199938.0,Consumer Discretionary,Department/Specialty Retail Stores,,United States,909832.0,Nasdaq,True,True,25.0,r1000
PLTR,Palantir Technologies Inc. Class A Common Stock,407051982721.0,Technology,Computer Software: Prepackaged Software,,United States,1321655.0,Nasdaq,True,True,26.0,r1000
KO,Coca-Cola Company (The) Common Stock,379656945202.0,Consumer Staples,Beverages (Production/Distribution),,United States,21344.0,NYSE,True,True,27.0,r1000
MRK,Merck & Company Inc. Common Stock (new),374121907186.0,Health Care,Biotechnology: Pharmaceutical Preparations,,United States,310158.0,NYSE,True,True,28.0,r1000
CAT,Caterpillar Inc. Common Stock,364191221057.0,Industrials,Construction/Ag Equipment/Trucks,,United States,18230.0,NYSE,True,True,29.0,r1000
LRCX,Lam Research Corporation Common Stock,360780870720.0,Technology,Industrial Machinery/Components,1984.0,United States,707549.0,Nasdaq,True,True,30.0,r1000
HSBC,HSBC Holdings plc. Common Stock,360648637874.0,Finance,Savings Institutions,,United Kingdom,1089113.0,NYSE,False,False,,
UNH,UnitedHealth Group Incorporated Common Stock (DE),358732756552.0,Health Care,Medical Specialities,,United States,731766.0,NYSE,True,True,31.0,r1000
AMAT,Applied Materials Inc. Common Stock,347960734858.0,Technology,Semiconductors,1972.0,United States,6951.0,Nasdaq,True,True,32.0,r1000
NFLX,Netflix Inc. Common Stock,344482729395.0,Consumer Discretionary,Consumer Electronics/Video Chains,2002.0,United States,1065280.0,Nasdaq,True,True,33.0,r1000
PG,Procter & Gamble Company (The) Common Stock,343179296978.0,Consumer Discretionary,Package Goods/Cosmetics,,United States,80424.0,NYSE,True,True,34.0,r1000
GE,GE Aerospace Common Stock,341876848034.0,Technology,Consumer Electronics/Appliances,,United States,40545.0,NYSE,True,True,35.0,r1000
MS,Morgan Stanley Common Stock,332677351971.0,Finance,Investment Bankers/Brokers/Service,,United States,895421.0,NYSE,True,True,36.0,r1000
DELL,Dell Technologies Inc. Class C Common Stock ,318998753170.0,Technology,Computer Manufacturing,2018.0,United States,1571996.0,NYSE,True,True,37.0,r1000
HD,Home Depot Inc. (The) Common Stock,317774122777.0,Consumer Discretionary,RETAIL: Building Materials,,United States,354950.0,NYSE,True,True,38.0,r1000
NVS,Novartis AG Common Stock,309998321770.0,Health Care,Biotechnology: Pharmaceutical Preparations,,Switzerland,1114448.0,NYSE,False,False,,
PM,Philip Morris International Inc Common Stock,292925809726.0,Health Care, Medicinal Chemicals and Botanical Products ,,United States,1413329.0,NYSE,True,True,39.0,r1000
GS,Goldman Sachs Group Inc. (The) Common Stock,292458385623.0,Finance,Investment Bankers/Brokers/Service,1999.0,United States,886982.0,NYSE,True,True,40.0,r1000
RY,Royal Bank Of Canada Common Stock,287767578020.0,Finance,Commercial Banks,,Canada,1000275.0,NYSE,False,False,,
MUFG,Mitsubishi UFJ Financial Group Inc. Common Stock,277941789746.0,Finance,Commercial Banks,,Japan,67088.0,NYSE,False,False,,
BABA,Alibaba Group Holding Limited American Depositary Shares each representing eight Ordinary share,270858161673.0,Consumer Discretionary,Business Services,2014.0,China,1577552.0,NYSE,False,False,,
RTX,RTX Corporation Common Stock,270602880152.0,Industrials,Aerospace,,United States,101829.0,NYSE,True,True,41.0,r1000
WFC,Wells Fargo & Company Common Stock,269952420725.0,Finance,Major Banks,,United States,72971.0,NYSE,True,True,42.0,r1000
PANW,Palo Alto Networks Inc. Common Stock,267711200000.0,Technology,Computer peripheral equipment,,United States,1327567.0,Nasdaq,True,True,43.0,r1000
SHEL,Shell PLC American Depositary Shares (each representing two (2) Ordinary Shares) ,264010973488.0,Energy,Oil & Gas Production,2022.0,Netherlands,1306965.0,NYSE,False,False,,
TM,Toyota Motor Corporation Common Stock,258462870965.0,Industrials,Auto Manufacturing,,Japan,1094517.0,NYSE,False,False,,
SAP,SAP  SE ADS,257605052408.0,Technology,Computer Software: Prepackaged Software,,Germany,1000184.0,NYSE,False,False,,
AZN,AstraZeneca PLC Ordinary Shares,250643822206.0,Health Care,Biotechnology: Pharmaceutical Preparations,2026.0,United Kingdom,901832.0,NYSE,False,False,,
ARM,Arm Holdings plc American Depositary Shares,249904016485.0,Technology,Semiconductors,2023.0,United Kingdom,1973239.0,Nasdaq,False,False,,
GEV,GE Vernova Inc. Common Stock,245543581667.0,Technology,Consumer Electronics/Appliances,2024.0,United States,1996810.0,NYSE,True,True,44.0,r1000
AMGN,Amgen Inc. Common Stock,239413477094.0,Health Care,Biotechnology: Biological Products (No Diagnostic Substances),1983.0,United States,318154.0,Nasdaq,True,True,45.0,r1000
BHP,BHP Group Limited American Depositary Shares (Each representing two Ordinary Shares),237377213546.0,Energy,Coal Mining,,Australia,811809.0,NYSE,False,False,,
CCZ,Comcast Holdings ZONES,235806545412.0,Telecommunications,Cable & Other Pay Television Services,,United States,1166691.0,NYSE,False,True,46.0,r1000
ANET,Arista Networks Inc. Common Stock,234713906993.0,Telecommunications,Computer Communications Equipment,,United States,1596532.0,NYSE,True,True,47.0,r1000
TXN,Texas Instruments Incorporated Common Stock,232695510393.0,Technology,Semiconductors,,United States,97476.0,Nasdaq,True,True,48.0,r1000
SNDK,Sandisk Corporation Common Stock,227447276153.0,Technology,Electronic Components,,United States,2023554.0,Nasdaq,True,True,49.0,r1000
C,Citigroup Inc. Common Stock,225346857428.0,Finance,Major Banks,,United States,831001.0,NYSE,True,True,50.0,r1000
KLAC,KLA Corporation Common Stock,225065748840.0,Technology,Electronic Components,1980.0,United States,319201.0,Nasdaq,True,True,51.0,r1000
TMO,Thermo Fisher Scientific Inc Common Stock,225006013422.0,Industrials,Industrial Machinery/Components,,United States,97745.0,NYSE,True,True,52.0,r1000
LIN,Linde plc Ordinary Shares,224704780454.0,Basic Materials,Major Chemicals,,United States,1707925.0,Nasdaq,True,True,53.0,r1000
AXP,American Express Company Common Stock,222838738693.0,Finance,Finance: Consumer Services,,United States,4962.0,NYSE,True,True,54.0,r1000
IBM,International Business Machines Corporation Common Stock,218292538163.0,Technology,Computer Manufacturing,,United States,51143.0,NYSE,True,True,55.0,r1000
SAN,Banco Santander S.A. Sponsored ADR (Spain),216667462655.0,Finance,Commercial Banks,,Spain,891478.0,NYSE,False,False,,
CRM,Salesforce Inc. Common Stock,211453390000.0,Technology,Computer Software: Prepackaged Software,2004.0,United States,1108524.0,NYSE,True,True,56.0,r1000
VZ,Verizon Communications Inc. Common Stock,208652810644.0,Telecommunications,Telecommunications Equipment,,United States,732712.0,NYSE,True,True,57.0,r1000
CRWD,CrowdStrike Holdings Inc. Class A Common Stock,208288825560.0,Technology,Computer Software: Prepackaged Software,2019.0,United States,1535527.0,Nasdaq,True,True,58.0,r1000
NVO,Novo Nordisk A/S Common Stock,207094310420.0,Health Care,Biotechnology: Pharmaceutical Preparations,,Denmark,353278.0,NYSE,False,False,,
TMUS,T-Mobile US Inc. Common Stock,200911393115.0,Telecommunications,Telecommunications Equipment,,United States,1283699.0,Nasdaq,True,True,59.0,r1000
TD,Toronto Dominion Bank (The) Common Stock,199016083590.0,Finance,Commercial Banks,,Canada,947263.0,NYSE,False,False,,
APH,Amphenol Corporation Common Stock,197375991797.0,Technology,Electrical Products,,United States,820313.0,NYSE,True,True,60.0,r1000
TTE,TotalEnergies SE Ordinary Shares,196847571957.0,Energy,Oil & Gas Production,,France,879764.0,NYSE,False,False,,
PEP,PepsiCo Inc. Common Stock,191794561730.0,Consumer Staples,Beverages (Production/Distribution),,United States,77476.0,Nasdaq,True,True,61.0,r1000
ABT,Abbott Laboratories Common Stock,191155442709.0,Health Care,Biotechnology: Pharmaceutical Preparations,,United States,1800.0,NYSE,True,True,62.0,r1000
DE,Deere & Company Common Stock,188298298978.0,Industrials,Industrial Machinery/Components,,United States,315189.0,NYSE,True,True,63.0,r1000
SCHW,Charles Schwab Corporation (The) Common Stock,187183297683.0,Finance,Investment Bankers/Brokers/Service,,United States,316709.0,NYSE,True,True,64.0,r1000
DIS,Walt Disney Company (The) Common Stock,186447651678.0,Consumer Discretionary,Services-Misc. Amusement & Recreation,,United States,1744489.0,NYSE,True,True,65.0,r1000
GILD,Gilead Sciences Inc. Common Stock,185509690740.0,Health Care,Biotechnology: Biological Products (No Diagnostic Substances),1992.0,United States,882095.0,Nasdaq,True,True,66.0,r1000
MCD,McDonald's Corporation Common Stock,184659057514.0,Consumer Discretionary,Restaurants,,United States,63908.0,NYSE,True,True,67.0,r1000
SHOP,Shopify Inc. Class A Subordinate Voting Shares,183836710117.0,Technology,Computer Software: Prepackaged Software,,Canada,1594805.0,Nasdaq,False,False,,
STX,Seagate Technology Holdings PLC Ordinary Shares (Ireland),183251158584.0,Technology,Electronic Components,2002.0,Ireland,1137789.0,Nasdaq,True,False,,
MRVL,Marvell Technology Inc. Common Stock,181062312000.0,Technology,Semiconductors,2000.0,United States,1835632.0,Nasdaq,True,True,68.0,r1000
QCOM,QUALCOMM Incorporated Common Stock,178497757213.0,Technology,Radio And Television Broadcasting And Communications Equipment,1991.0,United States,804328.0,Nasdaq,True,True,69.0,r1000
T,AT&T Inc.,177819407618.0,Telecommunications,Telecommunications Equipment,,United States,732717.0,NYSE,True,True,70.0,r1000
NEE,NextEra Energy Inc. Common Stock,173344789168.0,Utilities,Electric Utilities: Central,,United States,753308.0,NYSE,True,True,71.0,r1000
ADI,Analog Devices Inc. Common Stock,172364781555.0,Technology,Semiconductors,,United States,6281.0,Nasdaq,True,True,72.0,r1000
UNP,Union Pacific Corporation Common Stock,172121494036.0,Industrials,Railroads,,United States,100885.0,NYSE,True,True,73.0,r1000
WELL,Welltower Inc. Common Stock,171962537859.0,Real Estate,Real Estate Investment Trusts,,United States,766704.0,NYSE,True,True,74.0,r1000
BLK,BlackRock Inc. Common Stock,171452659254.0,Finance,Investment Bankers/Brokers/Service,1999.0,United States,2012383.0,NYSE,True,True,75.0,r1000
SCCO,Southern Copper Corporation Common Stock,170420594268.0,Basic Materials,Metal Mining,,United States,1001838.0,NYSE,False,True,76.0,r1000
UBS,UBS Group AG Registered Ordinary Shares,170378595719.0,Finance,Major Banks,2014.0,Switzerland,1610520.0,NYSE,False,False,,
BBVA,Banco Bilbao Vizcaya Argentaria S.A. Common Stock,166473527292.0,Finance,Commercial Banks,,Spain,842180.0,NYSE,False,False,,
PFE,Pfizer Inc. Common Stock,165404527553.0,Health Care,Biotechnology: Pharmaceutical Preparations,,United States,78003.0,NYSE,True,True,77.0,r1000
BA,Boeing Company (The) Common Stock,165084586077.0,Industrials,Aerospace,,United States,12927.0,NYSE,True,True,78.0,r1000
COP,ConocoPhillips Common Stock,164823502119.0,Energy,Integrated oil Companies,,United States,1163165.0,NYSE,True,True,79.0,r1000
WDC,Western Digital Corporation Common Stock,161846829762.0,Technology,Electronic Components,,United States,106040.0,Nasdaq,True,True,80.0,r1000
UBER,Uber Technologies Inc. Common Stock,156153721250.0,Consumer Discretionary,Business Services,2019.0,United States,1543151.0,NYSE,True,True,81.0,r1000
BUD,Anheuser-Busch Inbev SA Sponsored ADR (Belgium),155837953927.0,Consumer Staples,Beverages (Production/Distribution),,Belgium,1668717.0,NYSE,False,False,,
ETN,Eaton Corporation PLC Ordinary Shares,151806140000.0,Technology,Industrial Machinery/Components,,Ireland,1551182.0,NYSE,True,False,,
BKNG,Booking Holdings Inc. Common Stock,149975547800.0,Consumer Discretionary,Transportation Services,,United States,1075531.0,Nasdaq,True,True,82.0,r1000
DHR,Danaher Corporation Common Stock,147563802595.0,Industrials,Industrial Machinery/Components,,United States,313616.0,NYSE,True,True,83.0,r1000
SONY,Sony Group Corporation American Depositary Shares ,145623960836.0,Consumer Staples,Consumer Electronics/Appliances,,Japan,313838.0,NYSE,False,False,,
TJX,TJX Companies Inc. (The) Common Stock,144437593950.0,Consumer Discretionary,Clothing/Shoe/Accessory Stores,,United States,109198.0,NYSE,True,True,84.0,r1000
NOW,ServiceNow Inc. Common Stock,141368480000.0,Technology,Computer Software: Prepackaged Software,2012.0,United States,1373715.0,NYSE,True,True,85.0,r1000
VRTX,Vertex Pharmaceuticals Incorporated Common Stock,141114369437.0,Health Care,Biotechnology: Pharmaceutical Preparations,1991.0,United States,875320.0,Nasdaq,True,True,86.0,r1000
UL,Unilever PLC American Depositary Shares (each representing One Ordinary Share),141098702799.0,Consumer Discretionary,Package Goods/Cosmetics,2025.0,United Kingdom,217410.0,NYSE,False,False,,
BMY,Bristol-Myers Squibb Company Common Stock,138210073625.0,Health Care,Biotechnology: Pharmaceutical Preparations,,United States,14272.0,NYSE,True,True,87.0,r1000
MFG,Mizuho Financial Group Inc. Sponosred ADR (Japan),137813119678.0,Finance,Major Banks,,Japan,1335730.0,NYSE,False,False,,
PBR,Petroleo Brasileiro S.A. Petrobras ADS,134429482708.0,Energy,Oil & Gas Production,,Brazil,1119639.0,NYSE,False,False,,
COF,Capital One Financial Corporation Common Stock,132880815478.0,Finance,Major Banks,1994.0,United States,927628.0,NYSE,True,True,88.0,r1000
NEM,Newmont Corporation,131880124638.0,Basic Materials,Precious Metals,,United States,1164727.0,NYSE,True,True,89.0,r1000
ISRG,Intuitive Surgical Inc. Common Stock,131377036771.0,Health Care,Industrial Specialties,2000.0,United States,1035267.0,Nasdaq,True,True,90.0,r1000
CB,Chubb Limited  Common Stock,130948188142.0,Finance,Property-Casualty Insurers,,Switzerland,896159.0,NYSE,True,False,,
MNST,Monster Beverage Corporation,130531749586.0,Consumer Staples,Beverages (Production/Distribution),,United States,865752.0,Nasdaq,True,True,91.0,r1000
PLD,Prologis Inc. Common Stock,129497700840.0,Real Estate,Real Estate Investment Trusts,,United States,1045609.0,NYSE,True,True,92.0,r1000
RIO,Rio Tinto Plc Common Stock,129057964506.0,Basic Materials,Metal Mining,2002.0,Australia,863064.0,NYSE,False,False,,
PGR,Progressive Corporation (The) Common Stock,128704082443.0,Finance,Property-Casualty Insurers,,United States,80661.0,NYSE,True,True,93.0,r1000
SPGI,S&P Global Inc. Common Stock,127268108000.0,Finance,Finance: Consumer Services,,United States,64040.0,NYSE,True,True,94.0,r1000
ACN,Accenture plc Class A Ordinary Shares (Ireland),125278316213.0,Consumer Discretionary,Business Services,2001.0,Ireland,1467373.0,NYSE,True,False,,
CVS,CVS Health Corporation Common Stock,124354288978.0,Consumer Staples,Retail-Drug Stores and Proprietary Stores,,United States,64803.0,NYSE,True,True,95.0,r1000
GLW,Corning Incorporated Common Stock,124151900147.0,Industrials,Telecommunications Equipment,,United States,24741.0,NYSE,True,True,96.0,r1000
LMT,Lockheed Martin Corporation Common Stock,122676824757.0,Industrials,Military/Government/Technical,,United States,936468.0,NYSE,True,True,97.0,r1000
SMFG,Sumitomo Mitsui Financial Group Inc Unsponsored American Depositary Shares (Japan),121879268580.0,Finance,Commercial Banks,,Japan,1022837.0,NYSE,False,False,,
SBUX,Starbucks Corporation Common Stock,121660800000.0,Consumer Discretionary,Restaurants,1992.0,United States,829224.0,Nasdaq,True,True,98.0,r1000
BTI,British American Tobacco  Industries p.l.c. Common Stock ADR,120707021144.0,Health Care, Medicinal Chemicals and Botanical Products ,1998.0,United Kingdom,1303523.0,NYSE,False,False,,
BMO,Bank Of Montreal Common Stock,120480840502.0,Finance,Commercial Banks,,Canada,927971.0,NYSE,False,False,,
SYK,Stryker Corporation Common Stock,119747669231.0,Health Care,Medical/Dental Instruments,,United States,310764.0,NYSE,True,True,99.0,r1000
PH,Parker-Hannifin Corporation Common Stock,119666946119.0,Industrials,Metal Fabrications,,United States,76334.0,NYSE,True,True,100.0,r1000
HDB,HDFC Bank Limited Common Stock,119093359631.0,Finance,Commercial Banks,2001.0,India,1144967.0,NYSE,False,False,,
MDT,Medtronic plc. Ordinary Shares,117988635767.0,Health Care,Biotechnology: Electromedical & Electrotherapeutic Apparatus,,United States,1613103.0,NYSE,True,True,101.0,r1000
PDD,PDD Holdings Inc. American Depositary Shares,117074359000.0,Consumer Discretionary,Business Services,2018.0,China,1737806.0,Nasdaq,False,False,,
MO,Altria Group Inc.,116147387493.0,Health Care, Medicinal Chemicals and Botanical Products ,,United States,764180.0,NYSE,True,True,102.0,r1000
SPOT,Spotify Technology S.A. Ordinary Shares,115134482303.0,Consumer Discretionary,Broadcasting,2018.0,Luxembourg,1639920.0,NYSE,False,False,,
BP,BP p.l.c. Common Stock,115005682516.0,Energy,Integrated oil Companies,,United Kingdom,313807.0,NYSE,False,False,,
BNS,Bank Nova Scotia Halifax Pfd 3 Ordinary Shares,114471528562.0,Finance,Major Banks,,Canada,9631.0,NYSE,False,False,,
FTNT,Fortinet Inc. Common Stock,113388107935.0,Technology,Computer peripheral equipment,2009.0,United States,1262039.0,Nasdaq,True,True,103.0,r1000
LOW,Lowe's Companies Inc. Common Stock,112121035157.0,Consumer Discretionary,RETAIL: Building Materials,,United States,60667.0,NYSE,True,True,104.0,r1000
ADP,Automatic Data Processing Inc. Common Stock,111694391135.0,Technology,EDP Services,,United States,8670.0,Nasdaq,True,True,105.0,r1000
ADBE,Adobe Inc. Common Stock,111216525000.0,Technology,Computer Software: Prepackaged Software,1986.0,United States,796343.0,Nasdaq,True,True,106.0,r1000
BNY,The Bank of New York Mellon Corporation Common Stock,109944811170.0,Finance,Major Banks,,United States,1390777.0,NYSE,True,True,107.0,r1000
ENB,Enbridge Inc Common Stock,109856810299.0,Energy,Natural Gas Distribution,,Canada,895728.0,NYSE,False,False,,
ABNB,Airbnb Inc. Class A Common Stock,109733464083.0,Consumer Discretionary,Diversified Commercial Services,2020.0,United States,1559720.0,Nasdaq,True,True,108.0,r1000
IBN,ICICI Bank Limited Common Stock,109478121195.0,Finance,Commercial Banks,,India,1103838.0,NYSE,False,False,,
EQNR,Equinor ASA,108961811487.0,Energy,Integrated oil Companies,,Norway,1140625.0,NYSE,False,False,,
MPC,Marathon Petroleum Corporation Common Stock,108679183281.0,Energy,Integrated oil Companies,,United States,1510295.0,NYSE,True,True,109.0,r1000
SNY,Sanofi ADS,108455845918.0,Health Care,Biotechnology: Pharmaceutical Preparations,,France,1121404.0,Nasdaq,False,False,,
MCK,McKesson Corporation Common Stock,107820435895.0,Health Care,Other Pharmaceuticals,,United States,927653.0,NYSE,True,True,110.0,r1000
CNQ,Canadian Natural Resources Limited Common Stock,107186600400.0,Energy,Oil & Gas Production,,Canada,1017413.0,NYSE,False,False,,
APP,Applovin Corporation Class A Common Stock,106770401550.0,Technology,Computer Software: Programming Data Processing,2021.0,United States,1751008.0,Nasdaq,True,True,111.0,r1000
FCX,Freeport-McMoRan Inc. Common Stock,106164775475.0,Basic Materials,Metal Mining,,United States,831259.0,NYSE,True,True,112.0,r1000
SNOW,Snowflake Inc. Common Stock,106004144000.0,Technology,Computer Software: Prepackaged Software,2020.0,United States,1640147.0,NYSE,False,True,113.0,r1000
ING,ING Group N.V. Common Stock,105561658713.0,Finance,Commercial Banks,1997.0,Netherlands,1039765.0,NYSE,False,False,,
VLO,Valero Energy Corporation Common Stock,105407364197.0,Energy,Integrated oil Companies,,United States,1035002.0,NYSE,True,True,114.0,r1000
CM,Canadian Imperial Bank of Commerce Common Stock,105014206921.0,Finance,Commercial Banks,,Canada,1045520.0,NYSE,False,False,,
CEG,Constellation Energy Corporation Common Stock ,102763312205.0,Utilities,Electric Utilities: Central,,United States,1868275.0,Nasdaq,True,True,115.0,r1000
BX,Blackstone Inc. Common Stock,102700528097.0,Finance,Investment Managers,2007.0,United States,1393818.0,NYSE,True,True,116.0,r1000
PSX,Phillips 66 Common Stock,102185266378.0,Energy,Integrated oil Companies,,United States,1534701.0,NYSE,True,True,117.0,r1000
GSK,GSK plc American Depositary Shares (Each representing two Ordinary Shares),102147459044.0,Health Care,Biotechnology: Pharmaceutical Preparations,2022.0,United Kingdom,1131399.0,NYSE,False,False,,
MELI,MercadoLibre Inc. Common Stock,101727188957.0,Consumer Discretionary,Business Services,2007.0,Argentina,1099590.0,Nasdaq,False,False,,
SO,Southern Company (The) Common Stock,101588553527.0,Utilities,Electric Utilities: Central,,United States,92122.0,NYSE,True,True,118.0,r1000
HWM,Howmet Aerospace Inc. Common Stock,100880801891.0,Industrials,Metal Fabrications,,United States,4281.0,NYSE,True,True,119.0,r1000
EQIX,Equinix Inc. Common Stock REIT,100570129239.0,Real Estate,Real Estate Investment Trusts,2000.0,United States,1101239.0,Nasdaq,True,True,120.0,r1000
CME,CME Group Inc. Class A Common Stock,99880331884.0,Finance,Investment Bankers/Brokers/Service,2002.0,United States,1156375.0,Nasdaq,True,True,121.0,r1000
AEM,Agnico Eagle Mines Limited Common Stock,99816945867.0,Basic Materials,Precious Metals,,Canada,2809.0,NYSE,False,False,,
VRT,Vertiv Holdings LLC Class A Common Stock,98826464009.0,Technology,Industrial Machinery/Components,2018.0,United States,1674101.0,NYSE,True,True,122.0,r1000
GD,General Dynamics Corporation Common Stock,98501757984.0,Industrials,Marine Transportation,,United States,40533.0,NYSE,True,True,123.0,r1000
DASH,DoorDash Inc. Class A Common Stock,98029325267.0,Consumer Discretionary,Business Services,,United States,1792789.0,Nasdaq,True,True,124.0,r1000
USB,U.S. Bancorp Common Stock,97798889265.0,Finance,Major Banks,,United States,36104.0,NYSE,True,True,125.0,r1000
BN,Brookfield Corporation Class A Limited Voting Shares,97319269197.0,Real Estate,Building operators,1925.0,Canada,1001085.0,NYSE,False,False,,
NET,Cloudflare Inc. Class A Common Stock,97117181469.0,Technology,Computer Software: Prepackaged Software,2019.0,United States,1477333.0,NYSE,False,True,126.0,r1000
PNC,PNC Financial Services Group Inc. (The) Common Stock,96727881501.0,Finance,Major Banks,,United States,713676.0,NYSE,True,True,127.0,r1000
RACE,Ferrari N.V. Common Shares,96672899785.0,Industrials,Auto Manufacturing,2015.0,Italy,1648416.0,NYSE,False,False,,
TT,Trane Technologies plc,96594575167.0,Industrials,Auto Parts:O.E.M.,,Ireland,1466258.0,NYSE,True,False,,
HOOD,Robinhood Markets Inc. Class A Common Stock,96192812388.0,Finance,Investment Bankers/Brokers/Service,2021.0,United States,1783879.0,Nasdaq,True,True,128.0,r1000
KKR,KKR & Co. Inc. Common Stock,95535357014.0,Finance,Investment Managers,,United States,1404912.0,NYSE,True,True,129.0,r1000
DUK,Duke Energy Corporation (Holding Company) Common Stock,94000896388.0,Utilities,Power Generation,,United States,1326160.0,NYSE,True,True,130.0,r1000
INTU,Intuit Inc. Common Stock,93806778780.0,Technology,Computer Software: Prepackaged Software,1993.0,United States,896878.0,Nasdaq,True,True,131.0,r1000
WMB,Williams Companies Inc. (The) Common Stock,91933267196.0,Utilities,Natural Gas Distribution,,United States,107263.0,NYSE,True,True,132.0,r1000
BCS,Barclays PLC Common Stock,91084903543.0,Finance,Commercial Banks,,United Kingdom,312069.0,NYSE,False,False,,
CSX,CSX Corporation Common Stock,90122904712.0,Industrials,Railroads,,United States,277948.0,Nasdaq,True,True,133.0,r1000
PWR,Quanta Services Inc. Common Stock,89986082418.0,Industrials,Engineering & Construction,,United States,1050915.0,NYSE,True,True,134.0,r1000
MRSH,Marsh Common Stock,89639364581.0,Finance,Specialty Insurers,,United States,62709.0,NYSE,True,True,135.0,r1000
ITUB,Itau Unibanco Banco Holding SA American Depositary Shares (Each repstg 500 Preferred shares),89094318202.0,Finance,Major Banks,,Brazil,1132597.0,NYSE,False,False,,
LYG,Lloyds Banking Group Plc American Depositary Shares,88629663206.0,Finance,Commercial Banks,,United Kingdom,1160106.0,NYSE,False,False,,
ICE,Intercontinental Exchange Inc. Common Stock,88616119773.0,Finance,Investment Bankers/Brokers/Service,2005.0,United States,1571949.0,NYSE,True,True,136.0,r1000
ELV,Elevance Health Inc. Common Stock,88014232654.0,Health Care,Medical Specialities,,United States,1156039.0,NYSE,True,True,137.0,r1000
REGN,Regeneron Pharmaceuticals Inc. Common Stock,87720738426.0,Health Care,Biotechnology: Pharmaceutical Preparations,1991.0,United States,872589.0,Nasdaq,True,True,138.0,r1000
UPS,United Parcel Service Inc. Common Stock,87639010762.0,Industrials,Trucking Freight/Courier Services,1999.0,United States,1090727.0,NYSE,True,True,139.0,r1000
WM,Waste Management Inc. Common Stock,87553613903.0,Utilities,Environmental Services,,United States,823768.0,NYSE,True,True,140.0,r1000
HCA,HCA Healthcare Inc. Common Stock,87046593090.0,Health Care,Hospital/Nursing Management,2011.0,United States,860730.0,NYSE,True,True,141.0,r1000
MMM,3M Company Common Stock,87028157869.0,Health Care,Medical/Dental Instruments,,United States,66740.0,NYSE,True,True,142.0,r1000
MAR,Marriott International Class A Common Stock,86871681184.0,Consumer Discretionary,Hotels/Resorts,,United States,1048286.0,Nasdaq,True,True,143.0,r1000
E,ENI S.p.A. Common Stock,86866450972.0,Energy,Oil & Gas Production,,Italy,1002242.0,NYSE,False,False,,
SLB,SLB Limited Common Shares,86273246018.0,Energy,Oilfield Services/Equipment,,France,87347.0,NYSE,True,False,,
EPD,Enterprise Products Partners L.P. Common Stock,84997021372.0,Utilities,Natural Gas Distribution,,United States,1061219.0,NYSE,False,True,144.0,r1000
MCO,Moody's Corporation Common Stock,84868000000.0,Finance,Finance: Consumer Services,,United States,1059556.0,NYSE,True,True,145.0,r1000
CDNS,Cadence Design Systems Inc. Common Stock,84454771310.0,Technology,Computer Software: Prepackaged Software,,United States,813672.0,Nasdaq,True,True,146.0,r1000
JCI,Johnson Controls International plc Ordinary Share,84349499698.0,Industrials,Industrial Machinery/Components,,Switzerland,833444.0,NYSE,True,False,,
EMR,Emerson Electric Company Common Stock,83101044000.0,Technology,Consumer Electronics/Appliances,,United States,32604.0,NYSE,True,True,147.0,r1000
ASX,ASE Technology Holding Co. Ltd. American Depositary Shares (each representing Two Common Shares) ,82573407170.0,Technology,Semiconductors,2018.0,Taiwan,1122411.0,NYSE,False,False,,
NGG,National Grid Transco PLC National Grid PLC (NEW) American Depositary Shares,81949871120.0,Utilities,Natural Gas Distribution,,United Kingdom,1004315.0,NYSE,False,False,,
CVNA,Carvana Co. Class A Common Stock,81610393183.0,Consumer Discretionary,Retail-Auto Dealers and Gas Stations,2017.0,United States,1690820.0,NYSE,True,True,148.0,r1000
AMT,American Tower Corporation (REIT) Common Stock,80573811500.0,Real Estate,Real Estate Investment Trusts,,United States,1053507.0,NYSE,True,True,149.0,r1000
SHW,Sherwin-Williams Company (The) Common Stock,80413637519.0,Consumer Discretionary,RETAIL: Building Materials,,United States,89800.0,NYSE,True,True,150.0,r1000
SU,Suncor Energy  Inc. Common Stock,79990969165.0,Energy,Integrated oil Companies,,Canada,311337.0,NYSE,False,False,,
CP,Canadian Pacific Kansas City Limited Common Shares,79893309337.0,Industrials,Railroads,,Canada,16875.0,NYSE,False,False,,
SNPS,Synopsys Inc. Common Stock,79715095637.0,Technology,Computer Software: Prepackaged Software,1992.0,United States,883241.0,Nasdaq,True,True,151.0,r1000
MDLZ,Mondelez International Inc. Class A Common Stock,79705438160.0,Consumer Staples,Packaged Foods,,United States,1103982.0,Nasdaq,True,True,152.0,r1000
BAM,Brookfield Asset Management Inc Class A Limited Voting Shares,79334762684.0,Real Estate,Building operators,2022.0,,1937926.0,NYSE,False,False,,
CTAS,Cintas Corporation Common Stock,79269588338.0,Industrials,Garments and Clothing,1983.0,United States,723254.0,Nasdaq,True,True,153.0,r1000
MSI,Motorola Solutions Inc. Common Stock,79258284949.0,Technology,Radio And Television Broadcasting And Communications Equipment,,United States,68505.0,NYSE,True,True,154.0,r1000
ECL,Ecolab Inc. Common Stock,78463975980.0,Consumer Discretionary,Package Goods/Cosmetics,,United States,31462.0,NYSE,True,True,155.0,r1000
EOG,EOG Resources Inc. Common Stock,78133866057.0,Energy,Oil & Gas Production,,United States,821189.0,NYSE,True,True,156.0,r1000
APO,Apollo Global Management Inc. (New) Common Stock,78122954504.0,Finance,Investment Managers,,United States,1858681.0,NYSE,True,True,157.0,r1000
LITE,Lumentum Holdings Inc. Common Stock,78091026000.0,Telecommunications,Telecommunications Equipment,,United States,1633978.0,Nasdaq,True,True,158.0,r1000
ITW,Illinois Tool Works Inc. Common Stock,76636832000.0,Industrials,Industrial Machinery/Components,,United States,49826.0,NYSE,True,True,159.0,r1000
NWG,NatWest Group plc American Depositary Shares (each representing two (2) Ordinary Shares),76470353141.0,Finance,Commercial Banks,2022.0,United Kingdom,844150.0,NYSE,False,False,,
TRV,The Travelers Companies Inc. Common Stock,76376001556.0,Finance,Property-Casualty Insurers,,United States,86312.0,NYSE,True,True,160.0,r1000
NTES,NetEase Inc. American Depositary Shares,76233974064.0,Technology,Computer Software: Prepackaged Software,,China,1110646.0,Nasdaq,False,False,,
DB,Deutsche Bank AG Common Stock,76196700000.0,Finance,Major Banks,,Germany,1159508.0,NYSE,False,False,,
CMI,Cummins Inc. Common Stock,75839365888.0,Industrials,Industrial Machinery/Components,,United States,26172.0,NYSE,True,True,161.0,r1000
DDOG,Datadog Inc. Class A Common Stock,75129267272.0,Technology,Computer Software: Prepackaged Software,2019.0,United States,1561550.0,Nasdaq,True,True,162.0,r1000
FDX,FedEx Corporation Common Stock,74915659495.0,Consumer Discretionary,Air Freight/Delivery Services,,United States,1048911.0,NYSE,True,True,163.0,r1000
NU,Nu Holdings Ltd. Class A Ordinary Shares,74777373933.0,Finance,Finance: Consumer Services,2021.0,Cayman Islands,1691493.0,NYSE,False,False,,
CI,The Cigna Group Common Stock,74737779060.0,Health Care,Medical Specialities,,United States,1739940.0,NYSE,True,True,164.0,r1000
GM,General Motors Company Common Stock,74469312285.0,Industrials,Auto Manufacturing,2010.0,United States,1467858.0,NYSE,True,True,165.0,r1000
NOC,Northrop Grumman Corporation Common Stock,74415454279.0,Industrials,Industrial Machinery/Components,,United States,1133421.0,NYSE,True,True,166.0,r1000
TGT,Target Corporation Common Stock,74213914793.0,Consumer Discretionary,Department/Specialty Retail Stores,,United States,27419.0,NYSE,True,True,167.0,r1000
ET,Energy Transfer LP Common Units ,74168673406.0,Utilities,Natural Gas Distribution,,United States,1276187.0,NYSE,False,True,168.0,r1000
NSC,Norfolk Southern Corporation Common Stock,74134239592.0,Industrials,Railroads,,United States,702165.0,NYSE,True,True,169.0,r1000
ROST,Ross Stores Inc. Common Stock,74052311395.0,Consumer Discretionary,Clothing/Shoe/Accessory Stores,1985.0,United States,745732.0,Nasdaq,True,True,170.0,r1000
CNI,Canadian National Railway Company Common Stock,73367945000.0,Industrials,Railroads,,Canada,16868.0,NYSE,False,False,,
B,Barrick Mining Corporation Common Shares,72632879410.0,Basic Materials,Precious Metals,,Canada,756894.0,NYSE,False,False,,
MFC,Manulife Financial Corporation Common Stock,72246270351.0,Finance,Life Insurance,,Canada,1086888.0,NYSE,False,False,,
CL,Colgate-Palmolive Company Common Stock,71825271893.0,Consumer Discretionary,Package Goods/Cosmetics,,United States,21665.0,NYSE,True,True,171.0,r1000
WBD,Warner Bros. Discovery Inc. Series A Common Stock ,71278867084.0,Telecommunications,Cable & Other Pay Television Services,,United States,1437107.0,Nasdaq,True,True,172.0,r1000
KMI,Kinder Morgan Inc. Common Stock,71190862785.0,Utilities,Natural Gas Distribution,2011.0,United States,1506307.0,NYSE,True,True,173.0,r1000
RCL,Royal Caribbean Cruises Ltd. Common Stock,71035273510.0,Consumer Discretionary,Marine Transportation,1993.0,United States,884887.0,NYSE,True,True,174.0,r1000
ORLY,O'Reilly Automotive Inc. Common Stock,70355320080.0,Consumer Discretionary,Auto & Home Supply Stores,1993.0,United States,898173.0,Nasdaq,True,True,175.0,r1000
AON,Aon plc Class A Ordinary Shares (Ireland),70188063602.0,Finance,Specialty Insurers,,United States,315293.0,NYSE,True,True,176.0,r1000
HLT,Hilton Worldwide Holdings Inc. Common Stock ,70109970114.0,Consumer Discretionary,Hotels/Resorts,2016.0,United States,1585689.0,NYSE,True,True,177.0,r1000
BSX,Boston Scientific Corporation Common Stock,70099232173.0,Health Care,Medical/Dental Instruments,,United States,885725.0,NYSE,True,True,178.0,r1000
SE,Sea Limited American Depositary Shares each representing one Class A Ordinary Share,69094378927.0,Consumer Discretionary,Other Consumer Services,2017.0,United States,1703399.0,NYSE,False,True,179.0,r1000
APD,Air Products and Chemicals Inc. Common Stock,68910037259.0,Basic Materials,Major Chemicals,,United States,2969.0,NYSE,True,True,180.0,r1000
AMX,America Movil S.A.B. de C.V. American Depositary Shares (each representing the right to receive twenty (20) Series B Shares,68863080000.0,Telecommunications,Telecommunications Equipment,2023.0,Mexico,1129137.0,NYSE,False,False,,
HPE,Hewlett Packard Enterprise Company Common Stock,68633468493.0,Technology,Retail: Computer Software & Peripheral Equipment,2015.0,United States,1645590.0,NYSE,True,True,181.0,r1000
WPM,Wheaton Precious Metals Corp Common Shares (Canada),68537280771.0,Basic Materials,Precious Metals,,Canada,1323404.0,NYSE,False,False,,
RSG,Republic Services Inc. Common Stock,68138511865.0,Utilities,Environmental Services,1998.0,United States,1060391.0,NYSE,True,True,182.0,r1000
SPG,Simon Property Group Inc. Common Stock,68010528453.0,Real Estate,Real Estate Investment Trusts,,United States,1063761.0,NYSE,True,True,183.0,r1000
DLR,Digital Realty Trust Inc. Common Stock,67997847702.0,Real Estate,Real Estate Investment Trusts,2004.0,United States,1297996.0,NYSE,True,True,184.0,r1000
AJG,Arthur J. Gallagher & Co. Common Stock,67781098000.0,Finance,Specialty Insurers,,United States,354190.0,NYSE,True,True,185.0,r1000
AEP,American Electric Power Company Inc. Common Stock,67271180787.0,Utilities,Electric Utilities: Central,,United States,4904.0,Nasdaq,True,True,186.0,r1000
VALE,VALE S.A.  American Depositary Shares Each Representing one common share,67159460773.0,Basic Materials,Metal Mining,,Brazil,917851.0,NYSE,False,False,,
BRKRP,Bruker Corporation 6.375% Mandatory Convertible Preferred Stock Series A,66357052897.0,Industrials,Biotechnology: Laboratory Analytical Instruments,,United States,1109354.0,Nasdaq,False,True,187.0,r1000
ALL,Allstate Corporation (The) Common Stock,65576180753.0,Finance,Property-Casualty Insurers,,United States,899051.0,NYSE,True,True,188.0,r1000
ARGX,argenx SE American Depositary Shares,65499310109.0,Health Care,Biotechnology: Biological Products (No Diagnostic Substances),2017.0,Netherlands,1697862.0,Nasdaq,False,False,,
HON,Honeywell International Inc. Common Stock,65311827861.0,Industrials,Aerospace,,United States,773840.0,Nasdaq,True,True,189.0,r1000
IMO,Imperial Oil Limited Common Stock,64530649920.0,Energy,Integrated oil Companies,1929.0,Canada,49938.0,NYSE,False,False,,
PCAR,PACCAR Inc. Common Stock,64284951710.0,Industrials,Auto Manufacturing,,United States,75362.0,Nasdaq,True,True,190.0,r1000
COR,Cencora Inc. Common Stock,64186625219.0,Health Care,Other Pharmaceuticals,,United States,1140859.0,NYSE,True,True,191.0,r1000
BKR,Baker Hughes Company Class A Common Stock,64156525209.0,Consumer Discretionary,Oil and Gas Field Machinery,,United States,1701605.0,Nasdaq,True,True,192.0,r1000
RELX,RELX PLC PLC American Depositary Shares (Each representing One Ordinary Share),64112808949.0,Consumer Discretionary,Business Services,2015.0,United Kingdom,929869.0,NYSE,False,False,,
BE,Bloom Energy Corporation Class A Common Stock,63994901739.0,Energy,Industrial Machinery/Components,2018.0,United States,1664703.0,NYSE,False,True,193.0,r1000
TDG,Transdigm Group Incorporated Common Stock,63775290719.0,Industrials,Military/Government/Technical,2006.0,United States,1260221.0,NYSE,True,True,194.0,r1000
TRGP,Targa Resources Inc. Common Stock,62926927423.0,Utilities,Natural Gas Distribution,2010.0,United States,1389170.0,NYSE,True,True,195.0,r1000
TRP,TC Energy Corporation Common Stock,62490000000.0,Utilities,Natural Gas Distribution,,Canada,1232384.0,NYSE,False,False,,
TFC,Truist Financial Corporation Common Stock,62070826612.0,Finance,Major Banks,,United States,92230.0,NYSE,True,True,196.0,r1000
CRH,CRH PLC Ordinary Shares,62027685163.0,Industrials,Building Materials,,Ireland,849395.0,NYSE,True,False,,
CVE,Cenovus Energy Inc Common Stock,61518750000.0,Energy,Oil & Gas Production,,Canada,1475260.0,NYSE,False,False,,
MET,MetLife Inc. Common Stock,61272685301.0,Finance,Life Insurance,2000.0,United States,1099219.0,NYSE,True,True,197.0,r1000
LNG,Cheniere Energy Inc. Common Stock,61105195986.0,Utilities,Oil/Gas Transmission,2001.0,United States,3570.0,NYSE,False,True,198.0,r1000
URI,United Rentals Inc. Common Stock,60986435572.0,Consumer Discretionary,Diversified Commercial Services,1997.0,United States,1067701.0,NYSE,True,True,199.0,r1000
OXY,Occidental Petroleum Corporation Common Stock,60887912268.0,Energy,Oil & Gas Production,,United States,797468.0,NYSE,True,True,200.0,r1000
OKE,ONEOK Inc. Common Stock,60521791729.0,Utilities,Oil & Gas Production,,United States,1039684.0,NYSE,True,True,201.0,r1000
GWW,W.W. Grainger Inc. Common Stock,60517645329.0,Industrials,Office Equipment/Supplies/Services,,United States,277135.0,NYSE,True,True,202.0,r1000
MRNA,Moderna Inc. Common Stock,60208764420.0,Health Care,Biotechnology: Biological Products (No Diagnostic Substances),2018.0,United States,1682852.0,Nasdaq,True,True,203.0,r1000
CTVA,Corteva Inc. Common Stock ,60027624120.0,Consumer Staples,Farming/Seeds/Milling,2019.0,United States,1755672.0,NYSE,True,True,204.0,r1000
MPWR,Monolithic Power Systems Inc. Common Stock,59923008480.0,Technology,Semiconductors,2004.0,United States,1280452.0,Nasdaq,True,True,205.0,r1000
NUE,Nucor Corporation Common Stock,59888372194.0,Industrials,Steel/Iron Ore,,United States,73309.0,NYSE,True,True,206.0,r1000
MPLX,MPLX LP Common Units Representing Limited Partner Interests,59807498226.0,Energy,Natural Gas Distribution,2012.0,United States,1552000.0,NYSE,False,True,207.0,r1000
BMNP,BitMine Immersion Technologies Inc. 9.5% Series A Perpetual Preferred Stock,59236831891.0,Finance,Finance: Consumer Services,,,1829311.0,NYSE,False,False,,
AFL,AFLAC Incorporated Common Stock,58777488258.0,Finance,Accident &Health Insurance,,United States,4977.0,NYSE,True,True,208.0,r1000
TEL,TE Connectivity plc Ordinary Shares,58542469834.0,Technology,Electronic Components,,Ireland,1385157.0,NYSE,True,False,,
TAK,Takeda Pharmaceutical Company Limited American Depositary Shares (each representing 1/2 of a share of Common Stock),58235936125.0,Health Care,Biotechnology: Pharmaceutical Preparations,2018.0,Japan,1395064.0,NYSE,False,False,,
O,Realty Income Corporation Common Stock,58192409030.0,Real Estate,Real Estate Investment Trusts,,United States,726728.0,NYSE,True,True,209.0,r1000
D,Dominion Energy Inc. Common Stock,58092688931.0,Utilities,Electric Utilities: Central,,United States,715957.0,NYSE,True,True,210.0,r1000
NXPI,NXP Semiconductors N.V. Common Stock,57619513759.0,Technology,Semiconductors,2010.0,Netherlands,1413447.0,Nasdaq,True,False,,
MT,Arcelor Mittal NY Registry Shares NEW,57183382781.0,Industrials,Steel/Iron Ore,,Luxembourg,1243429.0,NYSE,False,False,,
CAH,Cardinal Health Inc. Common Stock,57095015467.0,Health Care,Other Pharmaceuticals,,United States,721371.0,NYSE,True,True,211.0,r1000
FANG,Diamondback Energy Inc. Common Stock,56962553887.0,Energy,Oil & Gas Production,2012.0,United States,1539838.0,Nasdaq,True,True,212.0,r1000
NKE,Nike Inc. Common Stock,56728990403.0,Consumer Discretionary,Shoe Manufacturing,,United States,320187.0,NYSE,True,True,213.0,r1000
NOK,Nokia Corporation Sponsored American Depositary Shares,56503638609.0,Technology,Radio And Television Broadcasting And Communications Equipment,1994.0,Finland,924613.0,NYSE,False,False,,
NBIS,Nebius Group N.V. Class A Ordinary Shares,55482931442.0,Technology,Computer Software: Programming Data Processing,2011.0,Netherlands,1513845.0,Nasdaq,False,False,,
F,Ford Motor Company Common Stock,55382754377.0,Industrials,Auto Manufacturing,,United States,37996.0,NYSE,True,True,214.0,r1000
FAST,Fastenal Company Common Stock,54999558674.0,Consumer Discretionary,RETAIL: Building Materials,1987.0,United States,815556.0,Nasdaq,True,True,215.0,r1000
KEYS,Keysight Technologies Inc. Common Stock,54956532441.0,Industrials,Industrial Machinery/Components,2014.0,United States,1601046.0,NYSE,True,True,216.0,r1000
FIX,Comfort Systems USA Inc. Common Stock,54907728503.0,Industrials,Engineering & Construction,1997.0,United States,1035983.0,NYSE,True,True,217.0,r1000
SRE,DBA Sempra Common Stock,54790310159.0,Utilities,Natural Gas Distribution,,United States,1032208.0,NYSE,True,True,218.0,r1000
AU,AngloGold Ashanti PLC Ordinary Shares,54537098874.0,Basic Materials,Precious Metals,,South Africa,1973832.0,NYSE,False,False,,
DVN,Devon Energy Corporation Common Stock,53933000000.0,Energy,Oil & Gas Production,1985.0,United States,1090012.0,NYSE,True,True,219.0,r1000
NDAQ,Nasdaq Inc. Common Stock,53505314048.0,Finance,Investment Bankers/Brokers/Service,,United States,1120193.0,Nasdaq,True,True,220.0,r1000
AME,AMETEK Inc.,53461429488.0,Industrials,Industrial Machinery/Components,,United States,1037868.0,NYSE,True,True,221.0,r1000
TER,Teradyne Inc. Common Stock,53409127015.0,Industrials,Electrical Products,,United States,97210.0,Nasdaq,True,True,222.0,r1000
GRMN,Garmin Ltd. Common Stock (Switzerland),53235014037.0,Industrials,Industrial Machinery/Components,2000.0,Switzerland,1121788.0,NYSE,True,False,,
PSA,Public Storage Common Stock,52919916308.0,Real Estate,Real Estate Investment Trusts,,United States,1393311.0,NYSE,True,True,223.0,r1000
COHR,Coherent Corp. Common Stock,52608374565.0,Technology,Electronic Components,,United States,820318.0,NYSE,True,True,224.0,r1000
EW,Edwards Lifesciences Corporation Common Stock,52348648000.0,Health Care,Industrial Specialties,,United States,1099800.0,NYSE,True,True,225.0,r1000
STT,State Street Corporation Common Stock,52204323421.0,Finance,Major Banks,,United States,93751.0,NYSE,True,True,226.0,r1000
DAL,Delta Air Lines Inc. Common Stock,51386663564.0,Consumer Discretionary,Air Freight/Delivery Services,,United States,27904.0,NYSE,True,True,227.0,r1000
VMRK,Vivmark Residential Common Shares of Beneficial Interest,51116625000.0,Real Estate,Real Estate Investment Trusts,,United States,906107.0,NYSE,True,True,228.0,r1000
BDX,Becton Dickinson and Company Common Stock,51077972736.0,Health Care,Medical/Dental Instruments,,United States,10795.0,NYSE,True,True,229.0,r1000
HBANL,Huntington Bancshares Incorporated Depositary Shares Each Representing a 1/40th Interest in a Share of 6.875% Series J Non-Cumulative Perpetual Preferred Stock,50975066060.0,Finance,Major Banks,,United States,49196.0,Nasdaq,False,True,230.0,r1000
DEO,Diageo plc Common Stock,50728810635.0,Consumer Staples,Beverages (Production/Distribution),,United Kingdom,835403.0,NYSE,False,False,,
ADSK,Autodesk Inc. Common Stock,50521570000.0,Technology,Computer Software: Prepackaged Software,,United States,769397.0,Nasdaq,True,True,231.0,r1000
UMC,United Microelectronics Corporation (NEW) Common Stock,50277096442.0,Technology,Semiconductors,,Taiwan,1033767.0,NYSE,False,False,,
CIEN,Ciena Corporation Common Stock,50132382856.0,Utilities,Telecommunications Equipment,1997.0,United States,936395.0,NYSE,True,True,232.0,r1000
FNV,Franco-Nevada Corporation,50091257195.0,Basic Materials,Precious Metals,,Canada,1456346.0,NYSE,False,False,,
ETR,Entergy Corporation Common Stock,49812912412.0,Utilities,Electric Utilities: Central,,United States,65984.0,NYSE,True,True,233.0,r1000
AMP,Ameriprise Financial Inc. Common Stock,49609705805.0,Finance,Investment Managers,,United States,820027.0,NYSE,True,True,234.0,r1000
XYZ,Block Inc. Class A Common Stock,49541555700.0,Technology,Computer Software: Prepackaged Software,2015.0,United States,1512673.0,NYSE,True,True,235.0,r1000
FITB,Fifth Third Bancorp Common Stock,49334955482.0,Finance,Major Banks,,United States,35527.0,NYSE,True,True,236.0,r1000
CCEP,Coca-Cola Europacific Partners plc Ordinary Shares,48930226629.0,Consumer Staples,Beverages (Production/Distribution),,United Kingdom,1650107.0,Nasdaq,False,False,,
CMG,Chipotle Mexican Grill Inc. Common Stock,48743901360.0,Consumer Discretionary,Restaurants,2006.0,United States,1058090.0,NYSE,True,True,237.0,r1000
LHX,L3Harris Technologies Inc. Common Stock,48659741307.0,Industrials,Industrial Machinery/Components,,United States,202058.0,NYSE,True,True,238.0,r1000
INFY,Infosys Limited American Depositary Shares,48554630289.0,Technology,EDP Services,,India,1067491.0,NYSE,False,False,,
WDAY,Workday Inc. Class A Common Stock,48409670000.0,Technology,EDP Services,,United States,1327811.0,Nasdaq,True,True,239.0,r1000
HONA,Honeywell Aerospace Inc. Common Stock ,48351138199.0,Industrials,Aerospace,,United States,2089271.0,Nasdaq,True,True,240.0,r1000
VST,Vistra Corp. Common Stock,48150225075.0,Utilities,Electric Utilities: Central,,United States,1692819.0,NYSE,True,True,241.0,r1000
HUM,Humana Inc. Common Stock,48148601099.0,Health Care,Medical Specialities,,United States,49071.0,NYSE,True,True,242.0,r1000
AZO,AutoZone Inc. Common Stock,47907080755.0,Consumer Discretionary,Auto & Home Supply Stores,,United States,866787.0,NYSE,True,True,243.0,r1000
MDLN,Medline Inc. Class A Common Stock,47723881960.0,Health Care,Medical/Dental Instruments,2025.0,United States,2046386.0,Nasdaq,False,True,244.0,r1000
ALAB,Astera Labs Inc. Common Stock,47557471560.0,Technology,Semiconductors,2024.0,United States,1736297.0,Nasdaq,False,True,245.0,r1000
EBAY,eBay Inc. Common Stock,47481500000.0,Consumer Discretionary,Business Services,1998.0,United States,1065088.0,Nasdaq,True,True,246.0,r1000
CARR,Carrier Global Corporation Common Stock ,47464636782.0,Industrials,Industrial Machinery/Components,2020.0,United States,1783180.0,NYSE,True,True,247.0,r1000
MSTR,Strategy Inc Common Stock Class A,47332770266.0,Technology,Computer Software: Prepackaged Software,1998.0,United States,1050446.0,Nasdaq,False,True,248.0,r1000
ROK,Rockwell Automation Inc. Common Stock,47331488648.0,Industrials,Industrial Machinery/Components,,United States,1024478.0,NYSE,True,True,249.0,r1000
WAB,Westinghouse Air Brake Technologies Corporation Common Stock,47262945218.0,Industrials,Railroads,,United States,943452.0,NYSE,True,True,250.0,r1000
VTR,Ventas Inc. Common Stock,47221841810.0,Real Estate,Real Estate Investment Trusts,,United States,740260.0,NYSE,True,True,251.0,r1000
TEAM,Atlassian Corporation Class A Common Stock,47195200669.0,Technology,Computer Software: Prepackaged Software,2015.0,Australia,1650372.0,Nasdaq,False,False,,
XEL,Xcel Energy Inc. Common Stock,47166136446.0,Utilities,Power Generation,,United States,72903.0,Nasdaq,True,True,252.0,r1000
ABEV,Ambev S.A. American Depositary Shares (Each representing 1 Common Share),47127299880.0,Consumer Staples,Beverages (Production/Distribution),2013.0,Brazil,1565025.0,NYSE,False,False,,
NTRA,Natera Inc. Common Stock,46870639038.0,Health Care,Medical Specialities,2015.0,United States,1604821.0,Nasdaq,False,True,253.0,r1000
PYPL,PayPal Holdings Inc. Common Stock,46768045982.0,Industrials,Diversified Commercial Services,,United States,1633917.0,Nasdaq,True,True,254.0,r1000
COIN,Coinbase Global Inc. Class A Common Stock,46160908048.0,Finance,Finance: Consumer Services,,United States,1679788.0,Nasdaq,True,True,255.0,r1000
TRI,Thomson Reuters Corporation Common Shares,45862884000.0,Consumer Discretionary,Publishing,,United States,1075124.0,Nasdaq,False,True,256.0,r1000
ARES,Ares Management Corporation Class A Common Stock,45598074236.0,Finance,Investment Managers,2014.0,United States,1176948.0,NYSE,True,True,257.0,r1000
VEEV,Veeva Systems Inc. Class A Common Stock,45451052372.0,Technology,Computer Software: Prepackaged Software,2013.0,United States,1393052.0,NYSE,True,True,258.0,r1000
EXC,Exelon Corporation Common Stock,45388206929.0,Utilities,Power Generation,,United States,1109357.0,Nasdaq,True,True,259.0,r1000
WDS,Woodside Energy Group Limited American Depositary Shares each representing one Ordinary Share,45303216408.0,Energy,Oil & Gas Production,2022.0,Australia,844551.0,NYSE,False,False,,
KB,KB Financial Group Inc,45271699903.0,Finance,Commercial Banks,,South Korea,1445930.0,NYSE,False,False,,
STM,STMicroelectronics N.V. Common Stock,45260967447.0,Technology,Semiconductors,,Switzerland,932787.0,NYSE,False,False,,
HEI,Heico Corporation Common Stock,45127666075.0,Industrials,Aerospace,2000.0,United States,46619.0,NYSE,False,True,260.0,r1000
IX,ORIX Corporation American Depositary Shares,44896818563.0,Finance,Diversified Financial Services,,Japan,1070304.0,NYSE,False,False,,
RVMD,Revolution Medicines Inc. Common Stock,44845608738.0,Health Care,Biotechnology: Biological Products (No Diagnostic Substances),2020.0,United States,1628171.0,Nasdaq,False,True,261.0,r1000
CRWV,CoreWeave Inc. Class A Common Stock,44635857200.0,Technology,Computer Software: Prepackaged Software,2025.0,United States,1769628.0,Nasdaq,False,True,262.0,r1000
KDP,Keurig Dr Pepper Inc. Common Stock,44349320578.0,Consumer Staples,Beverages (Production/Distribution),,United States,1418135.0,Nasdaq,True,True,263.0,r1000
SLF,Sun Life Financial Inc. Common Stock,44248477326.0,Finance,Life Insurance,,Canada,1097362.0,NYSE,False,False,,
HLN,Haleon plc American Depositary Shares (Each representing two Ordinary Shares),44131566233.0,Consumer Discretionary,Package Goods/Cosmetics,2022.0,United Kingdom,1900304.0,NYSE,False,False,,
PAYX,Paychex Inc. Common Stock,44104674640.0,Industrials,Diversified Commercial Services,1983.0,United States,723531.0,Nasdaq,True,True,264.0,r1000
BSBR,Banco Santander Brasil SA American Depositary Shares each representing one unit,44005356992.0,Finance,Commercial Banks,2009.0,Brazil,1471055.0,NYSE,False,False,,
CBRS,Cerebras Systems Inc. Class A Common Stock,43835316845.0,Technology,Semiconductors,2026.0,United States,2021728.0,Nasdaq,False,True,265.0,r1000
TEVA,Teva Pharmaceutical Industries Limited American Depositary Shares,43686950189.0,Health Care,Biotechnology: Pharmaceutical Preparations,,Israel,818686.0,NYSE,False,False,,
IQV,IQVIA Holdings Inc. Common Stock,43428064000.0,Health Care,Biotechnology: Commercial Physical & Biological Resarch,2013.0,United States,1478242.0,NYSE,True,True,266.0,r1000
FERG,Ferguson Enterprises Inc. Common Stock,42797544582.0,Miscellaneous,Miscellaneous,2021.0,United Kingdom,2011641.0,NYSE,True,False,,
A,Agilent Technologies Inc. Common Stock,42757372002.0,Industrials,Biotechnology: Laboratory Analytical Instruments,1999.0,United States,1090872.0,NYSE,True,True,267.0,r1000
IDXX,IDEXX Laboratories Inc. Common Stock,42462233713.0,Health Care,Biotechnology: In Vitro & In Vivo Diagnostic Substances,1991.0,United States,874716.0,Nasdaq,True,True,268.0,r1000
LYV,Live Nation Entertainment Inc. Common Stock,42317484917.0,Consumer Discretionary,Services-Misc. Amusement & Recreation,,United States,1335258.0,NYSE,True,True,269.0,r1000
HMC,Honda Motor Company Ltd. Common Stock,42091769846.0,Industrials,Auto Manufacturing,,Japan,715153.0,NYSE,False,False,,
CCJ,Cameco Corporation Common Stock,41976668420.0,Basic Materials,Other Metals and Minerals,1996.0,Canada,1009001.0,NYSE,False,False,,
WCN,Waste Connections Inc. Common Shares,41879874845.0,Utilities,Environmental Services,,Canada,1318220.0,NYSE,False,False,,
FER,Ferrovial N.V. Ordinary Shares,41613436376.0,Industrials,Military/Government/Technical,,Netherlands,1468522.0,Nasdaq,False,False,,
FMX,Fomento Economico Mexicano S.A.B. de C.V. Common Stock,41348509771.0,Consumer Staples,Beverages (Production/Distribution),,Mexico,1061736.0,NYSE,False,False,,
PRU,Prudential Financial Inc. Common Stock,41344800000.0,Finance,Life Insurance,2001.0,United States,1137774.0,NYSE,True,True,270.0,r1000
YUM,Yum! Brands Inc.,41281747128.0,Consumer Discretionary,Restaurants,,United States,1041061.0,NYSE,True,True,271.0,r1000
AXON,Axon Enterprise Inc. Common Stock,41185744657.0,Industrials,Ordnance And Accessories,2001.0,United States,1069183.0,Nasdaq,True,True,272.0,r1000
ADM,Archer-Daniels-Midland Company Common Stock,41149709197.0,Consumer Staples,Packaged Foods,,United States,7084.0,NYSE,True,True,273.0,r1000
CBRE,CBRE Group Inc Common Stock Class A,41137066834.0,Finance,Real Estate,,United States,1138118.0,NYSE,True,True,274.0,r1000
ONC,BeOne Medicines Ltd. American Depositary Shares,41135065061.0,Health Care,Biotechnology: Pharmaceutical Preparations,2016.0,Cayman Islands,1651308.0,Nasdaq,False,False,,
ROP,Roper Technologies Inc. Common Stock,41121994400.0,Industrials,Industrial Machinery/Components,1992.0,United States,882835.0,Nasdaq,True,True,275.0,r1000
MSCI,MSCI Inc. Common Stock,40757801000.0,Consumer Discretionary,Business Services,,United States,1408198.0,NYSE,True,True,276.0,r1000
SMCIP,Super Micro Computer Inc. Depositary Shares representing a 1/20th Interest in a Share of 7% Series A Mandatory Convertible Preferred Stock,40524048419.0,Technology,Computer Manufacturing,,United States,1375365.0,Nasdaq,False,True,277.0,r1000
WAT,Waters Corporation Common Stock,40497871354.0,Industrials,Biotechnology: Laboratory Analytical Instruments,1995.0,United States,1000697.0,NYSE,True,True,278.0,r1000
TTWO,Take-Two Interactive Software Inc. Common Stock,40413952950.0,Technology,Computer Software: Prepackaged Software,1997.0,United States,946581.0,Nasdaq,True,True,279.0,r1000
IBKR,Interactive Brokers Group Inc. Class A Common Stock,40378326600.0,Finance,Investment Bankers/Brokers/Service,2019.0,United States,1381197.0,Nasdaq,True,True,280.0,r1000
GFI,Gold Fields Limited American Depositary Shares,40204489175.0,Basic Materials,Precious Metals,,South Africa,1172724.0,NYSE,False,False,,
ED,Consolidated Edison Inc. Common Stock,39819448915.0,Utilities,Power Generation,,United States,1047862.0,NYSE,True,True,281.0,r1000
AIG,American International Group Inc. New Common Stock,39807856956.0,Finance,Property-Casualty Insurers,,United States,5272.0,NYSE,True,True,282.0,r1000
DHI,D.R. Horton Inc. Common Stock,39790302243.0,Consumer Discretionary,Homebuilding,,United States,882184.0,NYSE,True,True,283.0,r1000
MCHP,Microchip Technology Incorporated Common Stock,39509312357.0,Technology,Semiconductors,1993.0,United States,827054.0,Nasdaq,True,True,284.0,r1000
BTSGU,BrightSpring Health Services Inc. Tangible Equity Unit,39313646044.0,Health Care,Medical/Nursing Services,2024.0,United States,1865782.0,Nasdaq,False,True,285.0,r1000
SYY,Sysco Corporation Common Stock,39170890268.0,Consumer Discretionary,Food Distributors,,United States,96021.0,NYSE,True,True,286.0,r1000
FLEX,Flex Ltd. Ordinary Shares,39138245519.0,Technology,Electrical Products,1994.0,Singapore,866374.0,Nasdaq,True,False,,
ODFL,Old Dominion Freight Line Inc. Common Stock,38902175853.0,Industrials,Trucking Freight/Courier Services,1991.0,United States,878927.0,Nasdaq,True,True,287.0,r1000
NTR,Nutrien Ltd. Common Shares,38696747688.0,Industrials,Agricultural Chemicals,2004.0,Canada,1725964.0,NYSE,False,False,,
SHG,Shinhan Financial Group Co Ltd American Depositary Shares,38641611529.0,Finance,Major Banks,,South Korea,1263043.0,NYSE,False,False,,
BBD,Banco Bradesco Sa American Depositary Shares,38588920094.0,Finance,Major Banks,,Brazil,1160330.0,NYSE,False,False,,
RKT,Rocket Companies Inc. Class A Common Stock,38397071229.0,Finance,Finance: Consumer Services,2020.0,United States,1805284.0,NYSE,False,True,288.0,r1000
VIK,Viking Holdings Ltd Ordinary Shares,38230610705.0,Consumer Discretionary,Marine Transportation,2024.0,United States,1745201.0,NYSE,False,True,289.0,r1000
VOD,Vodafone Group Plc American Depositary Shares,38180726467.0,Telecommunications,Telecommunications Equipment,,United Kingdom,839923.0,Nasdaq,False,False,,
RKLB,Rocket Lab Corporation Common Stock,37762809531.0,Industrials,Military/Government/Technical,2020.0,United States,1819994.0,Nasdaq,False,True,290.0,r1000
JD,JD.com Inc. American Depositary Shares,37403520000.0,Consumer Discretionary,Other Specialty Stores,2014.0,China,1549802.0,Nasdaq,False,False,,
HIG,The Hartford Insurance Group Inc. Common Stock,37166347394.0,Finance,Property-Casualty Insurers,,United States,874766.0,NYSE,True,True,291.0,r1000
VG,Venture Global Inc. Class A common stock,36826367695.0,Utilities,Oil/Gas Transmission,2025.0,United States,2007855.0,NYSE,False,True,292.0,r1000
KVUE,Kenvue Inc. Common Stock,36744396424.0,Consumer Discretionary,Package Goods/Cosmetics,2023.0,United States,1944048.0,NYSE,True,True,293.0,r1000
EL,Estee Lauder Companies Inc. (The) Common Stock,36595925052.0,Consumer Discretionary,Package Goods/Cosmetics,1995.0,United States,1001250.0,NYSE,True,True,294.0,r1000
PEG,Public Service Enterprise Group Incorporated Common Stock,36544156600.0,Utilities,Power Generation,,United States,788784.0,NYSE,True,True,295.0,r1000
KMB,Kimberly-Clark Corporation Common Stock,36347563063.0,Consumer Discretionary,Containers/Packaging,,United States,55785.0,Nasdaq,True,True,296.0,r1000
RPRX,Royalty Pharma plc Class A Ordinary Shares ,36288325984.0,Health Care,Biotechnology: Pharmaceutical Preparations,2020.0,United States,1802768.0,Nasdaq,False,True,297.0,r1000
UI,Ubiquiti Inc. Common Stock,36218367339.0,Technology,Radio And Television Broadcasting And Communications Equipment,,United States,1511737.0,NYSE,False,True,298.0,r1000
KGC,Kinross Gold Corporation Common Stock,36133466000.0,Basic Materials,Precious Metals,2001.0,Canada,701818.0,NYSE,False,False,,
ALC,Alcon Inc. Ordinary Shares,36098328000.0,Health Care,Ophthalmic Goods,2019.0,Switzerland,1167379.0,NYSE,False,False,,
EC,Ecopetrol S.A. American Depositary Shares,35997666210.0,Energy,Oil & Gas Production,,Colombia,1444406.0,NYSE,False,False,,
TKO,TKO Group Holdings Inc. Class A Common Stock,35921498830.0,Consumer Discretionary,Services-Misc. Amusement & Recreation,2023.0,United States,1973266.0,NYSE,True,True,299.0,r1000
QSR,Restaurant Brands International Inc. Common Shares,35847116391.0,Consumer Discretionary,Restaurants,2014.0,Canada,1618756.0,NYSE,False,False,,
BAP,Credicorp Ltd. Common Stock,35823752241.0,Finance,Commercial Banks,,Peru,1001290.0,NYSE,False,False,,
ALNY,Alnylam Pharmaceuticals Inc. Common Stock,35780558153.0,Health Care,Biotechnology: Pharmaceutical Preparations,2004.0,United States,1178670.0,Nasdaq,False,True,300.0,r1000
PCG,Pacific Gas & Electric Co. Common Stock,35725872912.0,Utilities,Power Generation,,United States,1004980.0,NYSE,True,True,301.0,r1000
KR,Kroger Company (The) Common Stock,35668324758.0,Consumer Staples,Food Chains,,United States,56873.0,NYSE,True,True,302.0,r1000
HSY,The Hershey Company Common Stock,35650239322.0,Consumer Staples,Specialty Foods,,United States,47111.0,NYSE,True,True,303.0,r1000
STLD,Steel Dynamics Inc.,35493767712.0,Industrials,Steel/Iron Ore,1996.0,United States,1022671.0,Nasdaq,True,True,304.0,r1000
NTAP,NetApp Inc. Common Stock,35473268084.0,Technology,Electronic Components,1995.0,United States,1002047.0,Nasdaq,True,True,305.0,r1000
EXPE,Expedia Group Inc. Common Stock,35271604181.0,Consumer Discretionary,Transportation Services,,United States,1324424.0,Nasdaq,True,True,306.0,r1000
UAL,United Airlines Holdings Inc. Common Stock,35168651696.0,Consumer Discretionary,Air Freight/Delivery Services,,United States,100517.0,Nasdaq,True,True,307.0,r1000
EQT,EQT Corporation Common Stock,34872517000.0,Energy,Oil & Gas Production,,United States,33213.0,NYSE,True,True,308.0,r1000
PUK,Prudential Public Limited Company Common Stock,34866235636.0,Finance,Life Insurance,,United Kingdom,1116578.0,NYSE,False,False,,
TWLO,Twilio Inc. Class A Common Stock,34823181135.0,Technology,Computer Software: Prepackaged Software,2016.0,United States,1447669.0,NYSE,False,True,309.0,r1000
PPLC,PPL Corporation Corporate Units,34797673448.0,Utilities,Electric Utilities: Central,,United States,922224.0,NYSE,False,True,310.0,r1000
CQP,Cheniere Energy Partners LP Common Units,34474589679.0,Utilities,Oil/Gas Transmission,2007.0,United States,1383650.0,NYSE,False,True,311.0,r1000
WEC,WEC Energy Group Inc. Common Stock,34452055265.0,Utilities,Power Generation,,United States,783325.0,NYSE,True,True,312.0,r1000
VMC,Vulcan Materials Company (Holding Company) Common Stock,34199716584.0,Industrials,Mining & Quarrying of Nonmetallic Minerals (No Fuels),,United States,1396009.0,NYSE,True,True,313.0,r1000
MTB,M&T Bank Corporation Common Stock,34007141376.0,Finance,Major Banks,,United States,36270.0,NYSE,True,True,314.0,r1000
ERIC,Ericsson American Depositary Shares,33848371419.0,Technology,Radio And Television Broadcasting And Communications Equipment,,Sweden,717826.0,Nasdaq,False,False,,
RJF,Raymond James Financial Inc. Common Stock,33846043050.0,Finance,Investment Bankers/Brokers/Service,,United States,720005.0,NYSE,True,True,315.0,r1000
DXCM,DexCom Inc. Common Stock,33845487013.0,Health Care,Medical/Dental Instruments,2005.0,United States,1093557.0,Nasdaq,True,True,316.0,r1000
CHT,Chunghwa Telecom Co. Ltd.,33729377556.0,Telecommunications,Telecommunications Equipment,,Taiwan,1132924.0,NYSE,False,False,,
NTRS,Northern Trust Corporation Common Stock,33660181039.0,Finance,Major Banks,,United States,73124.0,Nasdaq,True,True,317.0,r1000
ACGL,Arch Capital Group Ltd. Common Stock,33512112464.0,Finance,Property-Casualty Insurers,,Bermuda,947484.0,Nasdaq,True,False,,
RMD,ResMed Inc. Common Stock,33303529886.0,Health Care,Medical/Dental Instruments,,United States,943819.0,NYSE,True,True,318.0,r1000
IRM,Iron Mountain Incorporated (Delaware)Common Stock REIT,33295082494.0,Real Estate,Real Estate Investment Trusts,,United States,1020569.0,NYSE,True,True,319.0,r1000
CNC,Centene Corporation Common Stock,33265623300.0,Health Care,Medical Specialities,,United States,1071739.0,NYSE,True,True,320.0,r1000
ESLT,Elbit Systems Ltd. Ordinary Shares,32984135284.0,Industrials,Military/Government/Technical,,Israel,1027664.0,Nasdaq,False,False,,
BIIB,Biogen Inc. Common Stock,32900382735.0,Health Care,Biotechnology: Biological Products (No Diagnostic Substances),,United States,875045.0,Nasdaq,True,True,321.0,r1000
CBOE,Cboe Global Markets Inc. Common Stock,32888130750.0,Finance,Investment Bankers/Brokers/Service,2010.0,,1374310.0,CBOE,True,False,,
TECK,Teck Resources Ltd Ordinary Shares,32833637608.0,Industrials,Mining & Quarrying of Nonmetallic Minerals (No Fuels),,Canada,886986.0,NYSE,False,False,,
CCL,Carnival Corporation Ltd. Common Shares,32515470085.0,Consumer Discretionary,Marine Transportation,1987.0,United States,815097.0,NYSE,True,True,322.0,r1000
EME,EMCOR Group Inc. Common Stock,32388135908.0,Industrials,Engineering & Construction,,United States,105634.0,NYSE,True,True,323.0,r1000
ILMN,Illumina Inc. Common Stock,32200750000.0,Health Care,Medical Specialities,2000.0,United States,1110803.0,Nasdaq,False,True,324.0,r1000
BIDU,Baidu Inc. ADS,32099435850.0,Technology,Computer Software: Programming Data Processing,2005.0,China,1329099.0,Nasdaq,False,False,,
CCI,Crown Castle Inc. Common Stock,32070830992.0,Real Estate,Real Estate Investment Trusts,,United States,1051470.0,NYSE,True,True,325.0,r1000
CLS,Celestica Inc. Common Stock,31936079931.0,Technology,Electrical Products,1998.0,Canada,1030894.0,NYSE,False,False,,
GEHC,GE HealthCare Technologies Inc. Common Stock ,31870981941.0,Health Care,Medical Electronics,,United States,1932393.0,Nasdaq,True,True,326.0,r1000
ZTS,Zoetis Inc. Class A Common Stock,31475241764.0,Health Care,Biotechnology: Pharmaceutical Preparations,2013.0,United States,1555280.0,NYSE,True,True,327.0,r1000
JBL,Jabil Inc. Common Stock,31372206576.0,Technology,Electrical Products,1993.0,United States,898293.0,NYSE,True,True,328.0,r1000
WTW,Willis Towers Watson Public Limited Company Ordinary Shares,31365639283.0,Finance,Specialty Insurers,,United Kingdom,1140536.0,Nasdaq,True,False,,
HAL,Halliburton Company Common Stock,31350695710.0,Energy,Oilfield Services/Equipment,,United States,45012.0,NYSE,True,True,329.0,r1000
FTI,TechnipFMC plc Ordinary Share,31243736792.0,Consumer Discretionary,Oil and Gas Field Machinery,,,1681459.0,NYSE,False,False,,
KHC,The Kraft Heinz Company Common Stock,31139731885.0,Consumer Staples,Packaged Foods,,United States,1637459.0,Nasdaq,True,True,330.0,r1000
MLM,Martin Marietta Materials Inc. Common Stock,31058243372.0,Industrials,Mining & Quarrying of Nonmetallic Minerals (No Fuels),1994.0,United States,916076.0,NYSE,True,True,331.0,r1000
CRDO,Credo Technology Group Holding Ltd Ordinary Shares,31050565517.0,Technology,Semiconductors,2022.0,United States,1807794.0,Nasdaq,False,True,332.0,r1000
AGNCN,AGNC Investment Corp. Depositary Shares Each Representing a 1/1000th Interest in a Share of 7.00% Series C Fixed-To-Floating Rate Cumulative Redeemable Preferred Stock,30727679106.0,Real Estate,Real Estate Investment Trusts,,United States,1423689.0,Nasdaq,False,True,333.0,r1000
P,Everpure Inc. Class A common stock,30724187865.0,Technology,Electronic Components,2015.0,United States,1474432.0,NYSE,False,True,334.0,r1000
RDDT,Reddit Inc. Class A Common Stock,30417888231.0,Technology,EDP Services,2024.0,United States,1713445.0,NYSE,True,True,335.0,r1000
MDB,MongoDB Inc. Class A Common Stock,30194145396.0,Technology,Computer Software: Prepackaged Software,2017.0,United States,1441816.0,Nasdaq,False,True,336.0,r1000
CPRT,Copart Inc. (DE) Common Stock,29774097261.0,Consumer Discretionary,Retail-Auto Dealers and Gas Stations,1994.0,United States,900075.0,Nasdaq,True,True,337.0,r1000
NMR,Nomura Holdings Inc ADR American Depositary Shares,29738706546.0,Finance,Investment Bankers/Brokers/Service,,Japan,1163653.0,NYSE,False,False,,
TS,Tenaris S.A. American Depositary Shares,29638629529.0,Industrials,Steel/Iron Ore,,Luxembourg,1190723.0,NYSE,False,False,,
EXR,Extra Space Storage Inc Common Stock,29562949251.0,Real Estate,Real Estate Investment Trusts,2004.0,United States,1289490.0,NYSE,True,True,338.0,r1000
RBLX,Roblox Corporation Class A Common Stock,29439432529.0,Technology,Computer Software: Prepackaged Software,2021.0,United States,1315098.0,NYSE,False,True,339.0,r1000
CFG,Citizens Financial Group Inc. Common Stock,29389716267.0,Finance,Major Banks,2014.0,United States,759944.0,NYSE,True,True,340.0,r1000
AEE,Ameren Corporation Common Stock,29314931848.0,Utilities,Power Generation,,United States,1002910.0,NYSE,True,True,341.0,r1000
SYF,Synchrony Financial Common Stock,29165591188.0,Finance,Finance: Consumer Services,2014.0,United States,1601712.0,NYSE,True,True,342.0,r1000
IR,Ingersoll Rand Inc. Common Stock,29099957175.0,Industrials,Industrial Machinery/Components,2017.0,United States,1699150.0,NYSE,True,True,343.0,r1000
DG,Dollar General Corporation Common Stock,28876531643.0,Consumer Discretionary,Department/Specialty Retail Stores,2009.0,United States,29534.0,NYSE,True,True,344.0,r1000
LVS,Las Vegas Sands Corp. Common Stock,28848610735.0,Consumer Discretionary,Hotels/Resorts,2004.0,United States,1300514.0,NYSE,True,True,345.0,r1000
HPQ,HP Inc. Common Stock,28848293098.0,Technology,Computer Manufacturing,,United States,47217.0,NYSE,True,True,346.0,r1000
CPNG,Coupang Inc. Class A Common Stock,28706261881.0,Consumer Discretionary,Catalog/Specialty Distribution,2021.0,United States,1834584.0,NYSE,False,True,347.0,r1000
RYAAY,Ryanair Holdings plc American Depositary Shares,28637642797.0,Consumer Discretionary,Air Freight/Delivery Services,1997.0,Ireland,1038683.0,Nasdaq,False,False,,
CTSH,Cognizant Technology Solutions Corporation Class A Common Stock,28558162851.0,Technology,EDP Services,1998.0,United States,1058290.0,Nasdaq,True,True,348.0,r1000
OKTA,Okta Inc. Class A Common Stock,28522034403.0,Technology,Computer Software: Prepackaged Software,2017.0,United States,1660134.0,Nasdaq,False,True,349.0,r1000
ATO,Atmos Energy Corporation Common Stock,28336000567.0,Utilities,Oil/Gas Transmission,,United States,731802.0,NYSE,True,True,350.0,r1000
FOXA,Fox Corporation Class A Common Stock,28334778060.0,Industrials,Broadcasting,,United States,1754301.0,Nasdaq,True,True,351.0,r1000
DTE,DTE Energy Company Common Stock,28310381787.0,Utilities,Electric Utilities: Central,,United States,936340.0,NYSE,True,True,352.0,r1000
PBA,Pembina Pipeline Corp. Ordinary Shares (Canada),28257757450.0,Energy,Oil & Gas Production,,Canada,1546066.0,NYSE,False,False,,
VICI,VICI Properties Inc. Common Stock,28198596363.0,Real Estate,Real Estate Investment Trusts,2018.0,United States,1705696.0,NYSE,True,True,353.0,r1000
ON,ON Semiconductor Corporation Common Stock,28163308464.0,Technology,Semiconductors,,United States,1097864.0,Nasdaq,True,True,354.0,r1000
BSP,Bending Spoons S.p.A. Ordinary Shares,28129974991.0,Technology,Computer Software: Programming Data Processing,2026.0,Italy,2004711.0,Nasdaq,False,False,,
FTS,Fortis Inc. Common Shares,28125045000.0,Utilities,Electric Utilities: Central,2016.0,United States,1666175.0,NYSE,False,True,355.0,r1000
TDY,Teledyne Technologies Incorporated Common Stock,28108225880.0,Industrials,Industrial Machinery/Components,,United States,1094285.0,NYSE,True,True,356.0,r1000
ZM,Zoom Communications Inc. Class A Common Stock,27970386536.0,Technology,Computer Software: Programming Data Processing,2019.0,United States,1585521.0,Nasdaq,False,True,357.0,r1000
LPLA,LPL Financial Holdings Inc. Common Stock,27961387179.0,Finance,Investment Bankers/Brokers/Service,2010.0,United States,1397911.0,Nasdaq,False,True,358.0,r1000
ZS,Zscaler Inc. Common Stock,27932086253.0,Technology,EDP Services,2018.0,United States,1713683.0,Nasdaq,False,True,359.0,r1000
CASY,Casey's General Stores Inc. Common Stock,27886533141.0,Consumer Discretionary,Retail-Auto Dealers and Gas Stations,1983.0,United States,726958.0,Nasdaq,True,True,360.0,r1000
AWK,American Water Works Company Inc. Common Stock,27720706676.0,Utilities,Water Supply,2008.0,United States,1410636.0,NYSE,True,True,361.0,r1000
INSM,Insmed Incorporated Common Stock,27653649725.0,Health Care,Biotechnology: Pharmaceutical Preparations,,United States,1104506.0,Nasdaq,False,True,362.0,r1000
FISV,Fiserv Inc. Common Stock,27641234158.0,Consumer Discretionary,Business Services,1986.0,United States,798354.0,Nasdaq,True,True,363.0,r1000
SUNB,Sunbelt Rentals Holdings Inc. Common Stock,27499032792.0,Consumer Discretionary,Diversified Commercial Services,2026.0,,2083785.0,NYSE,False,False,,
TCOM,Trip.com Group Limited American Depositary Shares,27474038836.0,Consumer Discretionary,Business Services,2003.0,China,1269238.0,Nasdaq,False,False,,
ATI,ATI Inc. Common Stock,27464204547.0,Industrials,Steel/Iron Ore,,United States,1018963.0,NYSE,False,True,364.0,r1000
MTD,Mettler-Toledo International Inc. Common Stock,27404803207.0,Industrials,Biotechnology: Laboratory Analytical Instruments,1997.0,Switzerland,1037646.0,NYSE,True,False,,
CPAY,Corpay Inc. Common Stock,27340657024.0,Consumer Discretionary,Business Services,,United States,1175454.0,NYSE,True,True,365.0,r1000
OTIS,Otis Worldwide Corporation Common Stock ,26962809281.0,Technology,Consumer Electronics/Appliances,2020.0,United States,1781335.0,NYSE,True,True,366.0,r1000
LH,Labcorp Holdings Inc. Common Stock,26897626000.0,Health Care,Medical Specialities,,United States,920148.0,NYSE,True,True,367.0,r1000
FE,FirstEnergy Corp. Common Stock,26785242452.0,Utilities,Electric Utilities: Central,,United States,1031296.0,NYSE,True,True,368.0,r1000
DGX,Quest Diagnostics Incorporated Common Stock,26577905088.0,Health Care,Medical Specialities,,United States,1022079.0,NYSE,True,True,369.0,r1000
ES,Eversource Energy (D/B/A) Common Stock,26532969672.0,Utilities,Electric Utilities: Central,,United States,72741.0,NYSE,True,True,370.0,r1000
CINF,Cincinnati Financial Corporation Common Stock,26350645546.0,Finance,Property-Casualty Insurers,,United States,20286.0,Nasdaq,True,True,371.0,r1000
VRSN,VeriSign Inc. Common Stock,26183388000.0,Technology,EDP Services,1998.0,United States,1014473.0,Nasdaq,True,True,372.0,r1000
WSM,Williams-Sonoma Inc. Common Stock (DE),26113998238.0,Consumer Discretionary,Home Furnishings,,United States,719955.0,NYSE,True,True,373.0,r1000
INCY,Incyte Corp. Common Stock,26113550617.0,Health Care,Biotechnology: Commercial Physical & Biological Resarch,,United States,879169.0,Nasdaq,True,True,374.0,r1000
BNTX,BioNTech SE American Depositary Share,26077525234.0,Health Care,Biotechnology: Biological Products (No Diagnostic Substances),2019.0,Germany,1776985.0,Nasdaq,False,False,,
CNP,CenterPoint Energy Inc (Holding Co) Common Stock,26026038579.0,Utilities,Electric Utilities: Central,,United States,1130310.0,NYSE,True,True,375.0,r1000
PHG,Koninklijke Philips N.V. NY Registry Shares,25918671833.0,Health Care,Medical Electronics,,Netherlands,313216.0,NYSE,False,False,,
RF,Regions Financial Corporation Common Stock,25498250115.0,Finance,Major Banks,,United States,1281761.0,NYSE,True,True,376.0,r1000
DOV,Dover Corporation Common Stock,25441094503.0,Industrials,Industrial Machinery/Components,,United States,29905.0,NYSE,True,True,377.0,r1000
TPL,Texas Pacific Land Corporation Common Stock,25335780560.0,Energy,Oil & Gas Production,,United States,1811074.0,NYSE,True,True,378.0,r1000
WRB,W.R. Berkley Corporation Common Stock,25288019275.0,Finance,Property-Casualty Insurers,,United States,11544.0,NYSE,True,True,379.0,r1000
ECHO,EchoStar  Corporation Common Stock,25182639477.0,Consumer Discretionary,Telecommunications Equipment,,United States,1415404.0,Nasdaq,True,True,380.0,r1000
DRI,Darden Restaurants Inc. Common Stock,25100575519.0,Consumer Discretionary,Restaurants,,United States,940944.0,NYSE,True,True,381.0,r1000
AFRM,Affirm Holdings Inc. Class A Common Stock,24999540857.0,Finance,Finance: Consumer Services,2021.0,United States,1820953.0,Nasdaq,False,True,382.0,r1000
XYL,Xylem Inc. Common Stock New,24922382313.0,Industrials,Fluid Controls,2011.0,United States,1524472.0,NYSE,True,True,383.0,r1000
DLTR,Dollar Tree Inc. Common Stock,24750312741.0,Consumer Discretionary,Department/Specialty Retail Stores,1995.0,United States,935703.0,Nasdaq,True,True,384.0,r1000
PPG,PPG Industries Inc. Common Stock,24744213000.0,Consumer Discretionary,Paints/Coatings,,United States,79879.0,NYSE,True,True,385.0,r1000
ROIV,Roivant Sciences Ltd. Common Shares,24689000653.0,Health Care,Biotechnology: Pharmaceutical Preparations,,United Kingdom,1635088.0,Nasdaq,False,False,,
SN,SharkNinja Inc. Ordinary Shares,24687739488.0,Consumer Discretionary,Consumer Electronics/Appliances,2023.0,United States,1957132.0,NYSE,False,True,386.0,r1000
Q,Qnity Electronics Inc. Common Stock,24621753426.0,Technology,Semiconductors,2025.0,United States,2058873.0,NYSE,True,True,387.0,r1000
FCNCA,First Citizens BancShares Inc. Class A Common Stock,24586364483.0,Finance,Major Banks,,United States,798941.0,Nasdaq,False,True,388.0,r1000
GPN,Global Payments Inc. Common Stock,24559232776.0,Consumer Discretionary,Business Services,,United States,1123360.0,NYSE,True,True,389.0,r1000
TPR,Tapestry Inc. Common Stock,24553091229.0,Consumer Discretionary,Apparel,,United States,1116132.0,NYSE,True,True,390.0,r1000
VRSK,Verisk Analytics Inc. Common Stock,24490155218.0,Technology,EDP Services,2009.0,United States,1442145.0,Nasdaq,True,True,391.0,r1000
GFS,GlobalFoundries Inc. Ordinary Shares,24465666746.0,Technology,Semiconductors,2021.0,United States,1709048.0,Nasdaq,False,True,392.0,r1000
JBHT,J.B. Hunt Transport Services Inc. Common Stock,24438545427.0,Industrials,Trucking Freight/Courier Services,,United States,728535.0,Nasdaq,True,True,393.0,r1000
FWONK,Liberty Media Corporation Series C Liberty Formula One Common Stock,24419006439.0,Industrials,Broadcasting,,United States,1560385.0,Nasdaq,False,True,394.0,r1000
IHG,Intercontinental Hotels Group American Depositary Shares (Each representing one Ordinary Share),24299866198.0,Consumer Discretionary,Hotels/Resorts,,United Kingdom,858446.0,NYSE,False,False,,
ASTS,AST SpaceMobile Inc. Class A Common Stock,24284051626.0,Consumer Discretionary,Telecommunications Equipment,2019.0,United States,1780312.0,Nasdaq,False,True,395.0,r1000
TW,Tradeweb Markets Inc. Class A Common Stock,24214904269.0,Finance,Investment Bankers/Brokers/Service,2019.0,United States,1758730.0,Nasdaq,False,True,396.0,r1000
EXPD,Expeditors International of Washington Inc. Common Stock,24199054192.0,Industrials,Integrated Freight & Logistics,,United States,746515.0,NYSE,True,True,397.0,r1000
SYM,Symbotic Inc. Class A Common Stock,24113444098.0,Industrials,Industrial Machinery/Components,2021.0,United States,1837240.0,Nasdaq,False,True,398.0,r1000
WST,West Pharmaceutical Services Inc. Common Stock,24112847334.0,Health Care,Medical/Dental Instruments,,United States,105770.0,NYSE,True,True,399.0,r1000
BRO,Brown & Brown Inc. Common Stock,24105330118.0,Finance,Specialty Insurers,,United States,79282.0,NYSE,True,True,400.0,r1000
NVT,nVent Electric plc Ordinary Shares ,23982490822.0,Industrials,Industrial Machinery/Components,2018.0,United Kingdom,1720635.0,NYSE,False,False,,
PFG,Principal Financial Group Inc Common Stock,23831987590.0,Finance,Accident &Health Insurance,2001.0,United States,1126328.0,Nasdaq,True,True,401.0,r1000
SW,Smurfit WestRock plc Ordinary Shares,23792359107.0,Consumer Discretionary,Containers/Packaging,2024.0,Ireland,2005951.0,NYSE,True,False,,
HUBB,Hubbell Inc Common Stock,23778883556.0,Technology,Electrical Products,2015.0,United States,48898.0,NYSE,True,True,402.0,r1000
FICO,Fair Isaac Corporation Common Stock,23745519801.0,Consumer Discretionary,Business Services,,United States,814547.0,NYSE,True,True,403.0,r1000
VLTO,Veralto Corp Common Stock ,23699150970.0,Industrials,Electrical Products,2023.0,United States,1967680.0,NYSE,True,True,404.0,r1000
BG,Bunge Limited Common Shares,23603755452.0,Consumer Staples,Packaged Foods,,United States,1996862.0,NYSE,True,True,405.0,r1000
ULTA,Ulta Beauty Inc. Common Stock,23591007050.0,Consumer Discretionary,Other Specialty Stores,2007.0,United States,1403568.0,Nasdaq,True,True,406.0,r1000
CHD,Church & Dwight Company Inc. Common Stock,23559092043.0,Consumer Discretionary,Package Goods/Cosmetics,,United States,313927.0,NYSE,True,True,407.0,r1000
AMRZ,Amrize Ltd Ordinary Shares,23501394923.0,Industrials,Building Materials,2025.0,Switzerland,2035989.0,NYSE,False,False,,
CIB,Grupo Cibest S.A. American Depositary Shares each representing four Preferred Shares,23456229844.0,Finance,Commercial Banks,2025.0,Colombia,2058897.0,NYSE,False,False,,
ROKU,Roku Inc. Class A Common Stock,23405671411.0,Telecommunications,Cable & Other Pay Television Services,2017.0,United States,1428439.0,Nasdaq,False,True,408.0,r1000
TSEM,Tower Semiconductor Ltd. Ordinary Shares,23375941110.0,Technology,Semiconductors,1994.0,Israel,928876.0,Nasdaq,False,False,,
NRG,NRG Energy Inc. Common Stock,23352282556.0,Utilities,Electric Utilities: Central,,United States,1013871.0,NYSE,True,True,409.0,r1000
TROW,T. Rowe Price Group Inc. Common Stock,23332487673.0,Finance,Investment Managers,1986.0,United States,1113169.0,Nasdaq,True,True,410.0,r1000
KEY,KeyCorp Common Stock,23263402477.0,Finance,Major Banks,,United States,91576.0,NYSE,True,True,411.0,r1000
PHM,PulteGroup Inc. Common Stock,23187879198.0,Consumer Discretionary,Homebuilding,,United States,822416.0,NYSE,True,True,412.0,r1000
SQM,Sociedad Quimica y Minera S.A. Common Stock,23176651741.0,Industrials,Mining & Quarrying of Nonmetallic Minerals (No Fuels),1993.0,Chile,909037.0,NYSE,False,False,,
SOFI,SoFi Technologies Inc. Common Stock  ,23041614580.0,Finance,Finance: Consumer Services,,United States,1818874.0,Nasdaq,False,True,413.0,r1000
EXE,Expand Energy Corporation Common Stock,22992956323.0,Energy,Oil & Gas Production,,United States,895126.0,Nasdaq,True,True,414.0,r1000
CRS,Carpenter Technology Corporation Common Stock,22845012169.0,Industrials,Steel/Iron Ore,,United States,17843.0,NYSE,False,True,415.0,r1000
USFD,US Foods Holding Corp. Common Stock,22669296463.0,Consumer Discretionary,Food Distributors,2016.0,United States,1665918.0,NYSE,False,True,416.0,r1000
RIVN,Rivian Automotive Inc. Class A Common Stock,22601104434.0,Industrials,Auto Manufacturing,2021.0,United States,1874178.0,Nasdaq,False,True,417.0,r1000
DOW,Dow Inc. Common Stock ,22594817440.0,Industrials,Major Chemicals,2019.0,United States,1751788.0,NYSE,True,True,418.0,r1000
CRCL,Circle Internet Group Inc. Class A Common Stock,22503558092.0,Finance,Finance: Consumer Services,2025.0,United States,1876042.0,NYSE,False,True,419.0,r1000
MKL,Markel Group Inc. Common Stock,22500907125.0,Finance,Property-Casualty Insurers,1986.0,United States,1096343.0,NYSE,False,True,420.0,r1000
STE,STERIS plc (Ireland) Ordinary Shares,22459150339.0,Health Care,Industrial Specialties,,United States,1757898.0,NYSE,True,True,421.0,r1000
OMC,Omnicom Group Inc. Common Stock,22430526262.0,Consumer Discretionary,Advertising,,United States,29989.0,NYSE,True,True,422.0,r1000
AER,AerCap Holdings N.V. Ordinary Shares,22380005020.0,Consumer Discretionary,Diversified Commercial Services,2006.0,Netherlands,1378789.0,NYSE,False,False,,
L,Loews Corporation Common Stock,22270355817.0,Finance,Property-Casualty Insurers,,United States,60086.0,NYSE,True,True,423.0,r1000
IFF,International Flavors & Fragrances Inc. Common Stock,22182737783.0,Industrials,Major Chemicals,,United States,51253.0,NYSE,True,True,424.0,r1000
FFIV,F5 Inc. Common Stock,22145758337.0,Telecommunications,Computer Communications Equipment,1999.0,United States,1048695.0,Nasdaq,True,True,425.0,r1000
STZ,Constellation Brands Inc. Common Stock,22090190438.0,Consumer Staples,Beverages (Production/Distribution),,United States,16918.0,NYSE,True,True,426.0,r1000
CDE,Coeur Mining Inc. Common Stock,22018367657.0,Basic Materials,Precious Metals,,United States,215466.0,NYSE,False,True,427.0,r1000
RGLD,Royal Gold Inc. Common Stock,21891983692.0,Industrials,Precious Metals,,United States,85535.0,Nasdaq,False,True,428.0,r1000
GH,Guardant Health Inc. Common Stock,21882027480.0,Health Care,Medical Specialities,2018.0,United States,1576280.0,Nasdaq,False,True,429.0,r1000
BCE,BCE Inc. Common Stock,21821104118.0,Telecommunications,Telecommunications Equipment,,Canada,718940.0,NYSE,False,False,,
EFX,Equifax Inc. Common Stock,21791098510.0,Finance,Finance: Consumer Services,,United States,33185.0,NYSE,True,True,430.0,r1000
XPO,XPO Inc. Common Stock,21775740761.0,Consumer Discretionary,Transportation Services,,United States,1166003.0,NYSE,False,True,431.0,r1000
FSLR,First Solar Inc. Common Stock,21773379049.0,Technology,Semiconductors,2006.0,United States,1274494.0,Nasdaq,True,True,432.0,r1000
GIS,General Mills Inc. Common Stock,21695263974.0,Consumer Staples,Packaged Foods,,United States,40704.0,NYSE,True,True,433.0,r1000
FIS,Fidelity National Information Services Inc. Common Stock,21592606745.0,Consumer Discretionary,Business Services,,United States,1136893.0,NYSE,True,True,434.0,r1000
AMCR,Amcor plc Ordinary Shares,21582296809.0,Consumer Discretionary,Miscellaneous manufacturing industries,2019.0,United Kingdom,1748790.0,NYSE,True,False,,
LYB,LyondellBasell Industries NV Ordinary Shares Class A (Netherlands),21504636465.0,Industrials,Major Chemicals,,Netherlands,1489393.0,NYSE,True,False,,
IOT,Samsara Inc. Class A Common Stock,21437903917.0,Technology,EDP Services,2021.0,United States,1642896.0,NYSE,False,True,435.0,r1000
BCH,Banco De Chile ADS,21405519506.0,Finance,Commercial Banks,,Chile,1161125.0,NYSE,False,False,,
PAAS,Pan American Silver Corp. Common Stock,21369411720.0,Basic Materials,Precious Metals,,Canada,771992.0,NYSE,False,False,,
ARXS,Arxis Inc. Class A Common Stock,21357988769.0,Industrials,Military/Government/Technical,2026.0,United States,2093536.0,Nasdaq,False,True,436.0,r1000
CMS,CMS Energy Corporation Common Stock,21342059876.0,Utilities,Power Generation,,United States,811156.0,NYSE,True,True,437.0,r1000
EIX,Edison International Common Stock,21237883501.0,Utilities,Electric Utilities: Central,,United States,827052.0,NYSE,True,True,438.0,r1000
YPF,YPF Sociedad Anonima American Depositary Shares,21203492671.0,Energy,Integrated oil Companies,1993.0,Argentina,904851.0,NYSE,False,False,,
BPYPM,Brookfield Property Partners L.P. 6.25% Class A Cumulative Redeemable Preferred Units Series 1,21169853009.0,Finance,Real Estate,,Bermuda,1545772.0,Nasdaq,False,False,,
BEP,Brookfield Renewable Partners L.P. Limited Partnership Units,21106569540.0,Utilities,Electric Utilities: Central,,Canada,1533232.0,NYSE,False,False,,
UTHR,United Therapeutics Corporation Common Stock,21103078278.0,Health Care,Biotechnology: Pharmaceutical Preparations,1999.0,United States,1082554.0,Nasdaq,False,True,439.0,r1000
CF,CF Industries Holdings Inc. Common Stock,21076861365.0,Industrials,Agricultural Chemicals,2005.0,United States,1324404.0,NYSE,True,True,440.0,r1000
THC,Tenet Healthcare Corporation Common Stock,20816577070.0,Health Care,Hospital/Nursing Management,,United States,70318.0,NYSE,False,True,441.0,r1000
PKG,Packaging Corporation of America Common Stock,20808016748.0,Consumer Discretionary,Containers/Packaging,2000.0,United States,75677.0,NYSE,True,True,442.0,r1000
CW,Curtiss-Wright Corporation Common Stock,20739798339.0,Technology,Industrial Machinery/Components,,United States,26324.0,NYSE,False,True,443.0,r1000
RS,Reliance Inc. Common Stock,20432543457.0,Industrials,Metal Fabrications,1994.0,United States,861884.0,NYSE,False,True,444.0,r1000
BR,Broadridge Financial Solutions Inc. Common Stock,20302721352.0,Consumer Discretionary,Business Services,,United States,1383312.0,NYSE,True,True,445.0,r1000
BEKE,KE Holdings Inc American Depositary Shares (each representing three Class A Ordinary Shares),20269328057.0,Finance,Real Estate,2020.0,China,1809587.0,NYSE,False,False,,
SNX,TD SYNNEX Corporation Common Stock,20234361781.0,Technology,Retail: Computer Software & Peripheral Equipment,2003.0,United States,1177394.0,NYSE,False,True,446.0,r1000
WES,Western Midstream Partners LP Common Units Representing Limited Partner Interests,20229028073.0,Utilities,Natural Gas Distribution,2012.0,United States,1423902.0,NYSE,False,True,447.0,r1000
KSPI,Joint Stock Company Kaspi.kz American Depository Shares,20222707397.0,,,2024.0,Kazakhstan,1985487.0,Nasdaq,False,False,,
LEN,Lennar Corporation Class A Common Stock,20134015968.0,Consumer Discretionary,Homebuilding,,United States,920760.0,NYSE,True,True,448.0,r1000
ENTG,Entegris Inc. Common Stock,20064168000.0,Industrials,Plastic Products,2000.0,United States,1101302.0,Nasdaq,False,True,449.0,r1000
RL,Ralph Lauren Corporation Common Stock,20049423424.0,Industrials,Garments and Clothing,1997.0,United States,1037038.0,NYSE,True,True,450.0,r1000
AQNB,Algonquin Power & Utilities Corp. 6.20% Fixed-to-Floating Subordinated Notes Series 2019-A due July 1 2079,20037772276.0,Utilities,Electric Utilities: Central,2019.0,United States,1174169.0,NYSE,False,True,451.0,r1000
PR,Permian Resources Corporation Class A Common Stock,19950608431.0,Energy,Oil & Gas Production,2022.0,United States,1658566.0,NYSE,False,True,452.0,r1000
PKX,POSCO HOLDINGS INC. American Depositary Shares (Each representing 1/4th of a share of Common Stock),19886844965.0,Industrials,Steel/Iron Ore,1994.0,South Korea,889132.0,NYSE,False,False,,
WWD,Woodward Inc. Common Stock,19811053526.0,Energy,Industrial Machinery/Components,,United States,108312.0,Nasdaq,False,True,453.0,r1000
RCI,Rogers Communication Inc. Common Stock,19799219789.0,Telecommunications,Cable & Other Pay Television Services,,Canada,733099.0,NYSE,False,False,,
SBAC,SBA Communications Corporation Class A Common Stock,19776945466.0,Real Estate,Real Estate Investment Trusts,1999.0,United States,1034054.0,Nasdaq,True,True,454.0,r1000
TPG,TPG Inc. Class A Common Stock,19772709837.0,Finance,Investment Managers,2022.0,United States,1880661.0,Nasdaq,False,True,455.0,r1000
NI,NiSource Inc Common Stock,19733898115.0,Utilities,Power Generation,,United States,1111711.0,NYSE,True,True,456.0,r1000
SNA,Snap-On Incorporated Common Stock,19686826123.0,Consumer Discretionary,Industrial Machinery/Components,,United States,91440.0,NYSE,True,True,457.0,r1000
TOST,Toast Inc. Class A Common Stock,19675120000.0,Technology,EDP Services,2021.0,United States,1650164.0,NYSE,False,True,458.0,r1000
MTSI,MACOM Technology Solutions Holdings Inc. Common Stock,19670096988.0,Technology,Semiconductors,2012.0,United States,1493594.0,Nasdaq,False,True,459.0,r1000
TSN,Tyson Foods Inc. Common Stock,19634042385.0,Consumer Staples,Meat/Poultry/Fish,,United States,100493.0,NYSE,True,True,460.0,r1000
VTRS,Viatris Inc. Common Stock,19629417866.0,Health Care,Biotechnology: Pharmaceutical Preparations,,United States,1792044.0,Nasdaq,True,True,461.0,r1000
SSNC,SS&C Technologies Holdings Inc. Common Stock,19370769920.0,Technology,Computer Software: Prepackaged Software,2010.0,United States,1402436.0,Nasdaq,False,True,462.0,r1000
IP,International Paper Company Common Stock,19223387189.0,Basic Materials,Paper,,United States,51434.0,NYSE,True,True,463.0,r1000
FTAI,FTAI Aviation Ltd. Common Stock,19063463161.0,Industrials,Misc Corporate Leasing Services,,United States,1590364.0,Nasdaq,False,True,464.0,r1000
ZBH,Zimmer Biomet Holdings Inc. Common Stock,18978400056.0,Health Care,Industrial Specialties,,United States,1136869.0,NYSE,True,True,465.0,r1000
FDXF,FedEx Freight Holding Company Inc. Common Stock,18928995638.0,Consumer Discretionary,Air Freight/Delivery Services,2026.0,United States,2082247.0,NYSE,True,True,466.0,r1000
OVV,Ovintiv Inc. (DE),18915457000.0,Energy,Oil & Gas Production,,Canada,1792580.0,NYSE,False,False,,
GPC,Genuine Parts Company Common Stock,18907465810.0,Consumer Discretionary,Automotive Aftermarket,,United States,40987.0,NYSE,True,True,467.0,r1000
MTZ,MasTec Inc. Common Stock,18898163413.0,Industrials,Water Sewer Pipeline Comm & Power Line Construction,,United States,15615.0,NYSE,False,True,468.0,r1000
LUV,Southwest Airlines Company Common Stock,18888328641.0,Consumer Discretionary,Air Freight/Delivery Services,,United States,92380.0,NYSE,True,True,469.0,r1000
VIV,Telefonica Brasil S.A. American Depositary Shares (Each representing One Common Share),18886033540.0,Telecommunications,Telecommunications Equipment,2020.0,Brazil,1066119.0,NYSE,False,False,,
DINO,HF Sinclair Corporation Common Stock,18855755025.0,Energy,Natural Gas Distribution,1960.0,United States,1915657.0,NYSE,False,True,470.0,r1000
EVRG,Evergy Inc. Common Stock,18622910482.0,Utilities,Power Generation,,United States,1711269.0,Nasdaq,True,True,471.0,r1000
NWS,News Corporation Class B Common Stock,18617621274.0,Consumer Discretionary,Newspapers/Magazines,,United States,1564708.0,Nasdaq,True,True,472.0,r1000
CDW,CDW Corporation Common Stock,18586340723.0,Consumer Discretionary,Catalog/Specialty Distribution,2013.0,United States,1402057.0,Nasdaq,True,True,473.0,r1000
WF,Woori Financial Group Inc. American Depositary Shares (each representing three (3) shares of Common Stock),18451420524.0,Finance,Commercial Banks,,South Korea,1264136.0,NYSE,False,False,,
GEN,Gen Digital Inc. Common Stock,18346692531.0,Technology,Computer Software: Prepackaged Software,,United States,849399.0,Nasdaq,True,True,474.0,r1000
BBY,Best Buy Co. Inc. Common Stock,18336739962.0,Consumer Discretionary,Consumer Electronics/Video Chains,,United States,764478.0,NYSE,True,True,475.0,r1000
CHTR,Charter Communications Inc. Class A Common Stock New,18214383903.0,Telecommunications,Cable & Other Pay Television Services,,United States,1091667.0,Nasdaq,True,True,476.0,r1000
TSCO,Tractor Supply Company Common Stock,18163459176.0,Consumer Discretionary,RETAIL: Building Materials,1994.0,United States,916365.0,Nasdaq,True,True,477.0,r1000
PAA,Plains All American Pipeline L.P. Common Units representing Limited Partner Interests,18147169351.0,Energy,Natural Gas Distribution,1998.0,United States,1070423.0,Nasdaq,False,True,478.0,r1000
OWL,Blue Owl Capital Inc. Class A Common Stock,18085469787.0,Finance,Investment Managers,2020.0,United States,1823945.0,NYSE,False,True,479.0,r1000
NTNX,Nutanix Inc. Class A Common Stock,18070926027.0,Technology,Computer Software: Prepackaged Software,2016.0,United States,1618732.0,Nasdaq,False,True,480.0,r1000
ITT,ITT Inc. Common Stock ,17969400000.0,Industrials,Fluid Controls,2011.0,United States,216228.0,NYSE,False,True,481.0,r1000
DD,DuPont de Nemours Inc. Common Stock,17951262667.0,Industrials,Major Chemicals,2017.0,United States,1666700.0,NYSE,True,True,482.0,r1000
RBRK,Rubrik Inc. Class A Common Stock,17944134384.0,Technology,Computer Software: Prepackaged Software,2024.0,United States,1943896.0,NYSE,False,True,483.0,r1000
SBS,Companhia de saneamento Basico Do Estado De Sao Paulo - Sabesp American Depositary Shares (Each repstg 250 Common Shares),17939878187.0,Utilities,Water Supply,2002.0,Brazil,1170858.0,NYSE,False,False,,
U,Unity Software Inc. Common Stock,17938024909.0,Technology,Computer Software: Prepackaged Software,2020.0,United States,1810806.0,NYSE,False,True,484.0,r1000
FLUT,Flutter Entertainment plc Ordinary Shares,17864970006.0,Technology,Computer Software: Programming Data Processing,2024.0,Ireland,1635327.0,NYSE,False,False,,
WIT,Wipro Limited Common Stock,17826389635.0,Technology,EDP Services,,India,1123799.0,NYSE,False,False,,
ESS,Essex Property Trust Inc. Common Stock,17820995450.0,Real Estate,Real Estate Investment Trusts,1994.0,United States,920522.0,NYSE,True,True,485.0,r1000
EWBC,East West Bancorp Inc. Common Stock,17670419068.0,Finance,Major Banks,,United States,1069157.0,Nasdaq,False,True,486.0,r1000
AEG,Aegon Ltd. New York Registry Shares,17657792218.0,Finance,Life Insurance,,Netherlands,769218.0,NYSE,False,False,,
NDSN,Nordson Corporation Common Stock,17636090257.0,Industrials,Industrial Machinery/Components,,United States,72331.0,Nasdaq,True,True,487.0,r1000
LNT,Alliant Energy Corporation Common Stock,17563945510.0,Utilities,Power Generation,,United States,352541.0,Nasdaq,True,True,488.0,r1000
ASND,Ascendis Pharma A/S Ordinary Share,17555125546.0,Health Care,Biotechnology: Pharmaceutical Preparations,2015.0,Denmark,1612042.0,Nasdaq,False,False,,
MGA,Magna International Inc. Common Stock,17461586880.0,Consumer Discretionary,Auto Parts:O.E.M.,,Canada,749098.0,NYSE,False,False,,
J,Jacobs Solutions Inc. Common Stock,17214038906.0,Industrials,Military/Government/Technical,2022.0,United States,52988.0,NYSE,True,True,489.0,r1000
ROL,Rollins Inc. Common Stock,17181702377.0,Consumer Discretionary,Diversified Commercial Services,,United States,84839.0,NYSE,True,True,490.0,r1000
NLY,Annaly Capital Management Inc. Common Stock,17116854978.0,Real Estate,Real Estate Investment Trusts,,United States,1043219.0,NYSE,False,True,491.0,r1000
SITM,SiTime Corporation Common Stock,17105006698.0,Technology,Semiconductors,2019.0,United States,1451809.0,Nasdaq,False,True,492.0,r1000
FTV,Fortive Corporation Common Stock ,17094165143.0,Industrials,Industrial Machinery/Components,2016.0,United States,1659166.0,NYSE,True,True,493.0,r1000
INVH,Invitation Homes Inc. Common Stock,17033573838.0,Finance,Real Estate,2017.0,United States,1687229.0,NYSE,True,True,494.0,r1000
APG,APi Group Corporation Common Stock,17009829290.0,Consumer Discretionary,Diversified Commercial Services,2020.0,United States,1796209.0,NYSE,False,True,495.0,r1000
MKSI,MKS Inc. Common Stock,16997701730.0,Industrials,Industrial Machinery/Components,1999.0,United States,1049502.0,Nasdaq,False,True,496.0,r1000
CHRW,C.H. Robinson Worldwide Inc. Common Stock,16966802662.0,Industrials,Integrated Freight & Logistics,1997.0,United States,1043277.0,Nasdaq,True,True,497.0,r1000
CNH,CNH Industrial N.V. Common Shares,16894959327.0,Industrials,Construction/Ag Equipment/Trucks,2013.0,United Kingdom,1567094.0,NYSE,False,False,,
GIB,CGI Inc. Common Stock,16893068556.0,Consumer Discretionary,Professional Services,,Canada,1061574.0,NYSE,False,False,,
NVR,NVR Inc. Common Stock,16860435977.0,Consumer Discretionary,Homebuilding,1998.0,United States,906163.0,NYSE,True,True,498.0,r1000
BSAC,Banco Santander - Chile ADS,16837661430.0,Finance,Commercial Banks,,Chile,1027552.0,NYSE,False,False,,
CG,The Carlyle Group Inc. Common Stock,16797528098.0,Finance,Investment Managers,2012.0,United States,1527166.0,Nasdaq,False,True,499.0,r1000
LDOS,Leidos Holdings Inc. Common Stock,16788347720.0,Technology,EDP Services,,United States,1336920.0,NYSE,True,True,500.0,r1000
ONON,On Holding AG Class A Ordinary Shares,16775383746.0,Consumer Discretionary,Shoe Manufacturing,2021.0,,1858985.0,NYSE,False,False,,
BEN,Franklin Templeton Inc. Common Stock,16771618799.0,Finance,Investment Managers,,United States,38777.0,NYSE,True,True,501.0,r1000
BALL,Ball Corporation Common Stock,16755722498.0,Industrials,Containers/Packaging,,United States,9389.0,NYSE,True,True,502.0,r1000
WY,Weyerhaeuser Company Common Stock,16713867840.0,Real Estate,Real Estate Investment Trusts,,United States,106535.0,NYSE,True,True,503.0,r1000
CLH,Clean Harbors Inc. Common Stock,16639596315.0,Industrials,Environmental Services,,United States,822818.0,NYSE,False,True,504.0,r1000
ZBRA,Zebra Technologies Corporation Class A Common Stock,16611245833.0,Industrials,Industrial Machinery/Components,1991.0,United States,877212.0,Nasdaq,True,True,505.0,r1000
BIP,Brookfield Infrastructure Partners LP Limited Partnership Units,16610459096.0,Consumer Discretionary,Marine Transportation,,Bermuda,1406234.0,NYSE,False,False,,
IEX,IDEX Corporation Common Stock,16558225841.0,Industrials,Fluid Controls,1989.0,United States,832101.0,NYSE,True,True,506.0,r1000
MEDP,Medpace Holdings Inc. Common Stock,16552169648.0,Health Care,Biotechnology: Commercial Physical & Biological Resarch,2016.0,United States,1668397.0,Nasdaq,False,True,507.0,r1000
FUTU,Futu Holdings Limited American Depositary Shares,16550993396.0,Finance,Investment Bankers/Brokers/Service,2019.0,Hong Kong,1754581.0,Nasdaq,False,False,,
JHX,James Hardie Industries plc. Ordinary Shares,16521670008.0,Industrials,Building Materials,2025.0,Ireland,1159152.0,NYSE,False,False,,
RGA,Reinsurance Group of America Incorporated Common Stock,16480181196.0,Finance,Life Insurance,,United States,898174.0,NYSE,False,True,508.0,r1000
ALB,Albemarle Corporation Common Stock,16255196602.0,Industrials,Major Chemicals,,United States,915913.0,NYSE,True,True,509.0,r1000
WCC,WESCO International Inc. Common Stock,16221217782.0,Consumer Discretionary,Telecommunications Equipment,1999.0,United States,929008.0,NYSE,False,True,510.0,r1000
VNOM,Viper Energy Inc. Class A Common Stock,16206873572.0,Energy,Oil & Gas Production,2014.0,United States,2074176.0,Nasdaq,False,True,511.0,r1000
PTC,PTC Inc. Common Stock,16181538703.0,Technology,Computer Software: Prepackaged Software,,United States,857005.0,Nasdaq,True,True,512.0,r1000
LSCC,Lattice Semiconductor Corporation Common Stock,16174407375.0,Technology,Semiconductors,,United States,855658.0,Nasdaq,False,True,513.0,r1000
KIM,Kimco Realty Corporation (HC) Common Stock,16152608102.0,Real Estate,Real Estate Investment Trusts,,United States,879101.0,NYSE,True,True,514.0,r1000
BURL,Burlington Stores Inc. Common Stock,16147902179.0,Consumer Discretionary,Department/Specialty Retail Stores,2013.0,United States,1579298.0,NYSE,False,True,515.0,r1000
ZTO,ZTO Express (Cayman) Inc. American Depositary Shares each representing one Class A ordinary share.,16137118525.0,Industrials,Trucking Freight/Courier Services,2016.0,China,1677250.0,NYSE,False,False,,
JLL,Jones Lang LaSalle Incorporated Common Stock,16099475511.0,Finance,Real Estate,,United States,1037976.0,NYSE,False,True,516.0,r1000
WPC,W. P. Carey Inc. REIT,16079315320.0,Real Estate,Real Estate Investment Trusts,,United States,1025378.0,NYSE,False,True,517.0,r1000
GWRE,Guidewire Software Inc. Common Stock,16048496725.0,Technology,Computer Software: Prepackaged Software,2012.0,United States,1528396.0,NYSE,False,True,518.0,r1000
NBIX,Neurocrine Biosciences Inc. Common Stock,16039224270.0,Health Care,Biotechnology: Biological Products (No Diagnostic Substances),1996.0,United States,914475.0,Nasdaq,False,True,519.0,r1000
CX,Cemex S.A.B. de C.V. Sponsored ADR,16038392497.0,Industrials,Building Materials,,Mexico,1076378.0,NYSE,False,False,,
WSE,Wise Group plc Class A Ordinary Shares,15983543043.0,Industrials,Diversified Commercial Services,,United Kingdom,2099039.0,Nasdaq,False,False,,
TIGO,Millicom International Cellular S.A. Common Stock,15958263962.0,Telecommunications,Telecommunications Equipment,,Luxembourg,912958.0,Nasdaq,False,False,,
JAZZ,Jazz Pharmaceuticals plc Common Stock (Ireland),15941072674.0,Health Care,Biotechnology: Pharmaceutical Preparations,2007.0,Ireland,1232524.0,Nasdaq,False,False,,
AS,Amer Sports Inc. Ordinary Shares,15926980573.0,Consumer Discretionary,Apparel,2024.0,,1988894.0,NYSE,False,False,,
GFL,GFL Environmental Inc. Subordinate voting shares no par value,15926703117.0,Utilities,Environmental Services,2020.0,Canada,1780232.0,NYSE,False,False,,
TRU,TransUnion Common Stock,15785924000.0,Finance,Finance: Consumer Services,2015.0,United States,1552033.0,NYSE,False,True,520.0,r1000
APA,APA Corporation Common Stock,15658960739.0,Energy,Oil & Gas Production,,United States,1841666.0,Nasdaq,True,True,521.0,r1000
SUN,Sunoco LP Common Units representing limited partner interests,15650649902.0,Energy,Integrated oil Companies,2012.0,United States,1552275.0,NYSE,False,True,522.0,r1000
PFGC,Performance Food Group Company Common Stock,15646180738.0,Consumer Discretionary,Food Distributors,2015.0,United States,1618673.0,NYSE,False,True,523.0,r1000
SOLV,Solventum Corporation Common Stock,15643560695.0,Health Care,Medical/Dental Instruments,2024.0,United States,1964738.0,NYSE,True,True,524.0,r1000
SGI,Somnigroup International Inc. Common Stock,15614821866.0,Consumer Discretionary,Home Furnishings,,United States,1206264.0,NYSE,False,True,525.0,r1000
IREN,IREN Limited Ordinary Shares,15604722461.0,Finance,Finance: Consumer Services,2021.0,Australia,1878848.0,Nasdaq,False,False,,
H,Hyatt Hotels Corporation Class A Common Stock,15545148197.0,Consumer Discretionary,Hotels/Resorts,2009.0,United States,1468174.0,NYSE,False,True,526.0,r1000
RBC,RBC Bearings Incorporated Common Stock,15541206778.0,Industrials,Metal Fabrications,2022.0,United States,1324948.0,NYSE,False,True,527.0,r1000
RBA,RB Global Inc. Common Stock,15494010000.0,Consumer Discretionary,Business Services,,Canada,1046102.0,NYSE,False,False,,
LAMR,Lamar Advertising Company Class A Common Stock,15384777126.0,Real Estate,Real Estate Investment Trusts,1996.0,United States,1090425.0,Nasdaq,False,True,528.0,r1000
TYL,Tyler Technologies Inc. Common Stock,15352188477.0,Technology,Computer Software: Prepackaged Software,,United States,860731.0,NYSE,True,True,529.0,r1000
EMA,Emera Incorporated Common Shares,15344640000.0,Utilities,Electric Utilities: Central,2025.0,Canada,1127248.0,NYSE,False,False,,
YUMC,Yum China Holdings Inc. Common Stock,15325001586.0,Consumer Discretionary,Restaurants,2016.0,United States,1673358.0,NYSE,False,True,530.0,r1000
STLA,Stellantis N.V. Common Shares,15269736443.0,Industrials,Auto Manufacturing,2014.0,United Kingdom,1605484.0,NYSE,False,False,,
TU,Telus Corporation Ordinary Shares,15206730000.0,Telecommunications,Telecommunications Equipment,,Canada,868675.0,NYSE,False,False,,
AGI,Alamos Gold Inc. Class A Common Shares,15173350299.0,Basic Materials,Precious Metals,2015.0,Canada,1178819.0,NYSE,False,False,,
HST,Host Hotels & Resorts Inc. Common Stock,15148100462.0,Real Estate,Real Estate Investment Trusts,,United States,1070750.0,Nasdaq,True,True,531.0,r1000
PNFP,Pinnacle Financial Partners Inc. Common stock,15124864138.0,Finance,Major Banks,,United States,2082866.0,NYSE,False,True,532.0,r1000
AKAM,Akamai Technologies Inc. Common Stock,15103178440.0,Consumer Discretionary,Business Services,1999.0,United States,1086222.0,Nasdaq,True,True,533.0,r1000
INIO,INNIO N.V. Ordinary Shares,15052500000.0,Consumer Discretionary,Metal Fabrications,2026.0,Germany,2109150.0,Nasdaq,False,False,,
ULS,UL Solutions Inc. Class A Common Stock,14964692583.0,Health Care,Precision Instruments,2024.0,United States,1901440.0,NYSE,False,True,534.0,r1000
BBIO,BridgeBio Pharma Inc. Common Stock,14954791761.0,Health Care,Biotechnology: Pharmaceutical Preparations,2019.0,United States,1743881.0,Nasdaq,False,True,535.0,r1000
ARMK,Aramark Common Stock,14952812496.0,Consumer Discretionary,Restaurants,2013.0,United States,1584509.0,NYSE,False,True,536.0,r1000
CRBG,Corebridge Financial Inc. Common Stock,14951210388.0,Finance,Life Insurance,2022.0,United States,1889539.0,NYSE,False,True,537.0,r1000
MAA,Mid-America Apartment Communities Inc. Common Stock,14921583890.0,Real Estate,Real Estate Investment Trusts,1994.0,United States,912595.0,NYSE,True,True,538.0,r1000
KEP,Korea Electric Power Corporation Common Stock,14893566586.0,Utilities,Electric Utilities: Central,1994.0,South Korea,887225.0,NYSE,False,False,,
LECO,Lincoln Electric Holdings Inc. Common Shares,14857724301.0,Industrials,Industrial Machinery/Components,,United States,59527.0,Nasdaq,False,True,539.0,r1000
WMG,Warner Music Group Corp. Class A Common Stock,14830161951.0,Consumer Discretionary,Services-Misc. Amusement & Recreation,2020.0,United States,1319161.0,Nasdaq,False,True,540.0,r1000
SUI,Sun Communities Inc. Common Stock,14767148027.0,Real Estate,Real Estate Investment Trusts,1993.0,United States,912593.0,NYSE,False,True,541.0,r1000
EQX,Equinox Gold Corp. Common Shares,14745017552.0,Basic Materials,Precious Metals,,Canada,1756607.0,NYSE,False,False,,
LTM,LATAM Airlines Group S.A. American Depositary Shares (each representing two thousand (2000) shares of Common Stock),14708542430.0,Consumer Discretionary,Air Freight/Delivery Services,2024.0,Chile,1047716.0,NYSE,False,False,,
DT,Dynatrace Inc. Common Stock,14701538251.0,Technology,Computer Software: Prepackaged Software,2019.0,United States,1773383.0,NYSE,False,True,542.0,r1000
UNM,Unum Group Common Stock,14690870854.0,Finance,Accident &Health Insurance,,United States,5513.0,NYSE,False,True,543.0,r1000
SWK,Stanley Black & Decker Inc. Common Stock,14632002346.0,Consumer Discretionary,Industrial Machinery/Components,,United States,93556.0,NYSE,True,True,544.0,r1000
RVTY,Revvity Inc. Common Stock,14611123347.0,Industrials,Biotechnology: Laboratory Analytical Instruments,,United States,31791.0,NYSE,True,True,545.0,r1000
PS,Pershing Square Inc. Common Stock,14600000000.0,Finance,Investment Managers,2026.0,,2026053.0,NYSE,False,False,,
TLK,PT Telekomunikasi Indonesia Tbk,14591864505.0,Telecommunications,Telecommunications Equipment,,Indonesia,1001807.0,NYSE,False,False,,
EG,Everest Group Ltd. Common Stock,14504289418.0,Finance,Property-Casualty Insurers,,Bermuda,1095073.0,NYSE,True,False,,
EXEL,Exelixis Inc. Common Stock,14502662433.0,Health Care,Biotechnology: Biological Products (No Diagnostic Substances),2000.0,United States,939767.0,Nasdaq,False,True,546.0,r1000
DOC,Healthpeak Properties Inc. Common Stock,14500758278.0,Real Estate,Real Estate Investment Trusts,,United States,765880.0,NYSE,True,True,547.0,r1000
JBS,JBS N.V. Class A Common Shares,14500381192.0,Consumer Staples,Meat/Poultry/Fish,2025.0,,1791942.0,NYSE,False,False,,
GRAB,Grab Holdings Limited Class A Ordinary Shares,14474700694.0,Consumer Discretionary,Business Services,,Singapore,1855612.0,Nasdaq,False,False,,
TLN,Talen Energy Corporation Common Stock,14471543646.0,Utilities,Electric Utilities: Central,,United States,1622536.0,Nasdaq,False,True,548.0,r1000
MKC,McCormick & Company Incorporated Common Stock,14464213498.0,Consumer Staples,Packaged Foods,,United States,63754.0,NYSE,True,True,549.0,r1000
ARCC,Ares Capital Corporation Common Stock,14374817357.0,Finance,Finance: Consumer Services,2004.0,United States,1287750.0,Nasdaq,False,True,550.0,r1000
HTHT,H World Group Limited American Depositary Shares,14373663300.0,Consumer Discretionary,Hotels/Resorts,2010.0,China,1483994.0,Nasdaq,False,False,,
IONQ,IonQ Inc. Common Stock,14340927099.0,Technology,EDP Services,2021.0,United States,1824920.0,NYSE,False,True,551.0,r1000
PAG,Penske Automotive Group Inc. Common Stock,14318446086.0,Consumer Discretionary,Retail-Auto Dealers and Gas Stations,,United States,1019849.0,NYSE,False,True,552.0,r1000
BWXT,BWX Technologies Inc. Common Stock,14262793627.0,Industrials,Industrial Machinery/Components,,United States,1486957.0,NYSE,False,True,553.0,r1000
VLYPN,Valley National Bancorp 8.250% Fixed-Rate Reset Non-Cumulative Perpetual Preferred Stock Series C,14262740883.0,Finance,Major Banks,,United States,714310.0,Nasdaq,False,True,554.0,r1000
OHI,Omega Healthcare Investors Inc. Common Stock,14238580870.0,Real Estate,Real Estate Investment Trusts,1992.0,United States,888491.0,NYSE,False,True,555.0,r1000
SKM,SK Telecom Co. Ltd. Common Stock,14219310600.0,Telecommunications,Telecommunications Equipment,,South Korea,1015650.0,NYSE,False,False,,
LOGI,Logitech International S.A. Ordinary Shares,14195691234.0,Technology,Computer peripheral equipment,1997.0,United States,1032975.0,Nasdaq,False,True,556.0,r1000
FN,Fabrinet Ordinary Shares,14167313482.0,Utilities,Telecommunications Equipment,2010.0,Cayman Islands,1408710.0,NYSE,False,False,,
SLMBP,SLM Corporation Floating Rate Non-Cumulative Preferred Stock Series B,14114816546.0,Finance,Finance: Consumer Services,,United States,1032033.0,Nasdaq,False,True,557.0,r1000
EQH,Equitable Holdings Inc. Common Stock,14066771289.0,Finance,Specialty Insurers,2018.0,United States,1333986.0,NYSE,False,True,558.0,r1000
SJM,The J.M. Smucker Company Common Stock,14040839174.0,Consumer Staples,Packaged Foods,,United States,91419.0,NYSE,True,True,559.0,r1000
AIZ,Assurant Inc. Common Stock,14011402492.0,Finance,Property-Casualty Insurers,2004.0,United States,1267238.0,NYSE,True,True,560.0,r1000
IVZ,Invesco Ltd Common Stock,14004373022.0,Finance,Investment Managers,,United States,914208.0,NYSE,True,True,561.0,r1000
STRL,Sterling Infrastructure Inc. Common Stock,13997305837.0,Industrials,Military/Government/Technical,,United States,874238.0,Nasdaq,False,True,562.0,r1000
MAS,Masco Corporation Common Stock,13988476284.0,Industrials,Industrial Specialties,,United States,62996.0,NYSE,True,True,563.0,r1000
HL,Hecla Mining Company Common Stock,13952630312.0,Industrials,Mining & Quarrying of Nonmetallic Minerals (No Fuels),,United States,719413.0,NYSE,False,True,564.0,r1000
CRL,Charles River Laboratories International Inc. Common Stock,13928293295.0,Health Care,Biotechnology: Commercial Physical & Biological Resarch,2000.0,United States,1100682.0,NYSE,True,True,565.0,r1000
REG,Regency Centers Corporation Common Stock,13882368668.0,Real Estate,Real Estate Investment Trusts,1993.0,United States,910606.0,Nasdaq,True,True,566.0,r1000
TRMB,Trimble Inc. Common Stock,13783260815.0,Industrials,Industrial Machinery/Components,1990.0,United States,864749.0,Nasdaq,True,True,567.0,r1000
RNR,RenaissanceRe Holdings Ltd. Common Stock,13762402481.0,Finance,Property-Casualty Insurers,,Bermuda,913144.0,NYSE,False,False,,
MLI,Mueller Industries Inc. Common Stock,13728728753.0,Industrials,Metal Fabrications,,United States,89439.0,NYSE,False,True,568.0,r1000
QXO,QXO Inc. Common Stock,13715627173.0,Consumer Discretionary,RETAIL: Building Materials,,United States,1236275.0,NYSE,False,True,569.0,r1000
FIG,Figma Inc. Class A Common Stock,13714343878.0,Technology,Computer Software: Prepackaged Software,2025.0,United States,1579878.0,NYSE,False,True,570.0,r1000
CHKP,Check Point Software Technologies Ltd. Ordinary Shares,13670253886.0,Technology,Computer Software: Prepackaged Software,1996.0,Israel,1015922.0,Nasdaq,False,False,,
TXT,Textron Inc. Common Stock,13628243303.0,Industrials,Aerospace,,United States,217346.0,NYSE,True,True,571.0,r1000
COO,The Cooper Companies Inc. Common Stock,13599485830.0,Health Care,Ophthalmic Goods,,United States,711404.0,Nasdaq,True,True,572.0,r1000
CSL,Carlisle Companies Incorporated Common Stock,13579453497.0,Industrials,Specialty Chemicals,,United States,790051.0,NYSE,False,True,573.0,r1000
CACI,CACI International Inc. Class A Common Stock,13575083822.0,Technology,EDP Services,,United States,16058.0,NYSE,False,True,574.0,r1000
BNT,Brookfield Wealth Solutions Ltd. Class A Exchangeable Limited Voting Shares,13473249599.0,Finance,Property-Casualty Insurers,2021.0,,1837429.0,NYSE,False,False,,
AA,Alcoa Corporation Common Stock ,13472577167.0,Industrials,Aluminum,2016.0,United States,1675149.0,NYSE,False,True,575.0,r1000
FIVE,Five Below Inc. Common Stock,13441193921.0,Consumer Discretionary,Department/Specialty Retail Stores,2012.0,United States,1177609.0,Nasdaq,False,True,576.0,r1000
GL,Globe Life Inc. Common Stock,13321083143.0,Finance,Life Insurance,,United States,320335.0,NYSE,True,True,577.0,r1000
BAX,Baxter International Inc. Common Stock,13286797174.0,Health Care,Medical/Dental Instruments,,United States,10456.0,NYSE,True,True,578.0,r1000
BWA,BorgWarner Inc. Common Stock,13274972954.0,Consumer Discretionary,Auto Parts:O.E.M.,,United States,908255.0,NYSE,False,True,579.0,r1000
AVY,Avery Dennison Corporation Common Stock,13218967728.0,Consumer Discretionary,Containers/Packaging,,United States,8818.0,NYSE,True,True,580.0,r1000
TME,Tencent Music Entertainment Group American Depositary Shares each representing two Class A Ordinary Shares,13205058755.0,Consumer Discretionary,Broadcasting,2018.0,United States,1744676.0,NYSE,False,True,581.0,r1000
HAS,Hasbro Inc. Common Stock,13187657665.0,Consumer Discretionary,Recreational Games/Products/Toys,,United States,46080.0,Nasdaq,True,True,582.0,r1000
RPM,RPM International Inc. Common Stock,13186745961.0,Consumer Discretionary,Paints/Coatings,,United States,110621.0,NYSE,False,True,583.0,r1000
ALLE,Allegion plc Ordinary Shares,13186654405.0,Consumer Discretionary,Diversified Commercial Services,2013.0,United States,1579241.0,NYSE,True,True,584.0,r1000
DTM,DT Midstream Inc. Common Stock ,13148751501.0,Utilities,Natural Gas Distribution,2021.0,United States,1842022.0,NYSE,False,True,585.0,r1000
CNA,CNA Financial Corporation Common Stock,13140381064.0,Finance,Property-Casualty Insurers,,United States,21175.0,NYSE,False,True,586.0,r1000
AHR,American Healthcare REIT Inc. Common Stock,13107340092.0,Real Estate,Real Estate Investment Trusts,2024.0,United States,1632970.0,NYSE,False,True,587.0,r1000
SEIC,SEI Investments Company Common Stock,13096493140.0,Finance,Investment Bankers/Brokers/Service,1981.0,United States,350894.0,Nasdaq,False,True,588.0,r1000
CET,Central Securities Corporation Common Stock,13083882312.0,Finance,Finance/Investors Services,1951.0,United States,18748.0,NYSE,False,True,589.0,r1000
EMBJ,Embraer S.A. Common Stock,13047735742.0,Industrials,Aerospace,,Brazil,1355444.0,NYSE,False,False,,
LULU,lululemon athletica inc. Common Stock,13020145497.0,Consumer Discretionary,Apparel,2007.0,Canada,1397187.0,Nasdaq,True,False,,
COKE,Coca-Cola Consolidated Inc. Common Stock,12997344046.0,Consumer Staples,Beverages (Production/Distribution),1972.0,United States,317540.0,Nasdaq,False,True,590.0,r1000
ALLY,Ally Financial Inc. Common Stock,12977158903.0,Finance,Major Banks,2014.0,United States,40729.0,NYSE,False,True,591.0,r1000
TOL,Toll Brothers Inc. Common Stock,12965082900.0,Consumer Discretionary,Homebuilding,,United States,794170.0,NYSE,False,True,592.0,r1000
BMRN,BioMarin Pharmaceutical Inc. Common Stock,12963634640.0,Health Care,Biotechnology: Pharmaceutical Preparations,1999.0,United States,1048477.0,Nasdaq,False,True,593.0,r1000
W,Wayfair Inc. Class A Common Stock,12948961338.0,Consumer Discretionary,Catalog/Specialty Distribution,2014.0,United States,1616707.0,NYSE,False,True,594.0,r1000
UHAL,U-Haul Holding Company Common Stock,12938831027.0,Consumer Discretionary,Rental/Leasing Companies,2022.0,United States,4457.0,NYSE,False,True,595.0,r1000
LII,Lennox International Inc. Common Stock,12925692450.0,Industrials,Industrial Machinery/Components,1999.0,United States,1069202.0,NYSE,True,True,596.0,r1000
GDDY,GoDaddy Inc. Class A Common Stock,12901601606.0,Technology,EDP Services,2015.0,United States,1609711.0,NYSE,True,True,597.0,r1000
MAIR,Madison Air Solutions Corporation Class A Common Stock,12879219450.0,Industrials,Pollution Control Equipment,2026.0,,2098430.0,NYSE,False,False,,
WSO,Watsco Inc. Common Stock,12743627770.0,Consumer Discretionary,Industrial Machinery/Components,,United States,105016.0,NYSE,False,True,598.0,r1000
CCK,Crown Holdings Inc.,12724979787.0,Industrials,Containers/Packaging,,United States,1219601.0,NYSE,False,True,599.0,r1000
PEN,Penumbra Inc. Common Stock,12714905422.0,Health Care,Medical/Dental Instruments,2015.0,United States,1321732.0,NYSE,False,True,600.0,r1000
CSGP,CoStar Group Inc. Common Stock,12666476601.0,Finance,Real Estate,1998.0,United States,1057352.0,Nasdaq,True,True,601.0,r1000
FMS,Fresenius Medical Care AG American Depositary Shares (Each representing 1/2 of an Ordinary Share),12651786491.0,Health Care,Misc Health and Biotechnology Services,,Germany,1333141.0,NYSE,False,False,,
CHYM,Chime Financial Inc. Class A Common Stock,12648528559.0,Finance,Finance: Consumer Services,2025.0,United States,1795586.0,Nasdaq,False,True,602.0,r1000
QNT,Quantinuum Inc. Class A Common Stock,12638790816.0,Technology,EDP Services,2026.0,United States,2110105.0,Nasdaq,False,True,603.0,r1000
MANH,Manhattan Associates Inc. Common Stock,12638768780.0,Technology,Computer Software: Prepackaged Software,1998.0,United States,1056696.0,Nasdaq,False,True,604.0,r1000
MDGL,Madrigal Pharmaceuticals Inc. Common Stock,12636339633.0,Health Care,Biotechnology: Pharmaceutical Preparations,2007.0,United States,1157601.0,Nasdaq,False,True,605.0,r1000
GGG,Graco Inc. Common Stock,12577333972.0,Industrials,Fluid Controls,,United States,42888.0,NYSE,False,True,606.0,r1000
TXRH,Texas Roadhouse Inc. Common Stock,12529539955.0,Consumer Discretionary,Restaurants,2004.0,United States,1289460.0,Nasdaq,False,True,607.0,r1000
NXT,Nextpower Inc. Common Stock,12525271876.0,Technology,Semiconductors,2023.0,United States,1852131.0,Nasdaq,False,True,608.0,r1000
ONTO,Onto Innovation Inc. Common Stock,12491849574.0,Industrials,Industrial Machinery/Components,,United States,704532.0,NYSE,False,True,609.0,r1000
SMTC,Semtech Corporation Common Stock,12491635040.0,Technology,Semiconductors,,United States,88941.0,Nasdaq,False,True,610.0,r1000
DOCU,DocuSign Inc. Common Stock,12485867917.0,Technology,Computer Software: Prepackaged Software,1989.0,United States,1261333.0,Nasdaq,False,True,611.0,r1000
HALO,Halozyme Therapeutics Inc. Common Stock,12446190680.0,Health Care,Biotechnology: Biological Products (No Diagnostic Substances),,United States,1159036.0,Nasdaq,False,True,612.0,r1000
PAC,Grupo Aeroportuario Del Pacifico S.A. B. de C.V. Grupo Aeroportuario Del Pacifico S.A. de C.V. (each representing 10 Series B shares),12403154379.0,Consumer Discretionary,Aerospace,2006.0,Mexico,1347557.0,NYSE,False,False,,
FNF,Fidelity National Financial Inc. Common Stock,12385144751.0,Finance,Specialty Insurers,2014.0,United States,1331875.0,NYSE,False,True,613.0,r1000
HMY,Harmony Gold Mining Company Limited,12346232232.0,Basic Materials,Precious Metals,,South Africa,1023514.0,NYSE,False,False,,
ELAN,Elanco Animal Health Incorporated Common Stock,12330666764.0,Health Care,Biotechnology: Pharmaceutical Preparations,2018.0,United States,1739104.0,NYSE,False,True,614.0,r1000
DOCN,DigitalOcean Holdings Inc. Common Stock,12330567409.0,Technology,Computer Software: Programming Data Processing,2021.0,United States,1582961.0,NYSE,False,True,615.0,r1000
GLPI,Gaming and Leisure Properties Inc. Common Stock,12317554621.0,Real Estate,Real Estate Investment Trusts,,United States,1575965.0,Nasdaq,False,True,616.0,r1000
PSKY,Paramount Skydance Corporation Class B Common Stock,12307745196.0,Industrials,Broadcasting,,United States,2041610.0,Nasdaq,True,True,617.0,r1000
DKS,Dick's Sporting Goods Inc Common Stock,12292278432.0,Consumer Discretionary,Other Specialty Stores,2002.0,United States,1089063.0,NYSE,False,True,618.0,r1000
ELS,Equity Lifestyle Properties Inc. Common Stock,12249358751.0,Real Estate,Real Estate Investment Trusts,,United States,895417.0,NYSE,False,True,619.0,r1000
HUBS,HubSpot Inc. Common Stock,12242651008.0,Technology,Computer Software: Prepackaged Software,2014.0,United States,1404655.0,NYSE,False,True,620.0,r1000
ICLR,ICON plc Ordinary Shares,12238521228.0,Health Care,Biotechnology: Commercial Physical & Biological Resarch,1998.0,Ireland,1060955.0,Nasdaq,False,False,,
TTMI,TTM Technologies Inc. Common Stock,12178328678.0,Technology,Electrical Products,2000.0,United States,1116942.0,Nasdaq,False,True,621.0,r1000
SNN,Smith & Nephew SNATS Inc. Common Stock,12176545207.0,Health Care,Industrial Specialties,,United Kingdom,845982.0,NYSE,False,False,,
AR,Antero Resources Corporation Common Stock,12171510010.0,Energy,Oil & Gas Production,2013.0,United States,1433270.0,NYSE,False,True,622.0,r1000
RTO,Rentokil Initial plc American Depositary Shares (each representing five (5) Ordinary Shares),12171172000.0,Consumer Discretionary,Other Consumer Services,2022.0,United States,930157.0,NYSE,False,True,623.0,r1000
MICC,The Magnum Ice Cream Company N.V. Ordinary Shares,12153355819.0,Consumer Staples,Specialty Foods,2025.0,,2071668.0,NYSE,False,False,,
HRL,Hormel Foods Corporation Common Stock,12135235140.0,Consumer Staples,Meat/Poultry/Fish,,United States,48465.0,NYSE,True,True,624.0,r1000
HBM,Hudbay Minerals Inc. Ordinary Shares (Canada),12134034843.0,Basic Materials,Metal Mining,,Canada,1322422.0,NYSE,False,False,,
SF,Stifel Financial Corporation Common Stock,12081648737.0,Finance,Investment Bankers/Brokers/Service,,United States,720672.0,NYSE,False,True,625.0,r1000
ARWR,Arrowhead Pharmaceuticals Inc. Common Stock,12058893848.0,Health Care,Biotechnology: Pharmaceutical Preparations,,United States,879407.0,Nasdaq,False,True,626.0,r1000
DKNG,DraftKings Inc. Class A Common Stock,12019152502.0,Consumer Discretionary,Services-Misc. Amusement & Recreation,2019.0,United States,1883685.0,Nasdaq,False,True,627.0,r1000
PINS,Pinterest Inc. Class A Common Stock,12017162433.0,Technology,Computer Software: Programming Data Processing,2019.0,United States,1506293.0,NYSE,False,True,628.0,r1000
EHC,Encompass Health Corporation Common Stock,11954817073.0,Health Care,Hospital/Nursing Management,,United States,785161.0,NYSE,False,True,629.0,r1000
CORT,Corcept Therapeutics Incorporated Common Stock,11937305981.0,Health Care,Biotechnology: Pharmaceutical Preparations,2004.0,United States,1088856.0,Nasdaq,False,True,630.0,r1000
ERIE,Erie Indemnity Company Class A Common Stock,11935717062.0,Finance,Specialty Insurers,,United States,922621.0,Nasdaq,True,True,631.0,r1000
CART,Maplebear Inc. Common Stock,11929198453.0,Consumer Discretionary,Business Services,2023.0,United States,1579091.0,Nasdaq,False,True,632.0,r1000
AMH,American Homes 4 Rent Common Shares of Beneficial Interest,11849346353.0,Real Estate,Real Estate Investment Trusts,2013.0,United States,1562401.0,NYSE,False,True,633.0,r1000
BEPC,Brookfield Renewable Corporation Brookfield Renewable Corporation Class A Subordinate Voting Shares,11826690023.0,Utilities,Electric Utilities: Central,,United States,1791863.0,NYSE,False,True,634.0,r1000
AFG,American Financial Group Inc. Common Stock,11824601052.0,Finance,Property-Casualty Insurers,,United States,1042046.0,NYSE,False,True,635.0,r1000
PNW,Pinnacle West Capital Corporation Common Stock,11802186647.0,Utilities,Electric Utilities: Central,,United States,764622.0,NYSE,True,True,636.0,r1000
IT,Gartner Inc. Common Stock,11793071268.0,Consumer Discretionary,Other Consumer Services,1993.0,United States,749251.0,NYSE,True,True,637.0,r1000
WTRG,Essential Utilities Inc. Common Stock,11791001038.0,Utilities,Water Supply,,United States,78128.0,NYSE,False,True,638.0,r1000
UDR,UDR Inc. Common Stock,11755057883.0,Real Estate,Real Estate Investment Trusts,,United States,74208.0,NYSE,True,True,639.0,r1000
WTS,Watts Water Technologies Inc. Class A Common Stock,11745492312.0,Industrials,Metal Fabrications,1986.0,United States,795403.0,NYSE,False,True,640.0,r1000
AUR,Aurora Innovation Inc. Class A Common Stock,11724308318.0,Technology,EDP Services,2021.0,United States,1828108.0,Nasdaq,False,True,641.0,r1000
AIT,Applied Industrial Technologies Inc. Common Stock,11723449549.0,Consumer Discretionary,Industrial Specialties,,United States,109563.0,NYSE,False,True,642.0,r1000
AMKR,Amkor Technology Inc. Common Stock,11719503104.0,Technology,Semiconductors,1998.0,United States,1047127.0,Nasdaq,False,True,643.0,r1000
BJ,BJ's Wholesale Club Holdings Inc. Common Stock,11715687683.0,Consumer Discretionary,Department/Specialty Retail Stores,2018.0,United States,1531152.0,NYSE,False,True,644.0,r1000
JKHY,Jack Henry & Associates Inc. Common Stock,11710908914.0,Technology,EDP Services,1985.0,United States,779152.0,Nasdaq,True,True,645.0,r1000
SMMT,Summit Therapeutics Inc. Common Stock ,11647144189.0,Health Care,Biotechnology: Pharmaceutical Preparations,2015.0,United States,1599298.0,Nasdaq,False,True,646.0,r1000
FHN,First Horizon Corporation Common Stock,11640704772.0,Finance,Major Banks,,United States,36966.0,NYSE,False,True,647.0,r1000
SUZ,Suzano S.A. American Depositary Shares (each representing One Ordinary Share),11554035001.0,Basic Materials,Paper,2018.0,Brazil,909327.0,NYSE,False,False,,
IAG,Iamgold Corporation Ordinary Shares,11534200000.0,Basic Materials,Precious Metals,,Canada,1203464.0,NYSE,False,False,,
CR,Crane Company Common Stock,11508050880.0,Industrials,Metal Fabrications,2023.0,United States,1944013.0,NYSE,False,True,648.0,r1000
DPZ,Domino's Pizza Inc Common Stock,11468775890.0,Consumer Discretionary,Food Distributors,2004.0,United States,1286681.0,Nasdaq,True,True,649.0,r1000
DVA,DaVita Inc. Common Stock,11445082000.0,Health Care,Misc Health and Biotechnology Services,,United States,927066.0,NYSE,True,True,650.0,r1000
DECK,Deckers Outdoor Corporation Common Stock,11426055654.0,Consumer Discretionary,Shoe Manufacturing,1993.0,United States,910521.0,NYSE,True,True,651.0,r1000
CLX,Clorox Company (The) Common Stock,11400165841.0,Consumer Discretionary,Specialty Chemicals,,United States,21076.0,NYSE,True,True,652.0,r1000
HII,Huntington Ingalls Industries Inc. Common Stock,11376895535.0,Industrials,Marine Transportation,,United States,1501585.0,NYSE,True,True,653.0,r1000
TECH,Bio-Techne Corp Common Stock,11337958607.0,Health Care,Biotechnology: Biological Products (No Diagnostic Substances),,United States,842023.0,Nasdaq,True,True,654.0,r1000
FROG,JFrog Ltd. Ordinary Shares,11310429258.0,Technology,Computer Software: Prepackaged Software,2020.0,United States,1800667.0,Nasdaq,False,True,655.0,r1000
ALGN,Align Technology Inc. Common Stock,11305992446.0,Health Care,Industrial Specialties,2001.0,United States,1097149.0,Nasdaq,True,True,656.0,r1000
TEM,Tempus AI Inc. Class A Common Stock,11176128787.0,Technology,Computer Software: Programming Data Processing,2024.0,United States,1717115.0,Nasdaq,False,True,657.0,r1000
TX,Ternium S.A. Ternium S.A. American Depositary Shares (each representing ten shares USD1.00 par value),11164017648.0,Industrials,Steel/Iron Ore,,Luxembourg,1342874.0,NYSE,False,False,,
NVMI,Nova Ltd. Ordinary Shares,11111327011.0,Technology,Electronic Components,2000.0,Israel,1109345.0,Nasdaq,False,False,,
EVR,Evercore Inc. Class A Common Stock,11102375931.0,Finance,Investment Managers,2006.0,United States,1360901.0,NYSE,False,True,658.0,r1000
SCI,Service Corporation International Common Stock,11078473147.0,Consumer Discretionary,Other Consumer Services,,United States,89089.0,NYSE,False,True,659.0,r1000
AXSM,Axsome Therapeutics Inc. Common Stock,10995781315.0,Health Care,Biotechnology: Pharmaceutical Preparations,2015.0,United States,1579428.0,Nasdaq,False,True,660.0,r1000
KNX,Knight-Swift Transportation Holdings Inc.,10973009520.0,Industrials,Trucking Freight/Courier Services,2017.0,United States,1492691.0,NYSE,False,True,661.0,r1000
KRYS,Krystal Biotech Inc. Common Stock,10928778216.0,Health Care,Biotechnology: Biological Products (No Diagnostic Substances),2017.0,United States,1711279.0,Nasdaq,False,True,662.0,r1000
LI,Li Auto Inc. American Depositary Shares,10919042286.0,Industrials,Auto Manufacturing,2020.0,China,1791706.0,Nasdaq,False,False,,
FDS,FactSet Research Systems Inc. Common Stock,10885545746.0,Technology,Computer Software: Programming Data Processing,2000.0,United States,1013237.0,NYSE,True,True,663.0,r1000
BPOP,Popular Inc. Common Stock,10878698916.0,Finance,Major Banks,,United States,763901.0,Nasdaq,False,True,664.0,r1000
NYT,New York Times Company (The) Common Stock,10862833700.0,Consumer Discretionary,Newspapers/Magazines,,United States,71691.0,NYSE,False,True,665.0,r1000
RYAN,Ryan Specialty Holdings Inc. Class A Common Stock,10831197997.0,Finance,Specialty Insurers,2021.0,United States,1849253.0,NYSE,False,True,666.0,r1000
GMED,Globus Medical Inc. Class A Common Stock,10829565983.0,Health Care,Medical/Dental Instruments,2012.0,United States,1237831.0,NYSE,False,True,667.0,r1000
SWKS,Skyworks Solutions Inc. Common Stock,10784384286.0,Technology,Semiconductors,,United States,4127.0,Nasdaq,True,True,668.0,r1000
FRHC,Freedom Holding Corp. Common Stock,10780115554.0,Finance,Investment Bankers/Brokers/Service,,Kazakhstan,924805.0,Nasdaq,False,False,,
UMBF,UMB Financial Corporation Common Stock,10778068757.0,Finance,Major Banks,,United States,101382.0,Nasdaq,False,True,669.0,r1000
AEIS,Advanced Energy Industries Inc. Common Stock,10741128040.0,Technology,Industrial Machinery/Components,1995.0,United States,927003.0,Nasdaq,False,True,670.0,r1000
BXP,BXP Inc. Common Stock,10713290408.0,Real Estate,Real Estate Investment Trusts,1997.0,United States,1037540.0,NYSE,True,True,671.0,r1000
RRX,Regal Rexnord Corporation Common Stock,10705974458.0,Industrials,Industrial Machinery/Components,1976.0,United States,82811.0,NYSE,False,True,672.0,r1000
MGM,MGM Resorts International Common Stock,10704911046.0,Consumer Discretionary,Hotels/Resorts,,United States,789570.0,NYSE,True,True,673.0,r1000
AM,Antero Midstream Corporation Common Stock,10684911740.0,Utilities,Natural Gas Distribution,2017.0,United States,1623925.0,NYSE,False,True,674.0,r1000
DAR,Darling Ingredients Inc. Common Stock,10670633180.0,Consumer Staples,Packaged Foods,1997.0,United States,916540.0,NYSE,False,True,675.0,r1000
GNRC,Generac Holdlings Inc. Common Stock,10665989814.0,Consumer Discretionary,Metal Fabrications,2010.0,United States,1474735.0,NYSE,True,True,676.0,r1000
ENLT,Enlight Renewable Energy Ltd. Ordinary Shares,10664681709.0,Utilities,Electric Utilities: Central,2023.0,Israel,1922641.0,Nasdaq,False,False,,
PAYP,PayPay Corporation American Depository Shares,10651461514.0,Consumer Discretionary,Business Services,2026.0,Japan,2080845.0,Nasdaq,False,False,,
PAYC,Paycom Software Inc. Common Stock,10648169989.0,Technology,Computer Software: Prepackaged Software,2014.0,United States,1590955.0,NYSE,False,True,677.0,r1000
OC,Owens Corning Inc Common Stock New,10612285693.0,Industrials,Industrial Machinery/Components,,United States,1370946.0,NYSE,False,True,678.0,r1000
CPT,Camden Property Trust Common Stock,10610922999.0,Real Estate,Real Estate Investment Trusts,1993.0,United States,906345.0,NYSE,True,True,679.0,r1000
BSY,Bentley Systems Incorporated Class B Common Stock,10609502262.0,Technology,Computer Software: Prepackaged Software,2020.0,United States,1031308.0,Nasdaq,False,True,680.0,r1000
TFII,TFI International Inc. Common Shares,10600048298.0,Industrials,Trucking Freight/Courier Services,,Canada,1588823.0,NYSE,False,False,,
ARW,Arrow Electronics Inc. Common Stock,10594945689.0,Technology,Electronic Components,,United States,7536.0,NYSE,False,True,681.0,r1000
XPEV,XPeng Inc. American depositary shares each representing two Class A ordinary shares,10590588644.0,Industrials,Auto Manufacturing,2020.0,China,1810997.0,NYSE,False,False,,
GKOS,Glaukos Corporation Common Stock,10589386210.0,Health Care,Medical/Dental Instruments,2015.0,United States,1192448.0,NYSE,False,True,682.0,r1000
MOH,Molina Healthcare Inc Common Stock,10576764000.0,Health Care,Medical Specialities,2003.0,United States,1179929.0,NYSE,False,True,683.0,r1000
AES,The AES Corporation Common Stock,10558891724.0,Industrials,Electric Utilities: Central,,United States,874761.0,NYSE,True,True,684.0,r1000
GSAT,Globalstar Inc. Common Stock,10554233749.0,Consumer Discretionary,Telecommunications Equipment,2025.0,United States,1366868.0,Nasdaq,False,True,685.0,r1000
ALSN,Allison Transmission Holdings Inc. Common Stock,10463463195.0,Consumer Discretionary,Auto Parts:O.E.M.,2012.0,United States,1411207.0,NYSE,False,True,686.0,r1000
AG,First Majestic Silver Corp. Ordinary Shares (Canada),10449615320.0,Basic Materials,Precious Metals,,Canada,1308648.0,NYSE,False,False,,
LFUS,Littelfuse Inc. Common Stock,10426693618.0,Energy,Electrical Products,,United States,889331.0,Nasdaq,False,True,687.0,r1000
DCI,Donaldson Company Inc. Common Stock,10421563045.0,Industrials,Pollution Control Equipment,,United States,29644.0,NYSE,False,True,688.0,r1000
BIO,Bio-Rad Laboratories Inc. Class A Common Stock,10388048369.0,Industrials,Biotechnology: Laboratory Analytical Instruments,1980.0,United States,12208.0,NYSE,False,True,689.0,r1000
SAIL,SailPoint Inc. Common Stock,10385120675.0,Technology,Computer Software: Prepackaged Software,2025.0,United States,2030781.0,Nasdaq,False,True,690.0,r1000
XP,XP Inc. Class A Common Stock,10361055661.0,Finance,Investment Bankers/Brokers/Service,2019.0,Brazil,1787425.0,Nasdaq,False,False,,
SSB,SouthState Bank Corporation Common Stock,10307423219.0,Finance,Major Banks,,United States,764038.0,NYSE,False,True,691.0,r1000
PODD,Insulet Corporation Common Stock,10274131040.0,Health Care,Medical/Dental Instruments,2007.0,United States,1145197.0,Nasdaq,True,True,692.0,r1000
WTFC,Wintrust Financial Corporation Common Stock,10269669497.0,Finance,Major Banks,,United States,1015328.0,Nasdaq,False,True,693.0,r1000
KLAR,Klarna Group plc Ordinary Shares,10267127460.0,Finance,Finance: Consumer Services,2025.0,,2003292.0,NYSE,False,False,,
JEF,Jefferies Financial Group Inc. Common Stock,10248988301.0,Finance,Investment Bankers/Brokers/Service,,United States,96223.0,NYSE,False,True,694.0,r1000
PSO,Pearson Plc Common Stock,10248659761.0,Consumer Discretionary,Books,,United Kingdom,938323.0,NYSE,False,False,,
FRT,Federal Realty Investment Trust Common Stock,10247704346.0,Real Estate,Real Estate Investment Trusts,,United States,34903.0,NYSE,True,True,695.0,r1000
APGE,Apogee Therapeutics Inc. Common Stock,10223142366.0,Health Care,Biotechnology: Biological Products (No Diagnostic Substances),2023.0,United States,1974640.0,Nasdaq,False,True,696.0,r1000
IONS,Ionis Pharmaceuticals Inc. Common Stock,10192084468.0,Health Care,Biotechnology: Pharmaceutical Preparations,,United States,874015.0,Nasdaq,False,True,697.0,r1000
ORI,Old Republic International Corporation Common Stock,10161911687.0,Finance,Property-Casualty Insurers,,United States,74260.0,NYSE,False,True,698.0,r1000
RDY,Dr. Reddy's Laboratories Ltd Common Stock,10157775325.0,Health Care,Biotechnology: Pharmaceutical Preparations,,India,1135951.0,NYSE,False,False,,
FRO,Frontline Plc Ordinary Shares,10111531618.0,Consumer Discretionary,Marine Transportation,,Bermuda,913290.0,NYSE,False,False,,
CGNX,Cognex Corporation Common Stock,10083337089.0,Industrials,Industrial Machinery/Components,1989.0,United States,851205.0,Nasdaq,False,True,699.0,r1000
HSIC,Henry Schein Inc. Common Stock,10073652931.0,Health Care,Medical Specialities,1995.0,United States,1000228.0,Nasdaq,True,True,700.0,r1000
ENSG,The Ensign Group Inc. Common Stock,10065376352.0,Health Care,Hospital/Nursing Management,2007.0,United States,1125376.0,Nasdaq,False,True,701.0,r1000
SANM,Sanmina Corporation Common Stock,10058615801.0,Technology,Electrical Products,1993.0,United States,897723.0,Nasdaq,False,True,702.0,r1000
CFR,Cullen/Frost Bankers Inc. Common Stock,10046972583.0,Finance,Major Banks,,United States,39263.0,NYSE,False,True,703.0,r1000
SIRI,SiriusXM Holdings Inc. Common Stock,10010886663.0,Consumer Discretionary,Broadcasting,,United States,908937.0,Nasdaq,False,True,704.0,r1000
WMS,Advanced Drainage Systems Inc. Common Stock,10001764563.0,Consumer Discretionary,Containers/Packaging,2014.0,United States,1604028.0,NYSE,False,True,705.0,r1000
CYTK,Cytokinetics Incorporated Common Stock,9999954457.0,Health Care,Biotechnology: Pharmaceutical Preparations,2004.0,United States,1061983.0,Nasdaq,False,True,706.0,r1000
PRAX,Praxis Precision Medicines Inc. Common Stock,9981395710.0,Health Care,Biotechnology: Pharmaceutical Preparations,2020.0,United States,1689548.0,Nasdaq,False,True,707.0,r1000
HUT,Hut 8 Corp. Common Stock,9944573878.0,Finance,Finance: Consumer Services,,United States,1964789.0,Nasdaq,False,True,708.0,r1000
DDS,Dillard's Inc. Common Stock,9944292407.0,Consumer Discretionary,Department/Specialty Retail Stores,,United States,28917.0,NYSE,False,True,709.0,r1000
ZION,Zions Bancorporation N.A. Common Stock,9927747207.0,Finance,Major Banks,,United States,109380.0,Nasdaq,False,True,710.0,r1000
RRC,Range Resources Corporation Common Stock,9926705797.0,Energy,Oil & Gas Production,,United States,315852.0,NYSE,False,True,711.0,r1000
AVTR,Avantor Inc. Common Stock,9908657006.0,Industrials,Biotechnology: Laboratory Analytical Instruments,2019.0,United States,1722482.0,NYSE,False,True,712.0,r1000
AYI,Acuity Inc. Common Stock,9896392483.0,Consumer Discretionary,Building Products,,United States,1144215.0,NYSE,False,True,713.0,r1000
CHWY,Chewy Inc. Class A Common Stock,9895783083.0,Consumer Discretionary,Catalog/Specialty Distribution,2019.0,United States,1766502.0,NYSE,False,True,714.0,r1000
FLS,Flowserve Corporation Common Stock,9881747517.0,Industrials,Fluid Controls,,United States,30625.0,NYSE,False,True,715.0,r1000
DRS,Leonardo DRS Inc. Common Stock,9880323885.0,Industrials,Industrial Machinery/Components,,Israel,1833756.0,Nasdaq,False,False,,
UHS,Universal Health Services Inc. Common Stock,9871276897.0,Health Care,Hospital/Nursing Management,,United States,352915.0,NYSE,True,True,716.0,r1000
KYMR,Kymera Therapeutics Inc. Common Stock,9864157813.0,Health Care,Biotechnology: Biological Products (No Diagnostic Substances),2020.0,United States,1815442.0,Nasdaq,False,True,717.0,r1000
GGB,Gerdau S.A. Common Stock,9830749704.0,Industrials,Steel/Iron Ore,,Brazil,1073404.0,NYSE,False,False,,
ONB,Old National Bancorp Common Stock,9812920500.0,Finance,Major Banks,,United States,707179.0,Nasdaq,False,True,718.0,r1000
RGEN,Repligen Corporation Common Stock,9759976296.0,Health Care,Biotechnology: Biological Products (No Diagnostic Substances),1986.0,United States,730272.0,Nasdaq,False,True,719.0,r1000
WLK,Westlake Corporation Common Stock,9747042716.0,Industrials,Major Chemicals,2004.0,United States,1262823.0,NYSE,False,True,720.0,r1000
MP,MP Materials Corp. Common Stock,9742156864.0,Basic Materials,Metal Mining,2020.0,United States,1801368.0,NYSE,False,True,721.0,r1000
MTCH,Match Group Inc. Common Stock,9742143803.0,Technology,Computer Software: Programming Data Processing,,United States,891103.0,Nasdaq,False,True,722.0,r1000
VIRT,Virtu Financial Inc. Class A Common Stock,9729502231.0,Finance,Investment Bankers/Brokers/Service,,United States,1592386.0,NYSE,False,True,723.0,r1000
LTH,Life Time Group Holdings Inc. Common Stock,9718360119.0,Consumer Discretionary,Hotels/Resorts,2021.0,United States,1869198.0,NYSE,False,True,724.0,r1000
SOLS,Solstice Advanced Materials Inc. Common Stock ,9688101035.0,Industrials,Major Chemicals,,United States,2064953.0,Nasdaq,False,True,725.0,r1000
SPXC,SPX Technologies Inc. Common Stock,9680094162.0,Industrials,Industrial Machinery/Components,,United States,88205.0,NYSE,False,True,726.0,r1000
NIO,NIO Inc. American depositary shares each  representing one Class A ordinary share,9671874705.0,Industrials,Auto Manufacturing,2018.0,United States,1736541.0,NYSE,False,True,727.0,r1000
EAT,Brinker International Inc. Common Stock,9647717310.0,Consumer Discretionary,Restaurants,,United States,703351.0,NYSE,False,True,728.0,r1000
VSAT,ViaSat Inc. Common Stock,9631886235.0,Consumer Discretionary,Telecommunications Equipment,1996.0,United States,797721.0,Nasdaq,False,True,729.0,r1000
OGE,OGE Energy Corp Common Stock,9597766594.0,Utilities,Electric Utilities: Central,,United States,1021635.0,NYSE,False,True,730.0,r1000
MUSA,Murphy USA Inc. Common Stock,9566419203.0,Consumer Discretionary,Retail-Auto Dealers and Gas Stations,2013.0,United States,1573516.0,NYSE,False,True,731.0,r1000
ABVX,Abivax SA American Depositary Shares,9563380948.0,Health Care,Biotechnology: Pharmaceutical Preparations,2023.0,France,1956827.0,Nasdaq,False,False,,
PNR,Pentair plc. Ordinary Share,9552734928.0,Industrials,Industrial Machinery/Components,,Switzerland,77360.0,NYSE,True,False,,
FCFS,FirstCash Holdings Inc. Common Stock,9546133180.0,Consumer Discretionary,Other Specialty Stores,1991.0,United States,840489.0,Nasdaq,False,True,732.0,r1000
MOD,Modine Manufacturing Company Common Stock,9534262213.0,Consumer Discretionary,Auto Parts:O.E.M.,,United States,67347.0,NYSE,False,True,733.0,r1000
GIL,Gildan Activewear Inc. Class A Sub. Vot. Common Stock,9529972498.0,Consumer Discretionary,Apparel,2000.0,Canada,1061894.0,NYSE,False,False,,
JAN,Janus Living Inc. Class A-1 Common Stock,9525926823.0,Real Estate,Real Estate Investment Trusts,2026.0,,2100805.0,NYSE,False,False,,
KT,KT Corporation Common Stock,9475035976.0,Telecommunications,Telecommunications Equipment,,South Korea,892450.0,NYSE,False,False,,
SNAP,Snap Inc. Class A Common Stock,9453795210.0,Technology,Computer Software: Programming Data Processing,2017.0,United States,1564408.0,NYSE,False,True,734.0,r1000
PTGX,Protagonist Therapeutics Inc. Common Stock,9452586273.0,Health Care,Biotechnology: Pharmaceutical Preparations,2016.0,United States,1377121.0,Nasdaq,False,True,735.0,r1000
TTC,Toro Company (The) Common Stock,9442008296.0,Consumer Discretionary,Tools/Hardware,,United States,737758.0,NYSE,False,True,736.0,r1000
OSK,Oshkosh Corporation (Holding Company)Common Stock,9439390225.0,Industrials,Auto Manufacturing,,United States,775158.0,NYSE,False,True,737.0,r1000
LLYVK,Liberty Live Holdings Inc. Series C Liberty Live Group Common Stock,9431471094.0,Consumer Discretionary,Services-Misc. Amusement & Recreation,,United States,2078416.0,Nasdaq,False,True,738.0,r1000
WYNN,Wynn Resorts Limited Common stock,9424170504.0,Consumer Discretionary,Hotels/Resorts,2002.0,United States,1174922.0,Nasdaq,True,True,739.0,r1000
EDU,New Oriental Education & Technology Group Inc. Sponsored ADR representing 10 Ordinary Share (Cayman Islands),9413470935.0,Real Estate,Other Consumer Services,2006.0,China,1372920.0,NYSE,False,False,,
ESTC,Elastic N.V. Ordinary Shares,9405118862.0,Technology,Computer Software: Prepackaged Software,2018.0,United States,1707753.0,NYSE,False,True,740.0,r1000
GLXY,Galaxy Digital Inc. Class A Common Stock,9404791505.0,Finance,Investment Bankers/Brokers/Service,,United States,1859392.0,Nasdaq,False,True,741.0,r1000
OSCR,Oscar Health Inc. Class A Common Stock,9361202850.0,Health Care,Medical Specialities,2021.0,United States,1568651.0,NYSE,False,True,742.0,r1000
CTRE,CareTrust REIT Inc. Common Stock,9350121884.0,Real Estate,Real Estate Investment Trusts,2022.0,United States,1590717.0,NYSE,False,True,743.0,r1000
APTV,Aptiv PLC Ordinary Shares,9349728895.0,Consumer Discretionary,Auto Parts:O.E.M.,,United Kingdom,1521332.0,NYSE,True,False,,
EMP,Entergy Mississippi LLC First Mortgage Bonds 4.90% Series Due October 1 2066,9323297330.0,Utilities,Electric Utilities: Central,2016.0,United States,66901.0,NYSE,False,True,744.0,r1000
R,Ryder System Inc. Common Stock,9323274017.0,Consumer Discretionary,Rental/Leasing Companies,,United States,85961.0,NYSE,False,True,745.0,r1000
PATH,UiPath Inc. Class A Common Stock,9320983585.0,Technology,Computer Software: Prepackaged Software,2021.0,United States,1734722.0,NYSE,False,True,746.0,r1000
MSGS,Madison Square Garden Sports Corp. Class A Common Stock (New),9320141164.0,Consumer Discretionary,Services-Misc. Amusement & Recreation,2015.0,United States,1636519.0,NYSE,False,True,747.0,r1000
HLI,Houlihan Lokey Inc. Class A Common Stock,9309580665.0,Finance,Investment Managers,2015.0,United States,1302215.0,NYSE,False,True,748.0,r1000
JXN,Jackson Financial Inc. Class A Common Stock ,9285610802.0,Finance,Life Insurance,2021.0,United States,1822993.0,NYSE,False,True,749.0,r1000
VOYA,Voya Financial Inc. Common Stock,9276160174.0,Finance,Life Insurance,2013.0,United States,1535929.0,NYSE,False,True,750.0,r1000
AMG,Affiliated Managers Group Inc. Common Stock,9218290317.0,Finance,Investment Managers,,United States,1004434.0,NYSE,False,True,751.0,r1000
TTEK,Tetra Tech Inc. Common Stock,9194555409.0,Consumer Discretionary,Military/Government/Technical,1991.0,United States,831641.0,Nasdaq,False,True,752.0,r1000
RMBS,Rambus Inc. Common Stock,9188867006.0,Technology,Semiconductors,1997.0,United States,917273.0,Nasdaq,False,True,753.0,r1000
ARE,Alexandria Real Estate Equities Inc. Common Stock,9186331890.0,Real Estate,Real Estate Investment Trusts,,United States,1035443.0,NYSE,True,True,754.0,r1000
PCVX,Vaxcyte Inc. Common Stock,9163429019.0,Health Care,Biotechnology: Biological Products (No Diagnostic Substances),2020.0,United States,1649094.0,Nasdaq,False,True,755.0,r1000
ELPC,Companhia Paranaense de Energia (COPEL) American Depositary Shares (each representing four (4) Common Shares),9127400412.0,Utilities,Electric Utilities: Central,2023.0,Brazil,1041792.0,NYSE,False,False,,
QGEN,Qiagen N.V. Common Shares,9108504083.0,Health Care,Biotechnology: Biological Products (No Diagnostic Substances),2026.0,Netherlands,1015820.0,NYSE,False,False,,
SM,SM Energy Company Common Stock,9107432264.0,Energy,Oil & Gas Production,,United States,893538.0,NYSE,False,True,756.0,r1000
EAI,Entergy Arkansas LLC First Mortgage Bonds 4.875% Series Due September 1 2066,9099314211.0,Utilities,Electric Utilities: Central,2016.0,United States,7323.0,NYSE,False,True,757.0,r1000
ENJ,Entergy New Orleans LLC First Mortgage Bonds 5.0% Series due December 1 2052,9040985274.0,Utilities,Power Generation,,United States,71508.0,NYSE,False,True,758.0,r1000
PCOR,Procore Technologies Inc. Common Stock,9039823058.0,Technology,Computer Software: Prepackaged Software,2021.0,United States,1611052.0,NYSE,False,True,759.0,r1000
ADC,Agree Realty Corporation Common Stock,9033669285.0,Real Estate,Real Estate Investment Trusts,,United States,917251.0,NYSE,False,True,760.0,r1000
PRI,Primerica Inc. Common Stock,9033459999.0,Finance,Life Insurance,2010.0,United States,1475922.0,NYSE,False,True,761.0,r1000
BRX,Brixmor Property Group Inc. Common Stock,9022046090.0,Real Estate,Real Estate Investment Trusts,2013.0,United States,1581068.0,NYSE,False,True,762.0,r1000
KTOS,Kratos Defense & Security Solutions Inc. Common Stock,8969325004.0,Industrials,Military/Government/Technical,,United States,1069258.0,Nasdaq,False,True,763.0,r1000
SATA,Strive Inc. Variable Rate Series A Perpetual Preferred Stock,8968342300.0,Technology,Computer Software: Prepackaged Software,,United States,1920406.0,Nasdaq,False,True,764.0,r1000
DY,Dycom Industries Inc. Common Stock,8957201010.0,Industrials,Water Sewer Pipeline Comm & Power Line Construction,,United States,67215.0,NYSE,False,True,765.0,r1000
FPS,Forgent Power Solutions Inc. Class A Common Stock,8956297914.0,Energy,Industrial Machinery/Components,2026.0,United States,2080126.0,NYSE,False,True,766.0,r1000
VMI,Valmont Industries Inc. Common Stock,8955909723.0,Industrials,Metal Fabrications,,United States,102729.0,NYSE,False,True,767.0,r1000
YMM,Full Truck Alliance Co. Ltd. American Depositary Shares (each representing 20 Class A Ordinary Shares),8954007559.0,Technology,Computer Software: Prepackaged Software,2021.0,China,1838413.0,NYSE,False,False,,
PBF,PBF Energy Inc. Class A Common Stock,8947160532.0,Energy,Integrated oil Companies,2012.0,United States,1534504.0,NYSE,False,True,768.0,r1000
SBSW,D/B/A Sibanye-Stillwater Limited ADS,8887981209.0,Basic Materials,Precious Metals,,South Africa,1786909.0,NYSE,False,False,,
CUBE,CubeSmart Common Shares,8884902503.0,Real Estate,Real Estate Investment Trusts,,United States,1298675.0,NYSE,False,True,769.0,r1000
QRVO,Qorvo Inc. Common Stock,8877742929.0,Technology,Semiconductors,,United States,1604778.0,Nasdaq,False,True,770.0,r1000
ALV,Autoliv Inc. Common Stock,8874153584.0,Consumer Discretionary,Auto Parts:O.E.M.,,Sweden,1034670.0,NYSE,False,False,,
AGCO,AGCO Corporation Common Stock,8872319747.0,Industrials,Industrial Machinery/Components,,United States,880266.0,NYSE,False,True,771.0,r1000
SAIA,Saia Inc. Common Stock,8857050786.0,Industrials,Trucking Freight/Courier Services,,United States,1177702.0,Nasdaq,False,True,772.0,r1000
LINE,Lineage Inc. Common Stock,8830594265.0,Real Estate,Real Estate Investment Trusts,2024.0,United States,1868159.0,Nasdaq,False,True,773.0,r1000
SFD,Smithfield Foods Inc. Common Stock,8820390454.0,Consumer Staples,Meat/Poultry/Fish,2025.0,United States,91388.0,Nasdaq,False,True,774.0,r1000
TIMB,TIM S.A. American Depositary Shares (Each representing 5 Common Shares) ,8803023275.0,Telecommunications,Telecommunications Equipment,2020.0,Brazil,1826168.0,NYSE,False,False,,
BAH,Booz Allen Hamilton Holding Corporation Common Stock,8801251474.0,Consumer Discretionary,Professional Services,2010.0,United States,1443646.0,NYSE,False,True,775.0,r1000
TTAN,ServiceTitan Inc. Class A Common Stock,8792794856.0,Technology,Computer Software: Prepackaged Software,2024.0,United States,1638826.0,Nasdaq,False,True,776.0,r1000
KNTK,Kinetik Holdings Inc. Class A Common Stock,8787958461.0,Utilities,Natural Gas Distribution,2022.0,United States,1692787.0,NYSE,False,True,777.0,r1000
AAOI,Applied Optoelectronics Inc. Common Stock,8756385585.0,Technology,Semiconductors,2013.0,United States,1158114.0,Nasdaq,False,True,778.0,r1000
MHK,Mohawk Industries Inc. Common Stock,8753123097.0,Consumer Discretionary,Home Furnishings,,United States,851968.0,NYSE,False,True,779.0,r1000
KMX,CarMax Inc,8717598627.0,Consumer Discretionary,Retail-Auto Dealers and Gas Stations,,United States,1170010.0,NYSE,False,True,780.0,r1000
TGTX,TG Therapeutics Inc. Common Stock,8709629116.0,Health Care,Biotechnology: Pharmaceutical Preparations,,United States,1001316.0,Nasdaq,False,True,781.0,r1000
BVN,Buenaventura Mining Company Inc.,8688890720.0,Basic Materials,Metal Mining,1996.0,Peru,1013131.0,NYSE,False,False,,
TWST,Twist Bioscience Corporation Common Stock,8685453794.0,Health Care,Biotechnology: Biological Products (No Diagnostic Substances),2018.0,United States,1581280.0,Nasdaq,False,True,782.0,r1000
AAL,American Airlines Group Inc. Common Stock,8678426058.0,Consumer Discretionary,Air Freight/Delivery Services,,United States,6201.0,Nasdaq,False,True,783.0,r1000
PB,Prosperity Bancshares Inc. Common Stock,8663543421.0,Finance,Major Banks,,United States,1068851.0,NYSE,False,True,784.0,r1000
NNN,NNN REIT Inc. Common Stock,8650348198.0,Real Estate,Real Estate Investment Trusts,,United States,751364.0,NYSE,False,True,785.0,r1000
WAL,Western Alliance Bancorporation Common Stock (DE),8632060360.0,Finance,Major Banks,2005.0,United States,1212545.0,NYSE,False,True,786.0,r1000
KNSL,Kinsale Capital Group Inc. Common Stock,8582454972.0,Finance,Property-Casualty Insurers,,United States,1669162.0,NYSE,False,True,787.0,r1000
VIST,Vista Energy S.A.B. de C.V. American Depositary Shares each representing one series A share with no par value,8574779476.0,Energy,Oil & Gas Production,2019.0,Mexico,1762506.0,NYSE,False,False,,
ACM,AECOM Common Stock,8553164406.0,Consumer Discretionary,Military/Government/Technical,2007.0,United States,868857.0,NYSE,False,True,788.0,r1000
VIAV,Viavi Solutions Inc. Common Stock,8512869066.0,Technology,Semiconductors,,United States,912093.0,Nasdaq,False,True,789.0,r1000
GME,GameStop Corporation Common Stock,8511673145.0,Consumer Discretionary,Electronics Distribution,2002.0,United States,1326380.0,NYSE,False,True,790.0,r1000
IDCC,InterDigital Inc. Common Stock,8510563049.0,Miscellaneous,Multi-Sector Companies,,United States,1405495.0,Nasdaq,False,True,791.0,r1000
COLB,Columbia Banking System Inc. Common Stock,8509700221.0,Finance,Major Banks,1992.0,United States,887343.0,Nasdaq,False,True,792.0,r1000
CNM,Core & Main Inc. Class A Common Stock,8470371932.0,Consumer Discretionary,Durable Goods,2021.0,United States,1856525.0,NYSE,False,True,793.0,r1000
RHP,Ryman Hospitality Properties Inc. (REIT),8460118657.0,Real Estate,Real Estate Investment Trusts,,United States,1040829.0,NYSE,False,True,794.0,r1000
LNC,Lincoln National Corporation Common Stock,8446656464.0,Finance,Life Insurance,,United States,59558.0,NYSE,False,True,795.0,r1000
IBRX,ImmunityBio Inc. Common Stock,8425698370.0,Health Care,Biotechnology: Biological Products (No Diagnostic Substances),2015.0,United States,1326110.0,Nasdaq,False,True,796.0,r1000
BROS,Dutch Bros Inc. Class A Common Stock,8407430991.0,Consumer Discretionary,Restaurants,2021.0,United States,1866581.0,NYSE,False,True,797.0,r1000
ESI,Element Solutions Inc. Common Stock,8390278169.0,Industrials,Major Chemicals,2014.0,United States,1590714.0,NYSE,False,True,798.0,r1000
GTLB,GitLab Inc. Class A Common Stock,8375751000.0,Technology,Computer Software: Prepackaged Software,2021.0,United States,1653482.0,Nasdaq,False,True,799.0,r1000
VICR,Vicor Corporation Common Stock,8372521464.0,Technology,Industrial Machinery/Components,,United States,751978.0,Nasdaq,False,True,800.0,r1000
NEU,NewMarket Corp Common Stock,8360912515.0,Industrials,Major Chemicals,,United States,1282637.0,NYSE,False,True,801.0,r1000
TKR,Timken Company (The) Common Stock,8331558953.0,Industrials,Metal Fabrications,,United States,98362.0,NYSE,False,True,802.0,r1000
CBSH,Commerce Bancshares Inc. Common Stock,8313329037.0,Finance,Major Banks,,United States,22356.0,Nasdaq,False,True,803.0,r1000
JMKE,Jersey Mike's Subs Inc. Class A Common Stock,8310460815.0,Consumer Discretionary,Restaurants,2026.0,,2127043.0,NYSE,False,False,,
ATR,AptarGroup Inc. Common Stock,8286528543.0,Industrials,Plastic Products,,United States,896622.0,NYSE,False,True,804.0,r1000
BOKF,BOK Financial Corporation Common Stock,8271585936.0,Finance,Major Banks,,United States,875357.0,Nasdaq,False,True,805.0,r1000
EMN,Eastman Chemical Company Common Stock,8253474699.0,Industrials,Major Chemicals,,United States,915389.0,NYSE,False,True,806.0,r1000
SSL,Sasol Ltd. American Depositary Shares,8234076319.0,Energy,Oil & Gas Production,,South Africa,314590.0,NYSE,False,False,,
SIMO,Silicon Motion Technology Corporation American Depositary Shares,8222989066.0,Technology,Semiconductors,2005.0,Taiwan,1329394.0,Nasdaq,False,False,,
PCTY,Paylocity Holding Corporation Common Stock,8202606480.0,Technology,Computer Software: Prepackaged Software,2014.0,United States,1591698.0,Nasdaq,False,True,807.0,r1000
MOS,Mosaic Company (The) Common Stock,8195349754.0,Industrials,Agricultural Chemicals,,United States,1285785.0,NYSE,True,True,808.0,r1000
LAD,Lithia Motors Inc. Common Stock,8182555438.0,Consumer Discretionary,Retail-Auto Dealers and Gas Stations,,United States,1023128.0,NYSE,False,True,809.0,r1000
CHRD,Chord Energy Corporation Common Stock,8181707694.0,Energy,Oil & Gas Production,,United States,1486159.0,Nasdaq,False,True,810.0,r1000
FR,First Industrial Realty Trust Inc. Common Stock,8173122121.0,Real Estate,Real Estate Investment Trusts,1994.0,United States,921825.0,NYSE,False,True,811.0,r1000
REXR,Rexford Industrial Realty Inc. Common Stock,8168054982.0,Real Estate,Real Estate Investment Trusts,2013.0,United States,1571283.0,NYSE,False,True,812.0,r1000
STN,Stantec Inc Common Stock,8166962420.0,Consumer Discretionary,Military/Government/Technical,,Canada,1131383.0,NYSE,False,False,,
IMVT,Immunovant Inc. Common Stock,8156765412.0,Health Care,Biotechnology: Biological Products (No Diagnostic Substances),2019.0,United States,1764013.0,Nasdaq,False,True,813.0,r1000
HQY,HealthEquity Inc. Common Stock,8150765268.0,Consumer Discretionary,Business Services,2014.0,United States,1428336.0,Nasdaq,False,True,814.0,r1000
UGI,UGI Corporation Common Stock,8129359249.0,Utilities,Natural Gas Distribution,,United States,884614.0,NYSE,False,True,815.0,r1000
SNEX,StoneX Group Inc. Common Stock,8064434902.0,Finance,Investment Bankers/Brokers/Service,,United States,913760.0,Nasdaq,False,True,816.0,r1000
AOS,A.O. Smith Corporation Common Stock,8053942036.0,Consumer Discretionary,Consumer Electronics/Appliances,,United States,91142.0,NYSE,True,True,817.0,r1000
TXG,10x Genomics Inc. Class A Common Stock,8032450507.0,Industrials,Biotechnology: Laboratory Analytical Instruments,2019.0,United States,1770787.0,Nasdaq,False,True,818.0,r1000
COMP,Compass Inc. Class A Common Stock,8022160066.0,Finance,Real Estate,2021.0,United States,1563190.0,NYSE,False,True,819.0,r1000
BZ,KANZHUN LIMITED American Depository Shares,8006538662.0,Technology,Computer Software: Programming Data Processing,2021.0,China,1842827.0,Nasdaq,False,False,,
ALKS,Alkermes plc Ordinary Shares,8005663340.0,Health Care,Biotechnology: Pharmaceutical Preparations,1991.0,Ireland,1520262.0,Nasdaq,False,False,,
PRMB,Primo Brands Corporation Class A Common Stock,7989906692.0,Consumer Staples,Beverages (Production/Distribution),2024.0,United States,2042694.0,NYSE,False,True,820.0,r1000
ZG,Zillow Group Inc. Class A Common Stock,7969568370.0,Consumer Discretionary,Business Services,2011.0,United States,1617640.0,Nasdaq,False,True,821.0,r1000
SARO,StandardAero Inc. Common Stock,7965230704.0,Industrials,Aerospace,2024.0,United States,2025410.0,NYSE,False,True,822.0,r1000
APPF,AppFolio Inc. Class A Common Stock,7942968796.0,Technology,Computer Software: Prepackaged Software,2015.0,United States,1433195.0,Nasdaq,False,True,823.0,r1000
UGP,Ultrapar Participacoes S.A. (New) American Depositary Shares (Each representing one Common Share),7934336669.0,Utilities,Oil/Gas Transmission,,Brazil,1094972.0,NYSE,False,False,,
CELH,Celsius Holdings Inc. Common Stock,7917466621.0,Consumer Staples,Beverages (Production/Distribution),,United States,1341766.0,Nasdaq,False,True,824.0,r1000
NFG,National Fuel Gas Company Common Stock,7908702688.0,Utilities,Oil/Gas Transmission,,United States,70145.0,NYSE,False,True,825.0,r1000
THG,Hanover Insurance Group Inc,7908368594.0,Finance,Property-Casualty Insurers,,United States,944695.0,NYSE,False,True,826.0,r1000
LEVI,Levi Strauss & Co Class A Common Stock,7874042499.0,Consumer Discretionary,Apparel,2019.0,United States,94845.0,NYSE,False,True,827.0,r1000
MORN,Morningstar Inc. Common Stock,7870347196.0,Finance,Investment Managers,2005.0,United States,1289419.0,Nasdaq,False,True,828.0,r1000
IDA,IDACORP Inc. Common Stock,7816195271.0,Utilities,Electric Utilities: Central,,United States,1057877.0,NYSE,False,True,829.0,r1000
SOBO,South Bow Corporation Common Shares,7798979204.0,Energy,Natural Gas Distribution,2024.0,Canada,2019061.0,NYSE,False,False,,
DBX,Dropbox Inc. Class A Common Stock,7786970333.0,Technology,Computer Software: Prepackaged Software,2018.0,United States,1467623.0,Nasdaq,False,True,830.0,r1000
ZWS,Zurn Elkay Water Solutions Corporation Common Stock,7779026149.0,Industrials,Industrial Machinery/Components,2012.0,United States,1439288.0,NYSE,False,True,831.0,r1000
CAG,ConAgra Brands Inc. Common Stock,7767494108.0,Consumer Staples,Packaged Foods,,United States,23217.0,NYSE,False,True,832.0,r1000
GAP,Gap Inc. (The) Common Stock,7749019222.0,Consumer Discretionary,Clothing/Shoe/Accessory Stores,,United States,39911.0,NYSE,False,True,833.0,r1000
NOV,NOV Inc. Common Stock,7739140094.0,Consumer Discretionary,Oil and Gas Field Machinery,,United States,1021860.0,NYSE,False,True,834.0,r1000
CBC,Central Bancompany Inc. Class A Common Stock,7736015796.0,Finance,Major Banks,,United States,2065601.0,Nasdaq,False,True,835.0,r1000
SSRM,SSR Mining Inc. Common Stock,7697576528.0,Industrials,Precious Metals,,Canada,921638.0,Nasdaq,False,False,,
MAAS,Maase Inc. Class A Ordinary Shares,7693855057.0,Finance,Investment Managers,2019.0,China,1750264.0,Nasdaq,False,False,,
NE,Noble Corporation plc A Ordinary Shares,7675597841.0,Energy,Oil & Gas Production,2022.0,United States,1895262.0,NYSE,False,True,836.0,r1000
SYRE,Spyre Therapeutics Inc. Common Stock,7675525982.0,Health Care,Biotechnology: Pharmaceutical Preparations,2016.0,United States,1636282.0,Nasdaq,False,True,837.0,r1000
ASR,Grupo Aeroportuario del Sureste S.A. de C.V. Common Stock,7672200000.0,Consumer Discretionary,Aerospace,,Mexico,1123452.0,NYSE,False,False,,
AXTA,Axalta Coating Systems Ltd. Common Shares,7659775693.0,Consumer Discretionary,Paints/Coatings,2014.0,United States,1616862.0,NYSE,False,True,838.0,r1000
CMC,Commercial Metals Company Common Stock,7649672765.0,Industrials,Steel/Iron Ore,,United States,22444.0,NYSE,False,True,839.0,r1000
ZETA,Zeta Global Holdings Corp. Class A Common Stock,7640854136.0,Technology,Computer Software: Prepackaged Software,2021.0,United States,1851003.0,NYSE,False,True,840.0,r1000
CAE,CAE Inc. Common Shares,7626185415.0,Miscellaneous,Industrial Machinery/Components,,Canada,1173382.0,Nasdaq,False,False,,
FLR,Fluor Corporation Common Stock,7569744392.0,Industrials,Military/Government/Technical,,United States,1124198.0,NYSE,False,True,841.0,r1000
FAF,First American Corporation (New) Common Stock,7560505000.0,Finance,Specialty Insurers,,United States,1472787.0,NYSE,False,True,842.0,r1000
TAP,Molson Coors Beverage Company Class B Common Stock,7558842444.0,Consumer Staples,Beverages (Production/Distribution),,Canada,24545.0,NYSE,True,False,,
FORM,FormFactor Inc. FormFactor Inc. Common Stock,7544899621.0,Technology,Semiconductors,2003.0,United States,1039399.0,Nasdaq,False,True,843.0,r1000
ICL,ICL Group Ltd. Ordinary Shares,7537528737.0,Industrials,Agricultural Chemicals,2014.0,Israel,941221.0,NYSE,False,False,,
ETSY,Etsy Inc. Common Stock,7500404447.0,Consumer Discretionary,Business Services,2025.0,United States,1370637.0,NYSE,False,True,844.0,r1000
KEX,Kirby Corporation Common Stock,7477536000.0,Consumer Discretionary,Marine Transportation,,United States,56047.0,NYSE,False,True,845.0,r1000
FIGR,Figure Technology Solutions Inc. Class A Common Stock,7447101572.0,Finance,Finance: Consumer Services,2025.0,U.S. Virgin Islands,2064124.0,Nasdaq,False,False,,
PJT,PJT Partners Inc. Class A Common Stock,7429252970.0,Finance,Investment Managers,2015.0,United States,1626115.0,NYSE,False,True,846.0,r1000
HNGE,Hinge Health Inc. Class A Common Stock,7411782201.0,Technology,EDP Services,2025.0,United States,1673743.0,NYSE,False,True,847.0,r1000
PPC,Pilgrim's Pride Corporation Common Stock,7409937267.0,Consumer Staples,Meat/Poultry/Fish,,United States,802481.0,Nasdaq,False,True,848.0,r1000
WULF,TeraWulf Inc. Common Stock,7394715793.0,Finance,Finance: Consumer Services,,United States,1083301.0,Nasdaq,False,True,849.0,r1000
AVAV,AeroVironment Inc. Common Stock,7389099995.0,Industrials,Aerospace,2007.0,United States,1368622.0,Nasdaq,False,True,850.0,r1000
AVT,Avnet Inc. Common Stock,7385747380.0,Technology,Electronic Components,,United States,8858.0,Nasdaq,False,True,851.0,r1000
DUOL,Duolingo Inc. Class A Common Stock,7385212562.0,Technology,Computer Software: Prepackaged Software,2021.0,United States,1562088.0,Nasdaq,False,True,852.0,r1000
MTDR,Matador Resources Company Common Stock,7373276189.0,Energy,Oil & Gas Production,2012.0,United States,1520006.0,NYSE,False,True,853.0,r1000
XE,X-Energy Inc. Class A Common Stock,7355226555.0,Industrials,Metal Fabrications,2026.0,United States,2088896.0,Nasdaq,False,True,854.0,r1000
OKLO,Oklo Inc. Class A common stock,7351417528.0,Utilities,Electric Utilities: Central,2021.0,United States,1849056.0,NYSE,False,True,855.0,r1000
SLAB,Silicon Laboratories Inc. Common Stock,7348361775.0,Technology,Semiconductors,2000.0,United States,1038074.0,Nasdaq,False,True,856.0,r1000
SFM,Sprouts Farmers Market Inc. Common Stock,7344182945.0,Consumer Staples,Food Chains,2013.0,United States,1575515.0,Nasdaq,False,True,857.0,r1000
SSD,Simpson Manufacturing Company Inc. Common Stock,7277240136.0,Consumer Discretionary,Industrial Machinery/Components,,United States,920371.0,NYSE,False,True,858.0,r1000
VFS,VinFast Auto Ltd. Ordinary Shares,7275956991.0,Industrials,Auto Manufacturing,,Singapore,1913510.0,Nasdaq,False,False,,
MSA,MSA Safety Incorporated Common Stock,7273164825.0,Health Care,Industrial Specialties,2000.0,United States,66570.0,NYSE,False,True,859.0,r1000
AXS,Axis Capital Holdings Limited Common Stock,7272552815.0,Finance,Property-Casualty Insurers,2003.0,Bermuda,1214816.0,NYSE,False,False,,
OMF,OneMain Holdings Inc. Common Stock,7263718353.0,Finance,Finance: Consumer Services,2013.0,United States,1584207.0,NYSE,False,True,860.0,r1000
APLD,Applied Digital Corporation Common Stock,7260495580.0,Technology,EDP Services,2022.0,United States,1144879.0,Nasdaq,False,True,861.0,r1000
RYTM,Rhythm Pharmaceuticals Inc. Common Stock,7258386484.0,Health Care,Biotechnology: Pharmaceutical Preparations,2017.0,United States,1649904.0,Nasdaq,False,True,862.0,r1000
GJS,Goldman Sachs Group Securities STRATS Trust for Goldman Sachs Group Securities Series 2006-2,7239305566.0,Finance,Finance: Consumer Services,,United States,1356284.0,NYSE,False,True,863.0,r1000
GGAL,Grupo Financiero Galicia S.A. American Depositary Shares,7229748039.0,Finance,Commercial Banks,,Argentina,1114700.0,Nasdaq,False,False,,
MBLY,Mobileye Global Inc. Class A Common Stock,7226594583.0,Technology,Computer Software: Prepackaged Software,2022.0,Israel,1910139.0,Nasdaq,False,False,,
CAVA,CAVA Group Inc. Common Stock,7217454974.0,Consumer Discretionary,Restaurants,2023.0,United States,1639438.0,NYSE,False,True,864.0,r1000
STAG,Stag Industrial Inc. Common Stock,7216815754.0,Real Estate,Real Estate Investment Trusts,2011.0,United States,1479094.0,NYSE,False,True,865.0,r1000
LW,Lamb Weston Holdings Inc. Common Stock ,7205379787.0,Consumer Staples,Packaged Foods,2016.0,United States,1679273.0,NYSE,False,True,866.0,r1000
TRNO,Terreno Realty Corporation Common Stock,7163708179.0,Finance,Real Estate,2010.0,United States,1476150.0,NYSE,False,True,867.0,r1000
NCLH,Norwegian Cruise Line Holdings Ltd. Ordinary Shares,7149554762.0,Consumer Discretionary,Marine Transportation,,United States,1513761.0,NYSE,True,True,868.0,r1000
AWI,Armstrong World Industries Inc Common Stock,7147066505.0,Industrials,Plastic Products,,United States,7431.0,NYSE,False,True,869.0,r1000
BTG,B2Gold Corp Common shares (Canada),7146992822.0,Basic Materials,Precious Metals,,Canada,1429937.0,NYSE,False,False,,
ACA,Arcosa Inc. Common Stock ,7142585369.0,Industrials,Metal Fabrications,2018.0,United States,1739445.0,NYSE,False,True,870.0,r1000
PL,Planet Labs PBC Class A Common Stock,7124486495.0,Technology,Radio And Television Broadcasting And Communications Equipment,2021.0,United States,1836833.0,NYSE,False,True,871.0,r1000
CPB,The Campbell's Company Common Stock,7091344459.0,Consumer Staples,Packaged Foods,,United States,16732.0,Nasdaq,False,True,872.0,r1000
AUGO,Aura Minerals Inc. Common Shares,7088568266.0,Basic Materials,Metal Mining,,United States,1468642.0,Nasdaq,False,True,873.0,r1000
CLF,Cleveland-Cliffs Inc. Common Stock,7086107384.0,Basic Materials,Metal Mining,,United States,764065.0,NYSE,False,True,874.0,r1000
TEX,Terex Corporation Common Stock,7064883000.0,Industrials,Construction/Ag Equipment/Trucks,,United States,97216.0,NYSE,False,True,875.0,r1000
TFPM,Triple Flag Precious Metals Corp. Common Shares,7045193399.0,Industrials,Precious Metals,2022.0,Canada,1829726.0,NYSE,False,False,,
FSS,Federal Signal Corporation Common Stock,7027110258.0,Industrials,Auto Manufacturing,,United States,277509.0,NYSE,False,True,876.0,r1000
LUMN,Lumen Technologies Inc. Common Stock,7024143201.0,Telecommunications,Telecommunications Equipment,,United States,18926.0,NYSE,False,True,877.0,r1000
CAI,Caris Life Sciences Inc. Common Stock,7008360613.0,Health Care,Medical Specialities,2025.0,United States,2019410.0,Nasdaq,False,True,878.0,r1000
SGHC,Super Group (SGHC) Limited Ordinary Shares,7006378907.0,Consumer Discretionary,Services-Misc. Amusement & Recreation,2022.0,,1878057.0,NYSE,False,False,,
WFRD,Weatherford International plc Ordinary Shares,7004384636.0,Consumer Discretionary,Oil and Gas Field Machinery,,United States,1603923.0,Nasdaq,False,True,879.0,r1000
RIOT,Riot Platforms Inc. Common Stock ,6992950254.0,Finance,Finance: Consumer Services,,United States,1167419.0,Nasdaq,False,True,880.0,r1000
RIG,Transocean Ltd (Switzerland) Common Stock,6946994129.0,Energy,Oil & Gas Production,,Switzerland,1451505.0,NYSE,False,False,,
HXL,Hexcel Corporation Common Stock,6938451721.0,Industrials,Major Chemicals,,United States,717605.0,NYSE,False,True,881.0,r1000
ESE,ESCO Technologies Inc. Common Stock,6914729632.0,Telecommunications,Telecommunications Equipment,,United States,866706.0,NYSE,False,True,882.0,r1000
OR,OR Royalties Inc. Common Shares,6901722754.0,Basic Materials,Precious Metals,2016.0,Canada,1627272.0,NYSE,False,False,,
NXE,Nexgen Energy Ltd. Common Shares,6852572352.0,Basic Materials,Other Metals and Minerals,2017.0,Canada,1698535.0,NYSE,False,False,,
VCTR,Victory Capital Holdings Inc. Class A Common Stock,6850321034.0,Finance,Investment Managers,2018.0,United States,1570827.0,Nasdaq,False,True,883.0,r1000
S,SentinelOne Inc. Class A Common Stock,6849606623.0,Technology,Computer Software: Prepackaged Software,2021.0,United States,1583708.0,NYSE,False,True,884.0,r1000
CHE,Chemed Corp,6848528864.0,Health Care,Medical/Nursing Services,,United States,19584.0,NYSE,False,True,885.0,r1000
NAVN,Navan Inc. Class A Common Stock,6841510948.0,Technology,Computer Software: Prepackaged Software,2025.0,United States,1639723.0,Nasdaq,False,True,886.0,r1000
TTD,The Trade Desk Inc. Class A Common Stock,6836756823.0,Technology,Computer Software: Programming Data Processing,2016.0,United States,1671933.0,Nasdaq,True,True,887.0,r1000
SRRK,Scholar Rock Holding Corporation Common Stock,6832154320.0,Health Care,Biotechnology: Biological Products (No Diagnostic Substances),2018.0,United States,1727196.0,Nasdaq,False,True,888.0,r1000
VNO,Vornado Realty Trust Common Stock,6828369819.0,Real Estate,Real Estate Investment Trusts,,United States,899689.0,NYSE,False,True,889.0,r1000
PACS,PACS Group Inc. Common Stock,6822681521.0,Health Care,Hospital/Nursing Management,2024.0,United States,2001184.0,NYSE,False,True,890.0,r1000
RAL,Ralliant Corporation Common Stock,6820956493.0,Industrials,Industrial Machinery/Components,2025.0,United States,2041385.0,NYSE,False,True,891.0,r1000
AN,AutoNation Inc. Common Stock,6805236307.0,Consumer Discretionary,Retail-Auto Dealers and Gas Stations,,United States,350698.0,NYSE,False,True,892.0,r1000
BLDR,Builders FirstSource Inc. Common Stock,6788260472.0,Consumer Discretionary,RETAIL: Building Materials,2005.0,United States,1316835.0,NYSE,True,True,893.0,r1000
JOBY,Joby Aviation Inc. Common Stock,6745827296.0,Industrials,Aerospace,2020.0,United States,1819848.0,NYSE,False,True,894.0,r1000
URBN,Urban Outfitters Inc. Common Stock,6743762786.0,Consumer Discretionary,Clothing/Shoe/Accessory Stores,1993.0,United States,912615.0,Nasdaq,False,True,895.0,r1000
DOX,Amdocs Limited Ordinary Shares,6742528206.0,Technology,EDP Services,,Guernsey,1062579.0,Nasdaq,False,False,,
VSXY,Victorias Secret & Co. Common Stock ,6741692773.0,Consumer Discretionary,Clothing/Shoe/Accessory Stores,2021.0,United States,1856437.0,NYSE,False,True,896.0,r1000
TAL,TAL Education Group American Depositary Shares,6728526211.0,Real Estate,Other Consumer Services,,China,1499620.0,NYSE,False,False,,
DSGX,Descartes Systems Group Inc. (The) Common Stock,6725873011.0,Technology,Computer Software: Prepackaged Software,,Canada,1050140.0,Nasdaq,False,False,,
ACT,Enact Holdings Inc. Common Stock,6698204451.0,Finance,Specialty Insurers,2021.0,United States,1823529.0,Nasdaq,False,True,897.0,r1000
HIMS,Hims & Hers Health Inc. Class A Common Stock,6691428685.0,Health Care,Medical/Nursing Services,2019.0,United States,1773751.0,NYSE,False,True,898.0,r1000
MMED,MiniMed Group Inc. Common Stock,6684874361.0,Health Care,Medical/Dental Instruments,2026.0,United States,2062583.0,Nasdaq,False,True,899.0,r1000
POOL,Pool Corporation Common Stock,6649993294.0,Consumer Discretionary,Industrial Specialties,1995.0,United States,945841.0,Nasdaq,False,True,900.0,r1000
MAC,Macerich Company (The) Common Stock,6640960563.0,Real Estate,Real Estate Investment Trusts,1994.0,United States,912242.0,NYSE,False,True,901.0,r1000
HR,Healthcare Realty Trust Incorporated Common Stock,6614491368.0,Real Estate,Real Estate Investment Trusts,,United States,1360604.0,NYSE,False,True,902.0,r1000
CGON,CG Oncology Inc. Common stock,6611685571.0,Health Care,Biotechnology: Biological Products (No Diagnostic Substances),2024.0,United States,1991792.0,Nasdaq,False,True,903.0,r1000
ALGM,Allegro MicroSystems Inc. Common Stock,6611680572.0,Technology,Semiconductors,2020.0,United States,866291.0,Nasdaq,False,True,904.0,r1000
LB,LandBridge Company LLC Class A Shares Representing Limited Liability Company Interests,6590802726.0,Energy,Oil & Gas Production,2024.0,,1995807.0,NYSE,False,False,,
LNTH,Lantheus Holdings Inc. Common Stock,6580107519.0,Health Care,Biotechnology: In Vitro & In Vivo Diagnostic Substances,2015.0,United States,1521036.0,Nasdaq,False,True,905.0,r1000
WEX,WEX Inc. common stock,6572297865.0,Consumer Discretionary,Business Services,,United States,1309108.0,NYSE,False,True,906.0,r1000
LYFT,Lyft Inc. Class A Common Stock,6567673320.0,Consumer Discretionary,Business Services,2019.0,United States,1759509.0,Nasdaq,False,True,907.0,r1000
MATX,Matson Inc. Common Stock,6525233570.0,Consumer Discretionary,Marine Transportation,,United States,3453.0,NYSE,False,True,908.0,r1000
OGC,OceanaGold Corporation Common Shares,6522502289.0,,,2026.0,,1487326.0,NYSE,False,False,,
MSM,MSC Industrial Direct Company Inc. Common Stock,6504418328.0,Industrials,Industrial Machinery/Components,1995.0,United States,1003078.0,NYSE,False,True,909.0,r1000
GLBE,Global-E Online Ltd. Ordinary Shares,6501649574.0,Technology,Computer Software: Prepackaged Software,2021.0,Israel,1835963.0,Nasdaq,False,False,,
ENS,EnerSys Common Stock,6494625538.0,Miscellaneous,Industrial Machinery/Components,2004.0,United States,1289308.0,NYSE,False,True,910.0,r1000
MGY,Magnolia Oil & Gas Corporation Class A Common Stock,6488200049.0,Energy,Oil & Gas Production,2017.0,United States,1698990.0,NYSE,False,True,911.0,r1000
MIRM,Mirum Pharmaceuticals Inc. Common Stock,6482181825.0,Health Care,Biotechnology: Pharmaceutical Preparations,2019.0,United States,1759425.0,Nasdaq,False,True,912.0,r1000
EPRT,Essential Properties Realty Trust Inc. Common Stock,6481701930.0,Real Estate,Real Estate Investment Trusts,2018.0,United States,1728951.0,NYSE,False,True,913.0,r1000
INGR,Ingredion Incorporated Common Stock,6470364245.0,Consumer Staples,Packaged Foods,,United States,1046257.0,NYSE,False,True,914.0,r1000
BLTE,Belite Bio Inc American Depositary Shares,6470122655.0,Health Care,Biotechnology: Pharmaceutical Preparations,2022.0,United States,1889109.0,Nasdaq,False,True,915.0,r1000
SWX,Southwest Gas Holdings Inc. Common Stock (DE),6457823336.0,Utilities,Oil & Gas Production,,United States,1692115.0,NYSE,False,True,916.0,r1000
FNB,F.N.B. Corporation Common Stock,6452857768.0,Finance,Major Banks,,United States,37808.0,NYSE,False,True,917.0,r1000
UBSI,United Bankshares Inc. Common Stock,6442854608.0,Finance,Major Banks,,United States,729986.0,Nasdaq,False,True,918.0,r1000
ORA,Ormat Technologies Inc. Common Stock,6438114753.0,Utilities,Electric Utilities: Central,2004.0,United States,1296445.0,NYSE,False,True,919.0,r1000
BILI,Bilibili Inc. American Depositary Shares,6436835346.0,Technology,EDP Services,2018.0,China,1723690.0,Nasdaq,False,False,,
BLCO,Bausch + Lomb Corporation Common Shares,6428974428.0,Health Care,Ophthalmic Goods,2022.0,,1860742.0,NYSE,False,False,,
VAL,Valaris Limited Common Shares,6424200864.0,Energy,Oil & Gas Production,2021.0,United States,314808.0,NYSE,False,True,920.0,r1000
LEA,Lear Corporation Common Stock,6392489414.0,Consumer Discretionary,Auto Parts:O.E.M.,,United States,842162.0,NYSE,False,True,921.0,r1000
INGM,Ingram Micro Holding Corporation Common Stock,6387028122.0,Technology,Retail: Computer Software & Peripheral Equipment,2024.0,United States,1897762.0,NYSE,False,True,922.0,r1000
PLXS,Plexus Corp. Common Stock,6377580770.0,Technology,Electrical Products,,United States,785786.0,Nasdaq,False,True,923.0,r1000
MTG,MGIC Investment Corporation Common Stock,6367075034.0,Finance,Property-Casualty Insurers,1991.0,United States,876437.0,NYSE,False,True,924.0,r1000
NICE,NICE Ltd American Depositary Shares,6347866559.0,Technology,Computer Software: Prepackaged Software,,Israel,1003935.0,Nasdaq,False,False,,
LOAR,Loar Holdings Inc. Common Stock,6346457026.0,Industrials,Military/Government/Technical,2024.0,United States,2000178.0,NYSE,False,True,925.0,r1000
ANDG,Andersen Group Inc. Class A Common Stock,6340911982.0,Consumer Discretionary,Business Services,2025.0,,2065708.0,NYSE,False,False,,
TVTX,Travere Therapeutics Inc. Common Stock,6337172543.0,Health Care,Biotechnology: Pharmaceutical Preparations,,United States,1438533.0,Nasdaq,False,True,926.0,r1000
ELF,e.l.f. Beauty Inc. Common Stock,6335098451.0,Consumer Discretionary,Package Goods/Cosmetics,2016.0,United States,1600033.0,NYSE,False,True,927.0,r1000
CACC,Credit Acceptance Corporation Common Stock,6309005107.0,Finance,Finance: Consumer Services,1992.0,United States,885550.0,Nasdaq,False,True,928.0,r1000
GTES,Gates Industrial Corporation Ltd. Common Shares,6305995645.0,Industrials,Industrial Machinery/Components,2018.0,United Kingdom,1718512.0,NYSE,False,False,,
CIFR,Cipher Digital Inc. Common Stock,6300166360.0,Finance,Finance: Consumer Services,2020.0,United States,1819989.0,Nasdaq,False,True,929.0,r1000
G,Genpact Limited Common Stock,6299609918.0,Consumer Discretionary,Professional Services,2007.0,Bermuda,1398659.0,NYSE,False,False,,
AMRX,Amneal Pharmaceuticals Inc. Class A Common Stock,6290226067.0,Health Care,Biotechnology: Pharmaceutical Preparations,,United States,1723128.0,Nasdaq,False,True,930.0,r1000
HRB,H&R Block Inc. Common Stock,6281631385.0,Consumer Discretionary,Other Consumer Services,,United States,12659.0,NYSE,False,True,931.0,r1000
AVAL,Grupo Aval Acciones y Valores S.A. ADR (Each representing 20 preferred shares),6280149339.0,Finance,Commercial Banks,2014.0,,1504764.0,NYSE,False,False,,
IBP,Installed Building Products Inc. Common Stock,6259927767.0,Consumer Discretionary,Homebuilding,2014.0,United States,1580905.0,NYSE,False,True,932.0,r1000
LKQ,LKQ Corporation Common Stock,6256741587.0,Consumer Discretionary,Motor Vehicles,2003.0,United States,1065696.0,Nasdaq,False,True,933.0,r1000
VIPS,Vipshop Holdings Limited American Depositary Shares each representing two ordinary shares,6253122431.0,Consumer Discretionary,Catalog/Specialty Distribution,2012.0,China,1529192.0,NYSE,False,False,,
LQDA,Liquidia Corporation Common Stock,6236979525.0,Health Care,Biotechnology: Pharmaceutical Preparations,2018.0,United States,1819576.0,Nasdaq,False,True,934.0,r1000
KNSA,Kiniksa Pharmaceuticals International plc Class A Ordinary Shares,6233338399.0,Health Care,Biotechnology: Pharmaceutical Preparations,2018.0,United States,1730430.0,Nasdaq,False,True,935.0,r1000
CHDN,Churchill Downs Incorporated Common Stock,6215867671.0,Consumer Discretionary,Services-Misc. Amusement & Recreation,,United States,20212.0,Nasdaq,False,True,936.0,r1000
POWL,Powell Industries Inc. Common Stock,6212116488.0,Energy,Electrical Products,,United States,80420.0,Nasdaq,False,True,937.0,r1000
KGS,Kodiak Gas Services Inc. Common Stock,6210820624.0,Utilities,Natural Gas Distribution,2023.0,United States,1767042.0,NYSE,False,True,938.0,r1000
GATX,GATX Corporation Common Stock,6205034000.0,Consumer Discretionary,Transportation Services,,United States,40211.0,NYSE,False,True,939.0,r1000
ESNT,Essent Group Ltd. Common Shares,6198781722.0,Finance,Property-Casualty Insurers,2013.0,Bermuda,1448893.0,NYSE,False,False,,
GDS,GDS Holdings Limited ADS,6174636145.0,Technology,Computer Software: Programming Data Processing,2016.0,China,1526125.0,Nasdaq,False,False,,
AAON,AAON Inc. Common Stock,6152690542.0,Industrials,Industrial Machinery/Components,,United States,824142.0,Nasdaq,False,True,940.0,r1000
NPO,Enpro Inc. Common Stock,6151116422.0,Industrials,Metal Fabrications,,United States,1164863.0,NYSE,False,True,941.0,r1000
CAMT,Camtek Ltd. Ordinary Shares,6140226749.0,Technology,Electronic Components,2000.0,Israel,1109138.0,Nasdaq,False,False,,
PEGA,Pegasystems Inc. Common Stock,6135592547.0,Technology,EDP Services,1996.0,United States,1013857.0,Nasdaq,False,True,942.0,r1000
IFS,Intercorp Financial Services Inc. Common Shares,6131488536.0,Finance,Commercial Banks,2019.0,,1615903.0,NYSE,False,False,,
ST,Sensata Technologies Holding plc Ordinary Shares,6118327638.0,Industrials,Industrial Machinery/Components,2010.0,Netherlands,1477294.0,NYSE,False,False,,
CIG,Comp En De Mn Cemig ADS American Depositary Shares,6095595436.0,Utilities,Electric Utilities: Central,,Brazil,1157557.0,NYSE,False,False,,
STEP,StepStone Group Inc. Class A Common Stock,6094171734.0,Finance,Investment Managers,2020.0,United States,1796022.0,Nasdaq,False,True,943.0,r1000
QBTS,D-Wave Quantum Inc. Common Stock,6089160672.0,Technology,EDP Services,,United States,1907982.0,Nasdaq,False,True,944.0,r1000
ANF,Abercrombie & Fitch Company Common Stock,6069371586.0,Consumer Discretionary,Clothing/Shoe/Accessory Stores,,United States,1018840.0,NYSE,False,True,945.0,r1000
ORKA,Oruka Therapeutics Inc. Common Stock,6066794719.0,Health Care,Biotechnology: In Vitro & In Vivo Diagnostic Substances,,United States,907654.0,Nasdaq,False,True,946.0,r1000
RSI,Rush Street Interactive Inc. Class A Common Stock,6065508779.0,Consumer Discretionary,Services-Misc. Amusement & Recreation,2020.0,United States,1793659.0,NYSE,False,True,947.0,r1000
RNG,RingCentral Inc. Class A Common Stock,6060877238.0,Technology,EDP Services,2013.0,United States,1384905.0,NYSE,False,True,948.0,r1000
ENIC,Enel Chile S.A. American Depositary Shares (Each representing 50 shares of Common Stock),6058990411.0,Utilities,Electric Utilities: Central,2016.0,Chile,1659939.0,NYSE,False,False,,
ACI,Albertsons Companies Inc. Class A Common Stock,6056864524.0,Consumer Staples,Food Chains,2020.0,United States,1646972.0,NYSE,False,True,949.0,r1000
CZR,Caesars Entertainment Inc. Common Stock,6048457845.0,Consumer Discretionary,Hotels/Resorts,,United States,1590895.0,Nasdaq,False,True,950.0,r1000
EPAM,EPAM Systems Inc. Common Stock,6045994173.0,Technology,EDP Services,2012.0,United States,1352010.0,NYSE,False,True,951.0,r1000
GBCI,Glacier Bancorp Inc. Common Stock,6041834619.0,Finance,Major Banks,,United States,868671.0,NYSE,False,True,952.0,r1000
FSV,FirstService Corporation Common Shares,6030795237.0,Finance,Real Estate,,Canada,1637810.0,Nasdaq,False,False,,
IESC,IES Holdings Inc. Common Stock,6029907100.0,Industrials,Engineering & Construction,,United States,1048268.0,Nasdaq,False,True,953.0,r1000
RYN,Rayonier Inc. REIT Common Stock,6019786297.0,Real Estate,Real Estate Investment Trusts,,United States,52827.0,NYSE,False,True,954.0,r1000
JBTM,JBT Marel Corporation Common Stock,6019267077.0,Industrials,Industrial Machinery/Components,,United States,1433660.0,NYSE,False,True,955.0,r1000
MBGL,Mobility Global Inc. Common Stock,6008458502.0,Consumer Discretionary,Business Services,2026.0,United States,2090312.0,NYSE,False,True,956.0,r1000
HWC,Hancock Whitney Corporation Common Stock,6003893661.0,Finance,Major Banks,,United States,750577.0,Nasdaq,False,True,957.0,r1000
COGT,Cogent Biosciences Inc. Common Stock,5998758628.0,Health Care,Biotechnology: Pharmaceutical Preparations,2018.0,United States,1622229.0,Nasdaq,False,True,958.0,r1000
PTCT,PTC Therapeutics Inc. Common Stock,5991650976.0,Health Care,Biotechnology: Pharmaceutical Preparations,2013.0,United States,1070081.0,Nasdaq,False,True,959.0,r1000
TXNM,TXNM Energy Inc. Common Stock,5983887666.0,Utilities,Electric Utilities: Central,,United States,1108426.0,NYSE,False,True,960.0,r1000
TFX,Teleflex Incorporated Common Stock,5973236805.0,Health Care,Medical/Dental Instruments,,United States,96943.0,NYSE,False,True,961.0,r1000
EXP,Eagle Materials Inc Common Stock,5971258765.0,Industrials,Building Materials,,United States,918646.0,NYSE,False,True,962.0,r1000
RRR,Red Rock Resorts Inc. Class A Common Stock,5969120183.0,Consumer Discretionary,Hotels/Resorts,2016.0,United States,1653653.0,Nasdaq,False,True,963.0,r1000
RDNT,RadNet Inc. Common Stock,5957382355.0,Health Care,Medical Specialities,,United States,790526.0,Nasdaq,False,True,964.0,r1000
YOU,Clear Secure Inc. Class A Common Stock,5956734250.0,Technology,Computer Software: Prepackaged Software,2021.0,United States,1856314.0,NYSE,False,True,965.0,r1000
CWST,Casella Waste Systems Inc. Class A Common Stock,5943980296.0,Utilities,Environmental Services,1997.0,United States,911177.0,Nasdaq,False,True,966.0,r1000
DNTH,Dianthus Therapeutics Inc. Common Stock,5942468319.0,Health Care,Biotechnology: Pharmaceutical Preparations,2018.0,United States,1690585.0,Nasdaq,False,True,967.0,r1000
HOMB,Home BancShares Inc. Common Stock,5939473515.0,Finance,Major Banks,2006.0,United States,1331520.0,NYSE,False,True,968.0,r1000
LSTR,Landstar System Inc. Common Stock,5928780798.0,Industrials,Trucking Freight/Courier Services,1993.0,United States,853816.0,Nasdaq,False,True,969.0,r1000
CMBT,CMB.TECH NV Ordinary Shares,5924580881.0,Consumer Discretionary,Marine Transportation,2015.0,,1604481.0,NYSE,False,False,,
QLYS,Qualys Inc. Common Stock,5909864021.0,Technology,Computer Software: Prepackaged Software,2012.0,United States,1107843.0,Nasdaq,False,True,970.0,r1000
OTEX,Open Text Corporation Common Shares,5909213482.0,Technology,EDP Services,1996.0,Canada,1002638.0,Nasdaq,False,False,,
KOF,Coca Cola Femsa S.A.B. de C.V.  American Depositary Shares each representing 10 Units (each Unit consists of 3 Series B Shares and 5 Series L Shares),5898086626.0,Consumer Staples,Beverages (Production/Distribution),1993.0,Mexico,910631.0,NYSE,False,False,,
M,Macy's Inc Common Stock,5897310929.0,Consumer Discretionary,Department/Specialty Retail Stores,,United States,794367.0,NYSE,False,True,971.0,r1000
DPC,DPC Holdings PLC Ordinary Shares,5896542342.0,Telecommunications,Metal Fabrications,2026.0,,2107018.0,NYSE,False,False,,
SNDR,Schneider National Inc. Common Stock,5886604188.0,Industrials,Trucking Freight/Courier Services,2017.0,United States,1692063.0,NYSE,False,True,972.0,r1000
STWD,STARWOOD PROPERTY TRUST INC. Starwood Property Trust Inc.,5856072789.0,Real Estate,Real Estate Investment Trusts,2009.0,United States,1465128.0,NYSE,False,True,973.0,r1000
XENE,Xenon Pharmaceuticals Inc. Common Shares,5825920389.0,Health Care,Biotechnology: Pharmaceutical Preparations,2014.0,Canada,1582313.0,Nasdaq,False,False,,
TBBB,BBB Foods Inc. Class A Common Shares,5816250303.0,Consumer Staples,Food Chains,2024.0,Mexico,1978954.0,NYSE,False,False,,
RLI,RLI Corp. Common Stock (DE),5813817650.0,Finance,Property-Casualty Insurers,,United States,84246.0,NYSE,False,True,974.0,r1000
ROAD,Construction Partners Inc. Class A Common Stock,5802288747.0,Industrials,Military/Government/Technical,2018.0,United States,1718227.0,Nasdaq,False,True,975.0,r1000
AUB,Atlantic Union Bankshares Corporation Common Stock,5798284778.0,Finance,Major Banks,,United States,883948.0,NYSE,False,True,976.0,r1000
DLB,Dolby Laboratories Common Stock,5787794843.0,Miscellaneous,Multi-Sector Companies,2005.0,United States,1308547.0,NYSE,False,True,977.0,r1000
WHD,Cactus Inc. Class A Common Stock,5784143142.0,Consumer Discretionary,Oil and Gas Field Machinery,2018.0,United States,1699136.0,NYSE,False,True,978.0,r1000
SXT,Sensient Technologies Corporation Common Stock,5783860387.0,Industrials,Major Chemicals,,United States,310142.0,NYSE,False,True,979.0,r1000
ASB,Associated Banc-Corp Common Stock,5775022572.0,Finance,Major Banks,,United States,7789.0,NYSE,False,True,980.0,r1000
VSNT,Versant Media Group Inc. Class A Common Stock ,5764044344.0,Industrials,Broadcasting,,United States,2067876.0,Nasdaq,False,True,981.0,r1000
RUSHA,Rush Enterprises Inc. Common Stock Cl A,5757724859.0,Consumer Discretionary,Retail-Auto Dealers and Gas Stations,,United States,1012019.0,Nasdaq,False,True,982.0,r1000
ECG,Everus Construction Group Inc. Common Stock,5755404956.0,Consumer Discretionary,Homebuilding,2024.0,United States,2015845.0,NYSE,False,True,983.0,r1000
AGX,Argan Inc. Common Stock,5753498969.0,Consumer Discretionary,Engineering & Construction,,United States,100591.0,NYSE,False,True,984.0,r1000
UEC,Uranium Energy Corp. Common Stock,5750416893.0,Basic Materials,Other Metals and Minerals,,Canada,1334933.0,NYSE,False,False,,
TEO,Telecom Argentina SA,5733117483.0,Telecommunications,Telecommunications Equipment,,Argentina,932470.0,NYSE,False,False,,
HCC,Warrior Met Coal Inc. Common Stock,5730610502.0,Energy,Coal Mining,2017.0,United States,1691303.0,NYSE,False,True,985.0,r1000
MKTX,MarketAxess Holdings Inc. Common Stock,5730458442.0,Finance,Investment Bankers/Brokers/Service,2004.0,United States,1278021.0,Nasdaq,False,True,986.0,r1000
POR,Portland General Electric Co Common Stock,5726320861.0,Utilities,Electric Utilities: Central,,United States,784977.0,NYSE,False,True,987.0,r1000
ERAS,Erasca Inc. Common Stock,5725604513.0,Health Care,Biotechnology: Pharmaceutical Preparations,2021.0,United States,1761918.0,Nasdaq,False,True,988.0,r1000
LGND,Ligand Pharmaceuticals Incorporated Common Stock,5719924934.0,Health Care,Biotechnology: Pharmaceutical Preparations,,United States,886163.0,Nasdaq,False,True,989.0,r1000
ABCB,Ameris Bancorp Common Stock,5702102098.0,Finance,Major Banks,1994.0,United States,351569.0,NYSE,False,True,990.0,r1000
MCY,Mercury General Corporation Common Stock,5700043605.0,Finance,Property-Casualty Insurers,,United States,64996.0,NYSE,False,True,991.0,r1000
HLNE,Hamilton Lane Incorporated Class A Common Stock,5685213416.0,Finance,Investment Managers,2017.0,United States,1433642.0,Nasdaq,False,True,992.0,r1000
RELY,Remitly Global Inc. Common Stock,5677366328.0,Consumer Discretionary,Business Services,2021.0,United States,1782170.0,Nasdaq,False,True,993.0,r1000
CRUS,Cirrus Logic Inc. Common Stock,5666291447.0,Technology,Semiconductors,1989.0,United States,772406.0,Nasdaq,False,True,994.0,r1000
AROC,Archrock Inc. Common Stock,5663423376.0,Utilities,Natural Gas Distribution,,United States,1389050.0,NYSE,False,True,995.0,r1000
STVN,Stevanato Group S.p.A. Ordinary Shares,5659366577.0,Health Care,Medical/Dental Instruments,2021.0,Italy,1849853.0,NYSE,False,False,,
ENVA,Enova International Inc. Common Stock,5649191396.0,Finance,Finance: Consumer Services,2014.0,United States,1529864.0,NYSE,False,True,996.0,r1000
BBUC,Brookfield Business Corporation Class A Subordinate Voting Shares,5638248000.0,Consumer Discretionary,Engineering & Construction,,,1654795.0,NYSE,False,False,,
BGC,BGC Group Inc. Class A Common Stock,5634278286.0,Finance,Investment Bankers/Brokers/Service,,United States,1094831.0,Nasdaq,False,True,997.0,r1000
PAGP,Plains GP Holdings L.P. Class A Units representing Limited Partner Interests,5610581915.0,Energy,Natural Gas Distribution,,United States,1581990.0,Nasdaq,False,True,998.0,r1000
OBDC,Blue Owl Capital Corporation Common Stock,5602099584.0,Finance,Diversified Financial Services,2019.0,United States,1655888.0,NYSE,False,True,999.0,r1000
FLG,Flagstar Bank N.A. Common Stock,5599602358.0,Finance,Banks,,United States,910073.0,NYSE,False,True,1000.0,r1000
EXLS,ExlService Holdings Inc. Common Stock,5596017338.0,Consumer Discretionary,Business Services,2006.0,United States,1297989.0,Nasdaq,False,True,1001.0,r2000
RITM,Rithm Capital Corp. Common Stock,5595238451.0,Real Estate,Real Estate Investment Trusts,,United States,1556593.0,NYSE,False,True,1002.0,r2000
BCPC,Balchem Corporation Common Stock,5593636345.0,Industrials,Major Chemicals,,United States,9326.0,Nasdaq,False,True,1003.0,r2000
FTDR,Frontdoor Inc. Common Stock,5584492195.0,Consumer Discretionary,Diversified Commercial Services,,United States,1727263.0,Nasdaq,False,True,1004.0,r2000
OZK,Bank OZK Common Stock,5579874030.0,Finance,Major Banks,,United States,1569650.0,Nasdaq,False,True,1005.0,r2000
BIRK,Birkenstock Holding plc Ordinary Shares,5579614433.0,Consumer Discretionary,Shoe Manufacturing,2023.0,,1977102.0,NYSE,False,False,,
BYD,Boyd Gaming Corporation Common Stock,5572670254.0,Consumer Discretionary,Hotels/Resorts,1993.0,United States,906553.0,NYSE,False,True,1006.0,r2000
CNX,CNX Resources Corporation Common Stock,5559721878.0,Energy,Oil & Gas Production,1999.0,United States,1070412.0,NYSE,False,True,1007.0,r2000
NTSK,Netskope Inc. Class A Common Stock,5553950174.0,Technology,Computer Software: Prepackaged Software,2025.0,United States,2063196.0,Nasdaq,False,True,1008.0,r2000
CROX,Crocs Inc. Common Stock,5551560234.0,Consumer Discretionary,Shoe Manufacturing,2006.0,United States,1334036.0,Nasdaq,False,True,1009.0,r2000
LGN,Legence Corp. Class A Common stock,5549675898.0,Consumer Discretionary,Engineering & Construction,2025.0,United States,2052568.0,Nasdaq,False,True,1010.0,r2000
BKH,Black Hills Corporation Common Stock,5535215505.0,Utilities,Electric Utilities: Central,,United States,1130464.0,NYSE,False,True,1011.0,r2000
VSEC,VSE Corporation Common Stock,5516731546.0,Consumer Discretionary,Military/Government/Technical,,United States,102752.0,Nasdaq,False,True,1012.0,r2000
CRSP,CRISPR Therapeutics AG Common Shares,5503745809.0,Health Care,Biotechnology: Biological Products (No Diagnostic Substances),2016.0,Switzerland,1674416.0,Nasdaq,False,False,,
KVYO,Klaviyo Inc. Series A Common Stock,5498086808.0,Technology,Computer Software: Prepackaged Software,2023.0,United States,1835830.0,NYSE,False,True,1013.0,r2000
SIGI,Selective Insurance Group Inc. Common Stock,5494059845.0,Finance,Property-Casualty Insurers,,United States,230557.0,Nasdaq,False,True,1014.0,r2000
ADT,ADT Inc. Common Stock,5471888768.0,Consumer Discretionary,Diversified Commercial Services,2018.0,United States,1703056.0,NYSE,False,True,1015.0,r2000
NOVT,Novanta Inc. Common Stock,5465424120.0,Miscellaneous,Industrial Machinery/Components,,United States,1076930.0,Nasdaq,False,True,1016.0,r2000
NXST,Nexstar Media Group Inc. Common Stock,5458922854.0,Industrials,Broadcasting,2003.0,United States,1142417.0,Nasdaq,False,True,1017.0,r2000
CVLT,Commvault Systems Inc. Common Stock,5452239617.0,Technology,Computer Software: Prepackaged Software,2006.0,United States,1169561.0,Nasdaq,False,True,1018.0,r2000
MXL,MaxLinear Inc. Common Stock,5450660779.0,Technology,Semiconductors,2010.0,United States,1288469.0,Nasdaq,False,True,1019.0,r2000
AX,Axos Financial Inc. Common Stock,5443708090.0,Finance,Savings Institutions,2018.0,United States,1299709.0,NYSE,False,True,1020.0,r2000
NJR,NewJersey Resources Corporation Common Stock,5442740623.0,Utilities,Oil/Gas Transmission,,United States,356309.0,NYSE,False,True,1021.0,r2000
MMYT,MakeMyTrip Limited Ordinary Shares,5425303624.0,Consumer Discretionary,Transportation Services,2010.0,India,1495153.0,Nasdaq,False,False,,
NIQ,NIQ Global Intelligence plc Ordinary Shares,5412440104.0,Technology,Computer Software: Programming Data Processing,2025.0,United States,2054696.0,NYSE,False,True,1022.0,r2000
SON,Sonoco Products Company Common Stock,5412417664.0,Consumer Discretionary,Containers/Packaging,,United States,91767.0,NYSE,False,True,1023.0,r2000
MAIN,Main Street Capital Corporation Common Stock,5411334638.0,Finance,Finance/Investors Services,2007.0,United States,1396440.0,NYSE,False,True,1024.0,r2000
SHC,Sotera Health Company Common Stock,5410706113.0,Health Care,Misc Health and Biotechnology Services,2020.0,United States,1822479.0,Nasdaq,False,True,1025.0,r2000
MUR,Murphy Oil Corporation Common Stock,5404034601.0,Energy,Oil & Gas Production,,United States,717423.0,NYSE,False,True,1026.0,r2000
CAKE,Cheesecake Factory Incorporated (The) Common Stock,5402512033.0,Consumer Discretionary,Restaurants,1992.0,United States,887596.0,Nasdaq,False,True,1027.0,r2000
CORZ,Core Scientific Inc. Common Stock,5401732813.0,Finance,Finance: Consumer Services,,United States,1839341.0,Nasdaq,False,True,1028.0,r2000
GLNG,Golar Lng Ltd,5397437809.0,Consumer Discretionary,Marine Transportation,,Bermuda,1207179.0,Nasdaq,False,False,,
GRFS,Grifols S.A. American Depositary Shares,5383554930.0,Health Care,Biotechnology: Pharmaceutical Preparations,,Spain,1438569.0,Nasdaq,False,False,,
MMSI,Merit Medical Systems Inc. Common Stock,5381700155.0,Health Care,Medical/Dental Instruments,,United States,856982.0,Nasdaq,False,True,1029.0,r2000
SAIC,Science Applications International Corporation Common Stock,5376765840.0,Technology,EDP Services,,United States,1571123.0,Nasdaq,False,True,1030.0,r2000
VRNS,Varonis Systems Inc. Common Stock,5370876279.0,Technology,Computer Software: Prepackaged Software,2014.0,United States,1361113.0,Nasdaq,False,True,1031.0,r2000
KRMN,Karman Holdings Inc. Common Stock,5357012477.0,Industrials,Military/Government/Technical,2025.0,United States,2040127.0,NYSE,False,True,1032.0,r2000
PI,Impinj Inc. Common Stock,5348549996.0,Technology,Industrial Machinery/Components,2016.0,United States,1114995.0,Nasdaq,False,True,1033.0,r2000
SBRA,Sabra Health Care REIT Inc. Common Stock,5328953090.0,Real Estate,Real Estate Investment Trusts,,United States,1492298.0,Nasdaq,False,True,1034.0,r2000
GXO,GXO Logistics Inc. Common Stock ,5317923928.0,Consumer Discretionary,Transportation Services,2021.0,United States,1852244.0,NYSE,False,True,1035.0,r2000
PIPR,Piper Sandler Companies Common Stock,5313699180.0,Finance,Investment Bankers/Brokers/Service,2026.0,United States,1230245.0,NYSE,False,True,1036.0,r2000
MRX,Marex Group Limited Ordinary Shares,5313100428.0,Finance,Investment Bankers/Brokers/Service,2024.0,United Kingdom,1997464.0,Nasdaq,False,False,,
PSMT,PriceSmart Inc. Common Stock,5310170365.0,Consumer Discretionary,Department/Specialty Retail Stores,,United States,1041803.0,Nasdaq,False,True,1037.0,r2000
CPA,Copa Holdings S.A. Class A Common Stock,5301936711.0,Consumer Discretionary,Air Freight/Delivery Services,2005.0,Panama,1345105.0,NYSE,False,False,,
FRVO,Fervo Energy Company Class A common stock,5299842318.0,Utilities,Electric Utilities: Central,2026.0,United States,1853868.0,Nasdaq,False,True,1038.0,r2000
ACIW,ACI Worldwide Inc. Common Stock,5296111943.0,Technology,Computer Software: Prepackaged Software,,United States,935036.0,Nasdaq,False,True,1039.0,r2000
WH,Wyndham Hotels & Resorts Inc. Common Stock ,5289768776.0,Consumer Discretionary,Hotels/Resorts,2018.0,United States,1722684.0,NYSE,False,True,1040.0,r2000
XMTR,Xometry Inc. Class A Common Stock,5286953138.0,Consumer Discretionary,Business Services,2021.0,United States,1657573.0,Nasdaq,False,True,1041.0,r2000
MC,Moelis & Company Class A Common Stock,5284727471.0,Finance,Investment Managers,2014.0,United States,1596967.0,NYSE,False,True,1042.0,r2000
KRG,Kite Realty Group Trust Common Stock,5261110461.0,Real Estate,Real Estate Investment Trusts,2004.0,United States,1286043.0,NYSE,False,True,1043.0,r2000
WFG,West Fraser Timber Co. Ltd Common stock,5238525692.0,Basic Materials,Forest Products,2021.0,Canada,1402388.0,NYSE,False,False,,
OTF,Blue Owl Technology Finance Corp. Common Stock,5227895288.0,,,2025.0,United States,1747777.0,NYSE,False,True,1044.0,r2000
DFTX,Definium Therapeutics Inc. Common Shares,5226874355.0,Health Care, Medicinal Chemicals and Botanical Products ,,United States,1813814.0,Nasdaq,False,True,1045.0,r2000
BLSH,Bullish Ordinary Shares,5210689486.0,Finance,Finance: Consumer Services,2025.0,Cayman Islands,1872195.0,NYSE,False,False,,
GVA,Granite Construction Incorporated Common Stock,5209289625.0,Industrials,Military/Government/Technical,,United States,861459.0,NYSE,False,True,1046.0,r2000
OUT,OUTFRONT Media Inc. Common Stock,5204796667.0,Real Estate,Real Estate Investment Trusts,2014.0,United States,1579877.0,NYSE,False,True,1047.0,r2000
VFC,V.F. Corporation Common Stock,5197239015.0,Industrials,Garments and Clothing,,United States,103379.0,NYSE,False,True,1048.0,r2000
WPP,WPP plc American Depositary Shares,5193354561.0,Consumer Discretionary,Advertising,,Ireland,806968.0,NYSE,False,False,,
CWEN,Clearway Energy Inc. Class C Common Stock,5150168768.0,Utilities,Electric Utilities: Central,2015.0,United States,1567683.0,NYSE,False,True,1049.0,r2000
OII,Oceaneering International Inc. Common Stock,5138715571.0,Energy,Oilfield Services/Equipment,,United States,73756.0,NYSE,False,True,1050.0,r2000
HESM,Hess Midstream LP Class A Representing Limited Partner Interests,5137885766.0,Energy,Oil & Gas Production,2017.0,United States,1789832.0,NYSE,False,True,1051.0,r2000
MRP,Millrose Properties Inc. Class A Common Stock,5124239027.0,Finance,Real Estate,2025.0,United States,2017206.0,NYSE,False,True,1052.0,r2000
CE,Celanese Corporation Common Stock,5120884887.0,Industrials,Major Chemicals,2005.0,United States,1306830.0,NYSE,False,True,1053.0,r2000
FBIN,Fortune Brands Innovations Inc. Common Stock,5119842649.0,Basic Materials,Forest Products,,United States,1519751.0,NYSE,False,True,1054.0,r2000
CNO,CNO Financial Group Inc. Common Stock,5118282244.0,Finance,Accident &Health Insurance,,United States,1224608.0,NYSE,False,True,1055.0,r2000
HASI,HA Sustainable Infrastructure Capital Inc. Common Stock,5117987316.0,Finance,Finance/Investors Services,2013.0,United States,1561894.0,NYSE,False,True,1056.0,r2000
FND,Floor & Decor Holdings Inc. Common Stock,5106193822.0,Consumer Discretionary,RETAIL: Building Materials,2017.0,United States,1507079.0,NYSE,False,True,1057.0,r2000
ALM,Almonty Industries Inc. Common Shares,5103224468.0,Basic Materials,Other Metals and Minerals,,Canada,1670061.0,Nasdaq,False,False,,
OCTV,Octave Intelligence plc Class B Ordinary Shares,5100317972.0,Technology,Computer Software: Prepackaged Software,,United States,2083632.0,Nasdaq,False,True,1058.0,r2000
CNR,Core Natural Resources Inc. Common Stock,5095658144.0,Energy,Coal Mining,2017.0,United States,1710366.0,NYSE,False,True,1059.0,r2000
MIDD,Middleby Corporation (The) Common Stock,5084800922.0,Industrials,Industrial Machinery/Components,,United States,769520.0,Nasdaq,False,True,1060.0,r2000
GOLF,Acushnet Holdings Corp. Common Stock,5073646172.0,Consumer Discretionary,Recreational Games/Products/Toys,2016.0,United States,1672013.0,NYSE,False,True,1061.0,r2000
ATHS,Athene Holding Ltd. 7.250% Fixed-Rate Reset Junior Subordinated Debentures due 2064,5068630350.0,Finance,Life Insurance,2024.0,Bermuda,1527469.0,NYSE,False,False,,
PRM,Perimeter Solutions SA Common Stock,5059562790.0,Industrials,Major Chemicals,,Luxembourg,1880319.0,NYSE,False,False,,
BMA,Banco Macro S.A.  ADR (representing Ten Class B Common Shares),5055659102.0,Finance,Commercial Banks,,Argentina,1347426.0,NYSE,False,False,,
SPHR,Sphere Entertainment Co. Class A Common Stock,5050530552.0,Consumer Discretionary,Services-Misc. Amusement & Recreation,2020.0,United States,1795250.0,NYSE,False,True,1062.0,r2000
PECO,Phillips Edison & Company Inc. Common Stock,5046327000.0,Real Estate,Real Estate Investment Trusts,2021.0,United States,1476204.0,Nasdaq,False,True,1063.0,r2000
GTX,Garrett Motion Inc. Common Stock,5037187112.0,Consumer Discretionary,Auto Parts:O.E.M.,,Switzerland,1735707.0,Nasdaq,False,False,,
EBC,Eastern Bankshares Inc. Common Stock,5029539260.0,Finance,Savings Institutions,2020.0,United States,1810546.0,Nasdaq,False,True,1064.0,r2000
OGS,ONE Gas Inc. Common Stock,5025358787.0,Utilities,Oil/Gas Transmission,2014.0,United States,1587732.0,NYSE,False,True,1065.0,r2000
SIM,Grupo Simec S.A.B. de C.V. American Depositary Shares,5023544990.0,Industrials,Steel/Iron Ore,1998.0,Mexico,887153.0,NYSE,False,False,,
WTM,White Mountains Insurance Group Ltd. Common Stock,5023451025.0,Finance,Property-Casualty Insurers,,United States,776867.0,NYSE,False,True,1066.0,r2000
PTEN,Patterson-UTI Energy Inc. Common Stock,5015211093.0,Energy,Oil & Gas Production,1993.0,United States,889900.0,Nasdaq,False,True,1067.0,r2000
INSW,International Seaways Inc. Common Stock ,5012073360.0,Consumer Discretionary,Marine Transportation,2016.0,United States,1679049.0,NYSE,False,True,1068.0,r2000
TDW,Tidewater Inc. Common Stock,5005974401.0,Consumer Discretionary,Marine Transportation,2017.0,United States,98222.0,NYSE,False,True,1069.0,r2000
CIGI,Colliers International Group Inc. Subordinate Voting Shares,4996420579.0,Finance,Real Estate,,Canada,913353.0,Nasdaq,False,False,,
AIR,AAR Corp. Common Stock,4986862511.0,Industrials,Aerospace,,United States,1750.0,NYSE,False,True,1070.0,r2000
ACAD,ACADIA Pharmaceuticals Inc. Common Stock,4984798636.0,Health Care,Biotechnology: Pharmaceutical Preparations,1985.0,United States,1070494.0,Nasdaq,False,True,1071.0,r2000
LAUR,Laureate Education Inc. Common Stock,4984460592.0,Real Estate,Other Consumer Services,2017.0,United States,912766.0,Nasdaq,False,True,1072.0,r2000
UNF,Unifirst Corporation Common Stock,4977849460.0,Consumer Discretionary,Other Consumer Services,,United States,717954.0,NYSE,False,True,1073.0,r2000
IRDM,Iridium Communications Inc Common Stock,4976959190.0,Consumer Discretionary,Telecommunications Equipment,,United States,1418819.0,Nasdaq,False,True,1074.0,r2000
MRCY,Mercury Systems Inc Common Stock,4965440502.0,Technology,Electrical Products,1998.0,United States,1049521.0,Nasdaq,False,True,1075.0,r2000
RGTI,Rigetti Computing Inc. Common Stock,4963141268.0,Technology,EDP Services,,United States,1838359.0,Nasdaq,False,True,1076.0,r2000
MTRN,Materion Corporation,4957801538.0,Industrials,Industrial Specialties,,United States,1104657.0,NYSE,False,True,1077.0,r2000
GBTG,Global Business Travel Group Inc. Class A Common Stock,4952100240.0,Consumer Discretionary,Transportation Services,2020.0,United States,1820872.0,NYSE,False,True,1078.0,r2000
WAY,Waystar Holding Corp. Common Stock,4931769260.0,Technology,EDP Services,2024.0,United States,1990354.0,Nasdaq,False,True,1079.0,r2000
LFST,LifeStance Health Group Inc. Common Stock,4924696800.0,Health Care,Medical/Nursing Services,2021.0,United States,1845257.0,Nasdaq,False,True,1080.0,r2000
CSW,CSW Industrials Inc. Common Stock,4917374377.0,Industrials,Home Furnishings,,United States,1624794.0,NYSE,False,True,1081.0,r2000
MWH,SOLV Energy Inc. Class A Common Stock,4901806407.0,Industrials,Military/Government/Technical,2026.0,United States,2065636.0,Nasdaq,False,True,1082.0,r2000
TFSL,TFS Financial Corporation Common Stock,4899334930.0,Finance,Savings Institutions,2007.0,United States,1381668.0,Nasdaq,False,True,1083.0,r2000
SR,Spire Inc. Common Stock,4892767035.0,Utilities,Oil/Gas Transmission,,United States,1126956.0,NYSE,False,True,1084.0,r2000
PBLS,Parabilis Medicines Inc. Common Stock,4891495923.0,Health Care,Biotechnology: Pharmaceutical Preparations,2026.0,United States,1657677.0,Nasdaq,False,True,1085.0,r2000
CAR,Avis Budget Group Inc. Common Stock,4869301931.0,Consumer Discretionary,Rental/Leasing Companies,,United States,723612.0,Nasdaq,False,True,1086.0,r2000
ACMR,ACM Research Inc. Class A Common Stock,4868478800.0,Technology,Industrial Machinery/Components,2017.0,United States,1680062.0,Nasdaq,False,True,1087.0,r2000
AMTM,Amentum Holdings Inc. Common Stock,4865677619.0,Consumer Discretionary,Business Services,2024.0,United States,2011286.0,NYSE,False,True,1088.0,r2000
MTN,Vail Resorts Inc. Common Stock,4856849594.0,Consumer Discretionary,Services-Misc. Amusement & Recreation,1997.0,United States,812011.0,NYSE,False,True,1089.0,r2000
PSN,Parsons Corporation Common Stock,4845760726.0,Technology,EDP Services,2019.0,United States,275880.0,NYSE,False,True,1090.0,r2000
IEP,Icahn Enterprises L.P. Common Stock,4834222632.0,Energy,Integrated oil Companies,,United States,813762.0,Nasdaq,False,True,1091.0,r2000
OMAB,Grupo Aeroportuario del Centro Norte S.A.B. de C.V. ADS,4830014071.0,Consumer Discretionary,Aerospace,2006.0,Mexico,1378239.0,Nasdaq,False,False,,
RDN,Radian Group Inc. Common Stock,4827675094.0,Finance,Property-Casualty Insurers,,United States,890926.0,NYSE,False,True,1092.0,r2000
BC,Brunswick Corporation Common Stock,4824168515.0,Industrials,Industrial Machinery/Components,,United States,14930.0,NYSE,False,True,1093.0,r2000
GNTX,Gentex Corporation Common Stock,4816220947.0,Consumer Discretionary,Auto Parts:O.E.M.,,United States,355811.0,Nasdaq,False,True,1094.0,r2000
BETA,Beta Technologies Inc. Class A Common Stock,4777076445.0,Industrials,Aerospace,2025.0,United States,1784570.0,NYSE,False,True,1095.0,r2000
LPX,Louisiana-Pacific Corporation Common Stock,4776468137.0,Basic Materials,Forest Products,,United States,60519.0,NYSE,False,True,1096.0,r2000
ATAT,Atour Lifestyle Holdings Limited American Depositary Shares,4768314020.0,Consumer Discretionary,Hotels/Resorts,2022.0,China,1853717.0,Nasdaq,False,False,,
BULL,Webull Corporation Class A Ordinary Shares,4767879699.0,Finance,Investment Bankers/Brokers/Service,,United States,1866364.0,Nasdaq,False,True,1097.0,r2000
FFIN,First Financial Bankshares Inc. Common Stock,4761339783.0,Finance,Major Banks,,United States,36029.0,Nasdaq,False,True,1098.0,r2000
HP,Helmerich & Payne Inc. Common Stock,4761091340.0,Energy,Oil & Gas Production,,United States,46765.0,NYSE,False,True,1099.0,r2000
CRC,California Resources Corporation Common Stock,4758081668.0,Energy,Oil & Gas Production,2020.0,United States,1609253.0,NYSE,False,True,1100.0,r2000
DAVE,Dave Inc. Class A Common Stock,4755890785.0,Finance,Finance: Consumer Services,,United States,1841408.0,Nasdaq,False,True,1101.0,r2000
REYN,Reynolds Consumer Products Inc. Common Stock,4749120824.0,Consumer Discretionary,Containers/Packaging,2020.0,United States,1786431.0,Nasdaq,False,True,1102.0,r2000
CUZ,Cousins Properties Incorporated Common Stock,4747123353.0,Real Estate,Real Estate Investment Trusts,,United States,25232.0,NYSE,False,True,1103.0,r2000
BOX,Box Inc. Class A Common Stock,4745774738.0,Technology,Computer Software: Prepackaged Software,2015.0,United States,1372612.0,NYSE,False,True,1104.0,r2000
CRGY,Crescent Energy Company Class A Common Stock,4714860742.0,Energy,Oil & Gas Production,2021.0,United States,1866175.0,NYSE,False,True,1105.0,r2000
GHC,Graham Holdings Company Common Stock,4714025405.0,Real Estate,Other Consumer Services,,United States,104889.0,NYSE,False,True,1106.0,r2000
PAM,Pampa Energia S.A.,4713417232.0,Utilities,Electric Utilities: Central,,Argentina,1469395.0,NYSE,False,False,,
CELC,Celcuity Inc. Common Stock,4707249550.0,Health Care,Medical Specialities,2017.0,United States,1603454.0,Nasdaq,False,True,1107.0,r2000
VSH,Vishay Intertechnology Inc. Common Stock,4694936302.0,Technology,Electrical Products,,United States,103730.0,NYSE,False,True,1108.0,r2000
DYN,Dyne Therapeutics Inc. Common Stock,4694805275.0,Health Care,Biotechnology: Pharmaceutical Preparations,2020.0,United States,1818794.0,Nasdaq,False,True,1109.0,r2000
ENPH,Enphase Energy Inc. Common Stock,4693777897.0,Technology,Semiconductors,2012.0,United States,1463101.0,Nasdaq,False,True,1110.0,r2000
DOCS,Doximity Inc. Class A Common Stock,4691434194.0,Technology,EDP Services,2021.0,United States,1516513.0,NYSE,False,True,1111.0,r2000
MEOH,Methanex Corporation Common Stock,4685953410.0,Industrials,Major Chemicals,,Canada,886977.0,Nasdaq,False,False,,
HAE,Haemonetics Corporation Common Stock,4682556489.0,Health Care,Medical/Dental Instruments,1991.0,United States,313143.0,NYSE,False,True,1112.0,r2000
CENX,Century Aluminum Company Common Stock,4680402988.0,Industrials,Aluminum,1996.0,United States,949157.0,Nasdaq,False,True,1113.0,r2000
DOO,BRP Inc. Common Subordinate Voting Shares,4674491869.0,Consumer Discretionary,Industrial Specialties,,Canada,1748797.0,Nasdaq,False,False,,
SKY,Champion Homes Inc. Common Stock,4671348332.0,Consumer Discretionary,Homebuilding,,United States,90896.0,NYSE,False,True,1114.0,r2000
CLMT,Calumet Inc. Common Stock,4664759278.0,Energy,Integrated oil Companies,2006.0,United States,2013745.0,Nasdaq,False,True,1115.0,r2000
KBR,KBR Inc. Common Stock,4655682192.0,Industrials,Military/Government/Technical,2006.0,United States,1357615.0,NYSE,False,True,1116.0,r2000
ALK,Alaska Air Group Inc. Common Stock,4641573761.0,Consumer Discretionary,Air Freight/Delivery Services,,United States,766421.0,NYSE,False,True,1117.0,r2000
CHEF,The Chefs' Warehouse Inc. Common Stock,4627499695.0,Consumer Discretionary,Food Distributors,2011.0,United States,1517175.0,Nasdaq,False,True,1118.0,r2000
TPC,Tutor Perini Corporation Common Stock,4614517090.0,Consumer Discretionary,General Bldg Contractors - Nonresidential Bldgs,1970.0,United States,77543.0,NYSE,False,True,1119.0,r2000
DHCNL,Diversified Healthcare Trust 6.25% Senior Notes Due 2046,4609807147.0,Real Estate,Real Estate Investment Trusts,,United States,1075415.0,Nasdaq,False,True,1120.0,r2000
HRI,Herc Holdings Inc. Common Stock ,4605850040.0,Industrials,Misc Corporate Leasing Services,2016.0,United States,1364479.0,NYSE,False,True,1121.0,r2000
ESAB,ESAB Corporation Common Stock,4598552906.0,Industrials,Industrial Machinery/Components,2022.0,United States,1877322.0,NYSE,False,True,1122.0,r2000
DLO,DLocal Limited Class A Common Shares,4592090555.0,Consumer Discretionary,Business Services,2021.0,Uruguay,1846832.0,Nasdaq,False,False,,
UFPI,UFP Industries Inc. Common Stock,4573439219.0,Basic Materials,Forest Products,1993.0,United States,912767.0,Nasdaq,False,True,1123.0,r2000
PAY,Paymentus Holdings Inc. Class A Common Stock,4569090393.0,Consumer Discretionary,Business Services,2021.0,United States,1841156.0,NYSE,False,True,1124.0,r2000
NP,Neptune Insurance Holdings Inc. Class A Common Stock,4567117235.0,Finance,Specialty Insurers,2025.0,,2067129.0,NYSE,False,False,,
EPR,EPR Properties Common Stock,4566657840.0,Real Estate,Real Estate Investment Trusts,1997.0,United States,1045450.0,NYSE,False,True,1125.0,r2000
CVSA,Covista Inc. Common Shares,4566648091.0,Real Estate,Other Consumer Services,,United States,730464.0,NYSE,False,True,1126.0,r2000
CRK,Comstock Resources Inc. Common Stock,4562863316.0,Energy,Oil & Gas Production,,United States,23194.0,NYSE,False,True,1127.0,r2000
EE,Excelerate Energy Inc. Class A Common Stock,4561032663.0,Utilities,Oil/Gas Transmission,2022.0,United States,1888447.0,NYSE,False,True,1128.0,r2000
EWTX,Edgewise Therapeutics Inc. Common Stock,4559201335.0,Health Care,Biotechnology: Pharmaceutical Preparations,2021.0,United States,1710072.0,Nasdaq,False,True,1129.0,r2000
NNI,Nelnet Inc. Common Stock,4553291280.0,Finance,Finance: Consumer Services,2003.0,United States,1258602.0,NYSE,False,True,1130.0,r2000
HGTY,Hagerty Inc. Class A Common Stock,4546128043.0,Finance,Specialty Insurers,2021.0,United States,1840776.0,NYSE,False,True,1131.0,r2000
LIVN,LivaNova PLC Ordinary Shares,4539704977.0,Health Care,Biotechnology: Electromedical & Electrotherapeutic Apparatus,,United Kingdom,1639691.0,Nasdaq,False,False,,
BLLN,BillionToOne Inc. Class A Common Stock,4537033704.0,Health Care,Medical Specialities,2025.0,United States,2070849.0,Nasdaq,False,True,1132.0,r2000
CHH,Choice Hotels International Inc. Common Stock,4536015776.0,Consumer Discretionary,Hotels/Resorts,,United States,1046311.0,NYSE,False,True,1133.0,r2000
FHI,Federated Hermes Inc. Common Stock,4534118865.0,Finance,Investment Managers,,United States,1056288.0,NYSE,False,True,1134.0,r2000
VEON,VEON Ltd. ADS,4529000795.0,Telecommunications,Telecommunications Equipment,,Netherlands,1468091.0,Nasdaq,False,False,,
HCXY,Hercules Capital Inc. 6.25% Notes due 2033,4527376188.0,Finance,Investment Managers,2018.0,United States,1280784.0,NYSE,False,True,1135.0,r2000
BDC,Belden Inc Common Stock,4523691390.0,Industrials,Telecommunications Equipment,,United States,913142.0,NYSE,False,True,1136.0,r2000
FULT,Fulton Financial Corporation Common Stock,4522765997.0,Finance,Major Banks,,United States,700564.0,Nasdaq,False,True,1137.0,r2000
EQPT,EquipmentShare.com Inc Class A Common Stock,4512625901.0,Consumer Discretionary,Diversified Commercial Services,2026.0,United States,1693736.0,Nasdaq,False,True,1138.0,r2000
BIPC,Brookfield Infrastructure Corporation Brookfield Infrastructure Corporation,4503601006.0,Consumer Discretionary,Marine Transportation,,Canada,1788348.0,NYSE,False,False,,
BOOT,Boot Barn Holdings Inc. Common Stock,4502144909.0,Consumer Discretionary,Clothing/Shoe/Accessory Stores,2014.0,United States,1610250.0,NYSE,False,True,1139.0,r2000
LBTYB,Liberty Global Ltd. Class B Common Shares,4483596055.0,Telecommunications,Cable & Other Pay Television Services,,United Kingdom,1570585.0,Nasdaq,False,False,,
TKC,Turkcell Iletisim Hizmetleri AS Common Stock,4470400000.0,Telecommunications,Telecommunications Equipment,,Turkey,1071321.0,NYSE,False,False,,
TGS,Transportadora de Gas del Sur SA TGS Common Stock,4466884130.0,Utilities,Natural Gas Distribution,,Argentina,931427.0,NYSE,False,False,,
OLLI,Ollie's Bargain Outlet Holdings Inc. Common Stock,4465684680.0,Consumer Discretionary,Department/Specialty Retail Stores,2015.0,United States,1639300.0,Nasdaq,False,True,1140.0,r2000
NSIT,Insight Enterprises Inc. Common Stock,4462786131.0,Consumer Discretionary,Catalog/Specialty Distribution,1995.0,United States,932696.0,Nasdaq,False,True,1141.0,r2000
ALH,Alliance Laundry Holdings Inc. Common Stock,4460827314.0,Industrials,Industrial Machinery/Components,2025.0,United States,1317685.0,NYSE,False,True,1142.0,r2000
BB,BlackBerry Limited Common Stock,4459927307.0,Technology,Computer Software: Prepackaged Software,,Canada,1070235.0,NYSE,False,False,,
TREX,Trex Company Inc. Common Stock,4454564759.0,Basic Materials,Forest Products,,United States,1069878.0,NYSE,False,True,1143.0,r2000
CGAU,Centerra Gold Inc. Common Shares,4445551745.0,Basic Materials,Precious Metals,2021.0,Canada,1854640.0,NYSE,False,False,,
HAFN,Hafnia Limited Common Shares,4438057988.0,Consumer Discretionary,Transportation Services,2024.0,,1815779.0,NYSE,False,False,,
BCO,Brinks Company (The) Common Stock,4426649966.0,Industrials,Integrated Freight & Logistics,,United States,78890.0,NYSE,False,True,1144.0,r2000
MYRG,MYR Group Inc. Common Stock,4400648513.0,Industrials,Water Sewer Pipeline Comm & Power Line Construction,2008.0,United States,700923.0,Nasdaq,False,True,1145.0,r2000
NVST,Envista Holdings Corporation Common Stock,4399319050.0,Health Care,Medical/Dental Instruments,2019.0,United States,1757073.0,NYSE,False,True,1146.0,r2000
ACHR,Archer Aviation Inc. Class A Common Stock,4397310662.0,Industrials,Aerospace,2020.0,United States,1824502.0,NYSE,False,True,1147.0,r2000
GMAB,Genmab A/S ADS,4395834259.0,Health Care,Biotechnology: Pharmaceutical Preparations,2019.0,Denmark,1434265.0,Nasdaq,False,False,,
IBOC,International Bancshares Corporation Common Stock,4391964719.0,Finance,Major Banks,,United States,315709.0,Nasdaq,False,True,1148.0,r2000
RHI,Robert Half Inc. Common Stock,4391322421.0,Consumer Discretionary,Professional Services,,United States,315213.0,NYSE,False,True,1149.0,r2000
VNT,Vontier Corporation Common Stock ,4391296000.0,Industrials,Industrial Machinery/Components,2020.0,United States,1786842.0,NYSE,False,True,1150.0,r2000
MTH,Meritage Homes Corporation Common Stock,4390778645.0,Consumer Discretionary,Homebuilding,,United States,833079.0,NYSE,False,True,1151.0,r2000
DK,Delek US Holdings Inc. Common Stock,4375038832.0,Energy,Integrated oil Companies,2017.0,United States,1694426.0,NYSE,False,True,1152.0,r2000
USAR,USA Rare Earth Inc. Class A Common Stock,4368253767.0,Basic Materials,Metal Mining,2023.0,United States,1970622.0,Nasdaq,False,True,1153.0,r2000
SLGN,Silgan Holdings Inc. Common Stock,4367837887.0,Industrials,Containers/Packaging,2022.0,United States,849869.0,NYSE,False,True,1154.0,r2000
RUM,RUM Group Inc. Class A Common Stock,4363129707.0,Technology,Computer Software: Programming Data Processing,2021.0,United States,1830081.0,Nasdaq,False,True,1155.0,r2000
ONDS,Ondas Inc. Common Stock,4348769932.0,Technology,Radio And Television Broadcasting And Communications Equipment,,United States,1646188.0,Nasdaq,False,True,1156.0,r2000
HTFL,Heartflow Inc. Common Stock,4347681350.0,Health Care,Medical/Dental Instruments,2025.0,United States,1464521.0,Nasdaq,False,True,1157.0,r2000
OXLCM,Oxford Lane Capital Corp. Preferred Stock Shares 8.25% Series 2031,4346961360.0,Finance,Investment Managers,,United States,1495222.0,Nasdaq,False,True,1158.0,r2000
GFF,Griffon Corporation Common Stock,4340592634.0,Industrials,Building Products,,United States,50725.0,NYSE,False,True,1159.0,r2000
CON,Concentra Group Holdings Parent Inc. Common Stock,4339428556.0,Health Care,Medical Specialities,2024.0,United States,2014596.0,NYSE,False,True,1160.0,r2000
FBP,First BanCorp. New Common Stock,4338832177.0,Finance,Major Banks,,Puerto Rico,1057706.0,NYSE,False,False,,
SKT,Tanger Inc. Common Stock,4330937885.0,Real Estate,Real Estate Investment Trusts,1993.0,United States,899715.0,NYSE,False,True,1161.0,r2000
AMLX,Amylyx Pharmaceuticals Inc. Common Stock,4327056181.0,Health Care,Biotechnology: Pharmaceutical Preparations,2022.0,United States,1658551.0,Nasdaq,False,True,1162.0,r2000
BWIN,The Baldwin Insurance Group Inc. Class A Common Stock,4325843337.0,Finance,Specialty Insurers,2019.0,United States,1781755.0,Nasdaq,False,True,1163.0,r2000
ELVN,Enliven Therapeutics Inc. Common Stock,4323707607.0,Health Care,Biotechnology: Pharmaceutical Preparations,2020.0,United States,1672619.0,Nasdaq,False,True,1164.0,r2000
CVCO,Cavco Industries Inc. Common Stock When Issued,4320290514.0,Consumer Discretionary,Homebuilding,,United States,278166.0,Nasdaq,False,True,1165.0,r2000
NWE,NorthWestern Energy Group Inc. Common Stock,4317937892.0,Utilities,Power Generation,,United States,1993004.0,Nasdaq,False,True,1166.0,r2000
CVI,CVR Energy Inc. Common Stock,4314773309.0,Energy,Integrated oil Companies,2007.0,United States,1376139.0,NYSE,False,True,1167.0,r2000
FELE,Franklin Electric Co. Inc. Common Stock,4314596772.0,Consumer Discretionary,Metal Fabrications,,United States,38725.0,Nasdaq,False,True,1168.0,r2000
KFY,Korn Ferry Common Stock,4292859157.0,Consumer Discretionary,Diversified Commercial Services,1999.0,United States,56679.0,NYSE,False,True,1169.0,r2000
SITE,SiteOne Landscape Supply Inc. Common Stock,4290888283.0,Consumer Discretionary,Professional and commerical equipment,2016.0,United States,1650729.0,NYSE,False,True,1170.0,r2000
ARX,Accelerant Holdings Class A Common Shares,4278614474.0,Finance,Specialty Insurers,2025.0,Cayman Islands,1997350.0,NYSE,False,False,,
CBT,Cabot Corporation Common Stock,4277112620.0,Industrials,Major Chemicals,,United States,16040.0,NYSE,False,True,1171.0,r2000
ITGR,Integer Holdings Corporation Common Stock,4259543535.0,Health Care,Biotechnology: Electromedical & Electrotherapeutic Apparatus,,United States,1114483.0,NYSE,False,True,1172.0,r2000
LEGN,Legend Biotech Corporation American Depositary Shares,4257351361.0,Health Care,Biotechnology: Pharmaceutical Preparations,2020.0,United States,1801198.0,Nasdaq,False,True,1173.0,r2000
BRC,Brady Corporation Common Stock,4248631402.0,Consumer Discretionary,Miscellaneous manufacturing industries,,United States,746598.0,NYSE,False,True,1174.0,r2000
ICUI,ICU Medical Inc. Common Stock,4247445404.0,Health Care,Medical/Dental Instruments,1992.0,United States,883984.0,Nasdaq,False,True,1175.0,r2000
KRC,Kilroy Realty Corporation Common Stock,4241788792.0,Real Estate,Real Estate Investment Trusts,1997.0,United States,1025996.0,NYSE,False,True,1176.0,r2000
CCC,CCC Intelligent Solutions Holdings Inc. Common Stock,4228981975.0,Technology,Computer Software: Prepackaged Software,,United States,1818201.0,Nasdaq,False,True,1177.0,r2000
OPLN,OPENLANE Inc. Common Stock,4227279425.0,Consumer Discretionary,Retail-Auto Dealers and Gas Stations,,United States,1395942.0,NYSE,False,True,1178.0,r2000
UCB,United Community Banks Inc. Common Stock,4216525340.0,Finance,Major Banks,2024.0,United States,857855.0,NYSE,False,True,1179.0,r2000
STNG,Scorpio Tankers Inc. Common Shares,4214526362.0,Consumer Discretionary,Marine Transportation,2010.0,Monaco,1483934.0,NYSE,False,False,,
ITRI,Itron Inc. Common Stock,4208782698.0,Industrials,Electrical Products,1993.0,United States,780571.0,Nasdaq,False,True,1180.0,r2000
TCBI,Texas Capital Bancshares Inc. Common Stock,4203101995.0,Finance,Major Banks,2003.0,United States,1077428.0,Nasdaq,False,True,1181.0,r2000
LAZ,Lazard Inc. Common Stock,4185502067.0,Finance,Investment Managers,2005.0,Bermuda,1311370.0,NYSE,False,False,,
MAT,Mattel Inc. Common Stock,4182648000.0,Consumer Discretionary,Recreational Games/Products/Toys,,United States,63276.0,Nasdaq,False,True,1182.0,r2000
MDU,MDU Resources Group Inc. Common Stock (Holding Company),4167022723.0,Industrials,Mining & Quarrying of Nonmetallic Minerals (No Fuels),,United States,67716.0,NYSE,False,True,1183.0,r2000
COLD,Americold Realty Trust Inc. Common Stock,4165161239.0,Real Estate,Real Estate Investment Trusts,2018.0,United States,1455863.0,NYSE,False,True,1184.0,r2000
CECO,CECO Environmental Corp. Common Stock,4164900611.0,Industrials,Pollution Control Equipment,1998.0,United States,3197.0,Nasdaq,False,True,1185.0,r2000
BILL,BILL Holdings Inc. Common Stock,4158095890.0,Technology,Computer Software: Prepackaged Software,2019.0,United States,1786352.0,NYSE,False,True,1186.0,r2000
ELC,Entergy Louisiana Inc. Collateral Trust Mortgage Bonds 4.875 % Series due September 1 2066,4149602762.0,Utilities,Electric Utilities: Central,2016.0,United States,1348952.0,NYSE,False,True,1187.0,r2000
DIOD,Diodes Incorporated Common Stock,4146035001.0,Technology,Semiconductors,,United States,29002.0,Nasdaq,False,True,1188.0,r2000
FCN,FTI Consulting Inc. Common Stock,4141460134.0,Consumer Discretionary,Professional Services,1999.0,United States,887936.0,NYSE,False,True,1189.0,r2000
INDV,Indivior Pharmaceuticals Inc. Common Stock,4136965170.0,Health Care,Biotechnology: Pharmaceutical Preparations,,United Kingdom,1625297.0,Nasdaq,False,False,,
CATY,Cathay General Bancorp Common Stock,4136256840.0,Finance,Major Banks,,United States,861842.0,Nasdaq,False,True,1190.0,r2000
KLIC,Kulicke and Soffa Industries Inc. Common Stock,4131383629.0,Technology,Semiconductors,,Singapore,56978.0,Nasdaq,False,False,,
GPGI,GPGI Inc. Class A Common Stock,4130933669.0,Finance,Finance: Consumer Services,,United States,1823144.0,NYSE,False,True,1191.0,r2000
TDS,Telephone and Data Systems Inc. Common Shares,4128637000.0,Telecommunications,Telecommunications Equipment,,United States,1051512.0,NYSE,False,True,1192.0,r2000
WK,Workiva Inc. Class A Common Stock,4122048966.0,Technology,Computer Software: Prepackaged Software,2014.0,United States,1445305.0,NYSE,False,True,1193.0,r2000
TNL,Travel   Leisure Co. Common  Stock,4114148475.0,Consumer Discretionary,Hotels/Resorts,,United States,1361658.0,NYSE,False,True,1194.0,r2000
MANE,Veradermics Incorporated Common Stock,4113672191.0,Health Care,Biotechnology: Pharmaceutical Preparations,2026.0,,1827635.0,NYSE,False,False,,
LMND,Lemonade Inc. Common Stock,4112856121.0,Finance,Property-Casualty Insurers,2020.0,United States,1691421.0,NYSE,False,True,1195.0,r2000
SMR,NuScale Power Corporation Class A Common Stock,4108154480.0,Industrials,Metal Fabrications,2022.0,United States,1822966.0,NYSE,False,True,1196.0,r2000
SEZL,Sezzle Inc. Common Stock,4091514201.0,Finance,Finance: Consumer Services,,United States,1662991.0,Nasdaq,False,True,1197.0,r2000
BFH,Bread Financial Holdings Inc. Common Stock,4090883657.0,Consumer Discretionary,Business Services,,United States,1101215.0,NYSE,False,True,1198.0,r2000
AYA,Aya Gold & Silver Inc. Common Shares,4083425363.0,Basic Materials,Precious Metals,,Canada,1826836.0,Nasdaq,False,False,,
SEB,Seaboard Corporation Common Stock,4082587347.0,Industrials,Farming/Seeds/Milling,1996.0,United States,88121.0,NYSE,False,True,1199.0,r2000
LILAP,Liberty Latin America Ltd. 9.0% Fixed Rate Cumulative Perpetual Redeemable Series A Preference Shares,4082556000.0,Telecommunications,Cable & Other Pay Television Services,,United States,1712184.0,Nasdaq,False,True,1200.0,r2000
CNK,Cinemark Holdings Inc Cinemark Holdings Inc. Common Stock,4078938177.0,Consumer Discretionary,Movies/Entertainment,2007.0,United States,1385280.0,NYSE,False,True,1201.0,r2000
ARIS,Aris Mining Corporation Common Shares,4064016000.0,,,2023.0,,1964504.0,NYSE,False,False,,
AZZ,AZZ Inc.,4061460360.0,Industrials,Industrial Specialties,,United States,8947.0,NYSE,False,True,1202.0,r2000
VVV,Valvoline Inc. Common Stock,4061075685.0,Industrials,Major Chemicals,2016.0,United States,1674910.0,NYSE,False,True,1203.0,r2000
RLAY,Relay Therapeutics Inc. Common Stock,4056311590.0,Health Care,Biotechnology: Biological Products (No Diagnostic Substances),2020.0,United States,1812364.0,Nasdaq,False,True,1204.0,r2000
MNDY,monday.com Ltd. Ordinary Shares,4052131791.0,Technology,Computer Software: Prepackaged Software,2021.0,Israel,1845338.0,Nasdaq,False,False,,
MARA,MARA Holdings Inc. Common Stock,4044553640.0,Finance,Finance: Consumer Services,,United States,1507605.0,Nasdaq,False,True,1205.0,r2000
SEI,Solaris Energy Infrastructure Inc. Class A Common Stock,4040408506.0,Consumer Discretionary,Oil and Gas Field Machinery,2017.0,United States,1697500.0,NYSE,False,True,1206.0,r2000
BRZE,Braze Inc. Class A Common Stock,4037778579.0,Technology,Computer Software: Prepackaged Software,2021.0,United States,1676238.0,Nasdaq,False,True,1207.0,r2000
IRTC,iRhythm Holdings Inc. Common Stock,4037473422.0,Health Care,Medical/Dental Instruments,2016.0,United States,1388658.0,Nasdaq,False,True,1208.0,r2000
BNL,Broadstone Net Lease Inc. Common Stock,4033590250.0,Real Estate,Real Estate Investment Trusts,2020.0,United States,1424182.0,NYSE,False,True,1209.0,r2000
MIAX,Miami International Holdings Inc. Common Stock,4030759077.0,Finance,Investment Bankers/Brokers/Service,2025.0,United States,1438472.0,NYSE,False,True,1210.0,r2000
SRAD,Sportradar Group AG Class A Ordinary Shares,4027905143.0,Technology,Computer Software: Programming Data Processing,2021.0,Switzerland,1836470.0,Nasdaq,False,False,,
GEO,Geo Group Inc (The) REIT,4022294487.0,Consumer Discretionary,Homebuilding,,United States,923796.0,NYSE,False,True,1211.0,r2000
CDP,COPT Defense Properties Common Shares of Beneficial Interest,4021534841.0,Real Estate,Real Estate Investment Trusts,,United States,860546.0,NYSE,False,True,1212.0,r2000
SUNC,SunocoCorp LLC Common Units representing limited liability company interests,4018856616.0,Energy,Integrated oil Companies,2025.0,,2089661.0,NYSE,False,False,,
WSFS,WSFS Financial Corporation Common Stock,4016232459.0,Finance,Major Banks,,United States,828944.0,Nasdaq,False,True,1213.0,r2000
PARR,Par Pacific Holdings Inc.  Common Stock,4015986100.0,Energy,Oil & Gas Production,,United States,821483.0,NYSE,False,True,1214.0,r2000
AVNT,Avient Corporation Common Stock,3998055185.0,Industrials,Major Chemicals,,United States,1122976.0,NYSE,False,True,1215.0,r2000
PRIM,Primoris Services Corporation Common Stock,3996511956.0,Industrials,Water Sewer Pipeline Comm & Power Line Construction,,United States,1361538.0,NYSE,False,True,1216.0,r2000
CAAP,Corporacion America Airports SA Common Shares,3994998950.0,Consumer Discretionary,Aerospace,2018.0,,1717393.0,NYSE,False,False,,
QTWO,Q2 Holdings Inc. Common Stock,3991324027.0,Technology,Computer Software: Prepackaged Software,2014.0,United States,1410384.0,NYSE,False,True,1217.0,r2000
SKE,Skeena Resources Limited Common Shares,3983440884.0,Basic Materials,Precious Metals,2021.0,,1713748.0,NYSE,False,False,,
WBI,WaterBridge Infrastructure LLC Class A Shares Representing Limited Liability Company Interests,3982697302.0,Energy,Oilfield Services/Equipment,2025.0,,2064947.0,NYSE,False,False,,
USAC,USA Compression Partners LP Common Units Representing Limited Partner Interests,3981593687.0,Utilities,Natural Gas Distribution,2013.0,United States,1522727.0,NYSE,False,True,1218.0,r2000
CNS,Cohen & Steers Inc Common Stock,3971284994.0,Finance,Investment Managers,2004.0,United States,1284812.0,NYSE,False,True,1219.0,r2000
KTB,Kontoor Brands Inc. Common Stock ,3961840914.0,Industrials,Garments and Clothing,2019.0,United States,1760965.0,NYSE,False,True,1220.0,r2000
GEF,Greif Inc. Class A Common Stock,3950623228.0,,,,United States,43920.0,NYSE,False,True,1221.0,r2000
THO,Thor Industries Inc. Common Stock,3941263710.0,Industrials,Homebuilding,,United States,730263.0,NYSE,False,True,1222.0,r2000
ADPT,Adaptive Biotechnologies Corporation Common Stock,3935633464.0,Health Care,Biotechnology: Biological Products (No Diagnostic Substances),2019.0,United States,1478320.0,Nasdaq,False,True,1223.0,r2000
CVBF,CVB Financial Corporation Common Stock,3922982826.0,Finance,Major Banks,,United States,354647.0,Nasdaq,False,True,1224.0,r2000
SLG,SL Green Realty Corp Common Stock,3908789369.0,Real Estate,Real Estate Investment Trusts,1997.0,United States,1040971.0,NYSE,False,True,1225.0,r2000
VKTX,Viking Therapeutics Inc. Common Stock,3907873390.0,Health Care,Biotechnology: Pharmaceutical Preparations,2015.0,United States,1607678.0,Nasdaq,False,True,1226.0,r2000
IOVA,Iovance Biotherapeutics Inc. Common Stock,3904613744.0,Health Care,Biotechnology: Biological Products (No Diagnostic Substances),,United States,1425205.0,Nasdaq,False,True,1227.0,r2000
PHI,PLDT Inc. Sponsored ADR,3904127854.0,Telecommunications,Telecommunications Equipment,,Philippines,78150.0,NYSE,False,False,,
LOPE,Grand Canyon Education Inc. Common Stock,3899068885.0,Real Estate,Other Consumer Services,2008.0,United States,1434588.0,Nasdaq,False,True,1228.0,r2000
MDA,MDA Space Ltd. Common Shares,3890525695.0,Consumer Discretionary,Electronic Components,2026.0,,1857047.0,NYSE,False,False,,
PLNT,Planet Fitness Inc. Common Stock,3887212751.0,Consumer Discretionary,Hotels/Resorts,2015.0,United States,1637207.0,NYSE,False,True,1229.0,r2000
WSBC,WesBanco Inc. Common Stock,3880352269.0,Finance,Major Banks,,United States,203596.0,Nasdaq,False,True,1230.0,r2000
TLX,Telix Pharmaceuticals Limited American Depositary Shares,3878997211.0,Health Care,Biotechnology: Pharmaceutical Preparations,,Australia,2007191.0,Nasdaq,False,False,,
BWLP,BW LPG Limited Common Shares,3878516700.0,Consumer Discretionary,Transportation Services,2024.0,,1649313.0,NYSE,False,False,,
MIR,Mirion Technologies Inc. Class A Common Stock,3877516164.0,Industrials,Industrial Machinery/Components,2020.0,United States,1809987.0,NYSE,False,True,1231.0,r2000
IDYA,IDEAYA Biosciences Inc. Common Stock,3875982572.0,Health Care,Biotechnology: Pharmaceutical Preparations,2019.0,United States,1676725.0,Nasdaq,False,True,1232.0,r2000
INDB,Independent Bank Corp. Common Stock,3867686933.0,Finance,Major Banks,,United States,776901.0,Nasdaq,False,True,1233.0,r2000
ATMU,Atmus Filtration Technologies Inc. Common Stock,3858652472.0,Consumer Discretionary,Auto Parts:O.E.M.,2023.0,United States,1921963.0,NYSE,False,True,1234.0,r2000
JOYY,JOYY Inc. American Depositary Shares,3856391724.0,Technology,EDP Services,2012.0,Singapore,1530238.0,Nasdaq,False,False,,
IRT,Independence Realty Trust Inc. Common Stock,3847351333.0,Real Estate,Real Estate Investment Trusts,2013.0,United States,1466085.0,NYSE,False,True,1235.0,r2000
BMI,Badger Meter Inc. Common Stock,3843655912.0,Industrials,Industrial Machinery/Components,1971.0,United States,9092.0,NYSE,False,True,1236.0,r2000
OLED,Universal Display Corporation Common Stock,3840988733.0,Technology,Electrical Products,,United States,1005284.0,Nasdaq,False,True,1237.0,r2000
GNW,Genworth Financial Inc Common Stock,3827631005.0,Finance,Life Insurance,2004.0,United States,1276520.0,NYSE,False,True,1238.0,r2000
ABG,Asbury Automotive Group Inc Common Stock,3825014955.0,Consumer Discretionary,Retail-Auto Dealers and Gas Stations,2002.0,United States,1144980.0,NYSE,False,True,1239.0,r2000
DORM,Dorman Products Inc. Common Stock,3814503938.0,Consumer Discretionary,Auto Parts:O.E.M.,,United States,868780.0,Nasdaq,False,True,1240.0,r2000
RCUS,Arcus Biosciences Inc. Common Stock,3800901274.0,Health Care,Biotechnology: Pharmaceutical Preparations,2018.0,United States,1724521.0,NYSE,False,True,1241.0,r2000
HHH,Howard Hughes Holdings Inc. Common Stock,3773175054.0,Real Estate,Real Estate Investment Trusts,,United States,1981792.0,NYSE,False,True,1242.0,r2000
TENB,Tenable Holdings Inc. Common Stock,3771193018.0,Technology,Computer Software: Prepackaged Software,2018.0,United States,1660280.0,Nasdaq,False,True,1243.0,r2000
TNGX,Tango Therapeutics Inc.,3763383391.0,Health Care,Biotechnology: Pharmaceutical Preparations,2020.0,United States,1819133.0,Nasdaq,False,True,1244.0,r2000
PLSE,Pulse Biosciences Inc Common Stock (DE),3757274937.0,Health Care,Medical/Dental Instruments,2016.0,United States,1625101.0,Nasdaq,False,True,1245.0,r2000
SYNA,Synaptics Incorporated Common Stock $0.001 Par Value,3753879586.0,Technology,Semiconductors,2002.0,United States,817720.0,Nasdaq,False,True,1246.0,r2000
PFSI,PennyMac Financial Services Inc. Common Stock,3749864467.0,Finance,Finance: Consumer Services,2013.0,United States,1745916.0,NYSE,False,True,1247.0,r2000
TAC,TransAlta Corporation Ordinary Shares,3741440000.0,Utilities,Electric Utilities: Central,,Canada,1144800.0,NYSE,False,False,,
BBWI,Bath & Body Works Inc.,3736487650.0,Consumer Discretionary,Other Specialty Stores,,United States,701985.0,NYSE,False,True,1248.0,r2000
AXTI,AXT Inc Common Stock,3734394423.0,Technology,Semiconductors,1998.0,United States,1051627.0,Nasdaq,False,True,1249.0,r2000
FSM,Fortuna Mining Corp. Common Shares,3733873565.0,Basic Materials,Precious Metals,,Canada,1341335.0,NYSE,False,False,,
BANF,BancFirst Corporation Common Stock,3733828532.0,Finance,Major Banks,1993.0,United States,760498.0,Nasdaq,False,True,1250.0,r2000
OTTR,Otter Tail Corporation Common Stock,3731678350.0,Utilities,Electric Utilities: Central,,United States,1466593.0,Nasdaq,False,True,1251.0,r2000
IPAR,Interparfums Inc. Common Stock,3729722455.0,Consumer Discretionary,Package Goods/Cosmetics,,United States,822663.0,Nasdaq,False,True,1252.0,r2000
PDI,PIMCO Dynamic Income Fund Common Stock,3726569700.0,Finance,Trusts Except Educational Religious and Charitable,2012.0,United States,1510599.0,NYSE,False,True,1253.0,r2000
JOE,St. Joe Company (The) Common Stock,3724390104.0,Real Estate,Homebuilding,,United States,745308.0,NYSE,False,True,1254.0,r2000
MWA,MUELLER WATER PRODUCTS Common Stock,3718913674.0,Industrials,Metal Fabrications,2006.0,United States,1350593.0,NYSE,False,True,1255.0,r2000
APLE,Apple Hospitality REIT Inc. Common Shares,3718302494.0,Real Estate,Real Estate Investment Trusts,2015.0,United States,1418121.0,NYSE,False,True,1256.0,r2000
RNST,Renasant Corporation Common Stock,3715591502.0,Finance,Major Banks,2023.0,United States,715072.0,NYSE,False,True,1257.0,r2000
MHO,M/I Homes Inc. Common Stock,3711548951.0,Consumer Discretionary,Homebuilding,1993.0,United States,799292.0,NYSE,False,True,1258.0,r2000
POST,Post Holdings Inc. Common Stock,3706437798.0,Consumer Staples,Packaged Foods,2012.0,United States,1530950.0,NYSE,False,True,1259.0,r2000
CALM,Cal-Maine Foods Inc. Common Stock,3697910844.0,Consumer Staples,Farming/Seeds/Milling,1996.0,United States,16160.0,Nasdaq,False,True,1260.0,r2000
SKYW,SkyWest Inc. Common Stock,3687137742.0,Consumer Discretionary,Air Freight/Delivery Services,1986.0,United States,793733.0,Nasdaq,False,True,1261.0,r2000
MANU,Manchester United Ltd. Class A Ordinary Shares,3662388965.0,Consumer Discretionary,Services-Misc. Amusement & Recreation,2012.0,United Kingdom,1549107.0,NYSE,False,False,,
CII,BlackRock Enhanced Large Cap Core Fund Inc. Common Stock,3659556787.0,Finance,Investment Bankers/Brokers/Service,2004.0,United States,1278895.0,NYSE,False,True,1262.0,r2000
DNLI,Denali Therapeutics Inc. Common Stock,3652513159.0,Health Care,Biotechnology: Biological Products (No Diagnostic Substances),2017.0,United States,1714899.0,Nasdaq,False,True,1263.0,r2000
MSGE,Madison Square Garden Entertainment Corp. Class A Common Stock,3646760489.0,Consumer Discretionary,Services-Misc. Amusement & Recreation,2023.0,United States,1952073.0,NYSE,False,True,1264.0,r2000
BATRA,Atlanta Braves Holdings Inc. Series A Common Stock,3641528155.0,Consumer Discretionary,Services-Misc. Amusement & Recreation,,United States,1958140.0,Nasdaq,False,True,1265.0,r2000
TARS,Tarsus Pharmaceuticals Inc. Common Stock,3631756749.0,Health Care,Biotechnology: Biological Products (No Diagnostic Substances),2020.0,United States,1819790.0,Nasdaq,False,True,1266.0,r2000
WIX,Wix.com Ltd. Ordinary Shares,3627934109.0,Technology,Computer Software: Programming Data Processing,2013.0,Israel,1576789.0,Nasdaq,False,False,,
ERO,Ero Copper Corp. Common Shares,3624702168.0,Basic Materials,Metal Mining,2021.0,Canada,1853860.0,NYSE,False,False,,
PTRN,Pattern Group Inc. Series A Common Stock,3618941416.0,Consumer Discretionary,Catalog/Specialty Distribution,2025.0,United States,1811935.0,Nasdaq,False,True,1267.0,r2000
OGN,Organon & Co. Common Stock ,3616131892.0,Health Care,Biotechnology: Pharmaceutical Preparations,2021.0,United States,1821825.0,NYSE,False,True,1268.0,r2000
VCYT,Veracyte Inc. Common Stock,3607936007.0,Health Care,Medical Specialities,2013.0,United States,1384101.0,Nasdaq,False,True,1269.0,r2000
CSTM,Constellium SE Ordinary Shares (France),3605037565.0,Industrials,Metal Fabrications,2013.0,Netherlands,1563411.0,NYSE,False,False,,
GRAL,GRAIL Inc. Common Stock ,3598311811.0,Health Care,Medical Specialities,,United States,1699031.0,Nasdaq,False,True,1270.0,r2000
WT,WisdomTree Inc. Common Stock,3596897515.0,Finance,Investment Bankers/Brokers/Service,2022.0,United States,880631.0,NYSE,False,True,1271.0,r2000
BTE,Baytex Energy Corp Common Shares,3594062160.0,Energy,Oil & Gas Production,2023.0,Canada,1279495.0,NYSE,False,False,,
BTU,Peabody Energy Corporation Common Stock ,3587517000.0,Energy,Coal Mining,2017.0,United States,1064728.0,NYSE,False,True,1272.0,r2000
NG,Novagold Resources Inc.,3584837616.0,Basic Materials,Precious Metals,2003.0,Canada,1173420.0,NYSE,False,False,,
LXP,LXP Industrial Trust Common Stock (Maryland REIT),3580474643.0,Real Estate,Real Estate Investment Trusts,,United States,910108.0,NYSE,False,True,1273.0,r2000
OPCH,Option Care Health Inc. Common Stock,3572378046.0,Health Care,Medical/Nursing Services,,United States,1014739.0,Nasdaq,False,True,1274.0,r2000
UUUU,Energy Fuels Inc Ordinary Shares (Canada),3570599430.0,Industrials,Mining & Quarrying of Nonmetallic Minerals (No Fuels),,Canada,1385849.0,NYSE,False,False,,
MGNI,Magnite Inc. Common Stock,3568393026.0,Technology,Computer Software: Programming Data Processing,,United States,1595974.0,Nasdaq,False,True,1275.0,r2000
CRVL,CorVel Corp. Common Stock,3555861433.0,Finance,Specialty Insurers,,United States,874866.0,Nasdaq,False,True,1276.0,r2000
NIC,Nicolet Bankshares Inc. Common Stock,3555651656.0,Finance,Major Banks,2022.0,United States,1174850.0,NYSE,False,True,1277.0,r2000
SBLK,Star Bulk Carriers Corp. Common Shares,3548889373.0,Consumer Discretionary,Marine Transportation,,Greece,1386716.0,Nasdaq,False,False,,
WSC,WillScot Holdings Corporation Class A Common Stock,3547718958.0,Industrials,Misc Corporate Leasing Services,2015.0,United States,1647088.0,Nasdaq,False,True,1278.0,r2000
FIBK,First Interstate BancSystem Inc. Common Stock (DE),3541519196.0,Finance,Major Banks,2010.0,United States,860413.0,Nasdaq,False,True,1279.0,r2000
LRN,Stride Inc. Common Stock,3536742810.0,Real Estate,Other Consumer Services,,United States,1157408.0,NYSE,False,True,1280.0,r2000
FLY,Firefly Aerospace Inc. Common Stock,3527215870.0,Industrials,Military/Government/Technical,2025.0,United States,1860160.0,Nasdaq,False,True,1281.0,r2000
LIF,Life360 Inc. Common Stock,3517507530.0,Technology,EDP Services,2024.0,United States,1581760.0,Nasdaq,False,True,1282.0,r2000
PII,Polaris Inc. Common Stock,3512085501.0,Consumer Discretionary,Industrial Specialties,,United States,931015.0,NYSE,False,True,1283.0,r2000
NHI,National Health Investors Inc. Common Stock,3511887135.0,Real Estate,Real Estate Investment Trusts,,United States,877860.0,NYSE,False,True,1284.0,r2000
NESR,National Energy Services Reunited Corp Ordinary Shares,3503589934.0,Energy,Oilfield Services/Equipment,,United States,1698514.0,Nasdaq,False,True,1285.0,r2000
BFAM,Bright Horizons Family Solutions Inc. Common Stock,3499310267.0,Consumer Discretionary,Other Consumer Services,2013.0,United States,1437578.0,NYSE,False,True,1286.0,r2000
AWR,American States Water Company Common Stock,3497843995.0,Utilities,Water Supply,,United States,1056903.0,NYSE,False,True,1287.0,r2000
FOUR,Shift4 Payments Inc. Class A Common Stock,3492406108.0,Consumer Discretionary,Business Services,2020.0,United States,1794669.0,NYSE,False,True,1288.0,r2000
SMG,Scotts Miracle-Gro Company (The) Common Stock,3491469832.0,Industrials,Agricultural Chemicals,1992.0,United States,825542.0,NYSE,False,True,1289.0,r2000
HNI,HNI Corporation Common Stock,3489990030.0,Consumer Discretionary,Office Equipment/Supplies/Services,,United States,48287.0,NYSE,False,True,1290.0,r2000
PRK,Park National Corporation Common Stock,3485479865.0,Finance,Major Banks,1994.0,United States,805676.0,NYSE,False,True,1291.0,r2000
KAI,Kadant Inc Common Stock,3484752336.0,Industrials,Industrial Machinery/Components,1992.0,United States,886346.0,NYSE,False,True,1292.0,r2000
PLMR,Palomar Holdings Inc. Common stock,3477092278.0,Finance,Property-Casualty Insurers,2019.0,United States,1761312.0,Nasdaq,False,True,1293.0,r2000
KNF,Knife Riv Holding Co. Common Stock,3476191841.0,Industrials,Mining & Quarrying of Nonmetallic Minerals (No Fuels),2023.0,United States,1955520.0,NYSE,False,True,1294.0,r2000
BELFB,Bel Fuse Inc. Class B Common Stock,3475720010.0,,,,United States,729580.0,Nasdaq,False,True,1295.0,r2000
MCHB,Mechanics Bancorp Class A Common Stock,3469914961.0,Finance,Major Banks,2012.0,United States,1518715.0,Nasdaq,False,True,1296.0,r2000
FA,First Advantage Corporation Common Stock,3447096578.0,Technology,EDP Services,2021.0,United States,1210677.0,Nasdaq,False,True,1297.0,r2000
FRSH,Freshworks Inc. Class A Common Stock,3441544983.0,Technology,Computer Software: Prepackaged Software,2021.0,United States,1544522.0,Nasdaq,False,True,1298.0,r2000
VAC,Marriott Vacations Worldwide Corporation Common Stock,3440219906.0,Finance,Real Estate,,United States,1524358.0,NYSE,False,True,1299.0,r2000
TRMD,TORM plc Class A Common Stock,3430112132.0,Consumer Discretionary,Marine Transportation,,United Kingdom,1655891.0,Nasdaq,False,False,,
FFBC,First Financial Bancorp. Common Stock,3429335270.0,Finance,Major Banks,,United States,708955.0,Nasdaq,False,True,1300.0,r2000
KEN,Kenon Holdings Ltd. Ordinary Shares,3422479515.0,Utilities,Electric Utilities: Central,2015.0,Singapore,1611005.0,NYSE,False,False,,
LEU,Centrus Energy Corp. Class A Common Stock,3421715618.0,Industrials,Mining & Quarrying of Nonmetallic Minerals (No Fuels),2014.0,United States,1065059.0,NYSE,False,True,1301.0,r2000
ACLS,Axcelis Technologies Inc. Common Stock,3420742537.0,Technology,Industrial Machinery/Components,2000.0,United States,1113232.0,Nasdaq,False,True,1302.0,r2000
ARLP,Alliance Resource Partners L.P. Common Units representing Limited Partners Interests,3414604579.0,Energy,Coal Mining,1999.0,United States,1086600.0,Nasdaq,False,True,1303.0,r2000
AB,AllianceBernstein Holding L.P.  Units,3409345272.0,Finance,Investment Managers,,United States,825313.0,NYSE,False,True,1304.0,r2000
GPCR,Structure Therapeutics Inc. American Depositary Shares,3408611165.0,Health Care,Biotechnology: Pharmaceutical Preparations,2023.0,United States,1888886.0,Nasdaq,False,True,1305.0,r2000
HIW,Highwoods Properties Inc. Common Stock,3404049671.0,Real Estate,Real Estate Investment Trusts,1994.0,United States,921082.0,NYSE,False,True,1306.0,r2000
NHC,National HealthCare Corporation Common Stock,3403847589.0,Health Care,Hospital/Nursing Management,1986.0,United States,1047335.0,NYSE,False,True,1307.0,r2000
LUNR,Intuitive Machines Inc. Class A Common Stock,3401811650.0,Industrials,Industrial Machinery/Components,2021.0,United States,1844452.0,Nasdaq,False,True,1308.0,r2000
FRPT,Freshpet Inc. Common Stock,3400829607.0,Consumer Staples,Packaged Foods,2014.0,United States,1611647.0,Nasdaq,False,True,1309.0,r2000
ASH,Ashland Inc. Common Stock,3398783921.0,Consumer Discretionary,Specialty Chemicals,,United States,1674862.0,NYSE,False,True,1310.0,r2000
CURB,Curbline Properties Corp. Common Stock,3386719456.0,Finance,Real Estate,2024.0,United States,2027317.0,NYSE,False,True,1311.0,r2000
COCO,The Vita Coco Company Inc. Common Stock,3386068283.0,Consumer Staples,Beverages (Production/Distribution),2021.0,United States,1482981.0,Nasdaq,False,True,1312.0,r2000
FSK,FS KKR Capital Corp. Common Stock,3385168430.0,Finance,Investment Managers,2014.0,United States,1422183.0,NYSE,False,True,1313.0,r2000
NATL,NCR Atleos Corporation Common Stock,3383740608.0,Miscellaneous,Office Equipment/Supplies/Services,2023.0,United States,1974138.0,NYSE,False,True,1314.0,r2000
ZIM,ZIM Integrated Shipping Services Ltd. Ordinary Shares,3375454742.0,Consumer Discretionary,Marine Transportation,2021.0,,1654126.0,NYSE,False,False,,
QS,QuantumScape Corporation Class A Common Stock,3374168613.0,Miscellaneous,Industrial Machinery/Components,,United States,1811414.0,Nasdaq,False,True,1315.0,r2000
EROK,EagleRock Land LLC Class A shares representing limited liability company interests,3373476971.0,Energy,Oil & Gas Production,2026.0,,2104882.0,NYSE,False,False,,
ZGN,Ermenegildo Zegna N.V. Ordinary Shares,3369999348.0,Consumer Discretionary,Apparel,2021.0,,1877787.0,NYSE,False,False,,
SXI,Standex International Corporation Common Stock,3368362907.0,Industrials,Industrial Machinery/Components,,United States,310354.0,NYSE,False,True,1316.0,r2000
GBDC,Golub Capital BDC Inc. Common Stock,3362488078.0,Finance,Finance: Consumer Services,2010.0,United States,1476765.0,Nasdaq,False,True,1317.0,r2000
SA,Seabridge Gold Inc. Common Shares New,3355873530.0,Basic Materials,Precious Metals,2026.0,Canada,1231346.0,NYSE,False,False,,
NMIH,NMI Holdings Inc. Common Stock,3352459619.0,Finance,Property-Casualty Insurers,2013.0,United States,1547903.0,Nasdaq,False,True,1318.0,r2000
ABCL,AbCellera Biologics Inc. Common Shares,3347400444.0,Health Care,Biotechnology: Pharmaceutical Preparations,2020.0,Canada,1703057.0,Nasdaq,False,False,,
APAM,Artisan Partners Asset Management Inc. Class A Common Stock,3337761783.0,Finance,Investment Managers,2013.0,United States,1517302.0,NYSE,False,True,1319.0,r2000
PVH,PVH Corp. Common Stock,3333153971.0,Industrials,Garments and Clothing,,United States,78239.0,NYSE,False,True,1320.0,r2000
EXPO,Exponent Inc. Common Stock,3329652263.0,Consumer Discretionary,Professional Services,,United States,851520.0,Nasdaq,False,True,1321.0,r2000
LION,Lionsgate Studios Corp Common Shares,3323741626.0,Consumer Discretionary,Movies/Entertainment,2025.0,Canada,2052959.0,NYSE,False,False,,
CSQ,Calamos Strategic Total Return Common Stock,3319162424.0,Finance,Finance Companies,2004.0,United States,1275214.0,Nasdaq,False,True,1322.0,r2000
VGNT,Versigent PLC Ordinary Shares,3315798755.0,Consumer Discretionary,Auto Parts:O.E.M.,2026.0,United Kingdom,2078008.0,NYSE,False,False,,
CBU,Community Financial System Inc. Common Stock,3314275856.0,Finance,Major Banks,,United States,723188.0,NYSE,False,True,1323.0,r2000
USLM,United States Lime & Minerals Inc. Common Stock,3312645276.0,Industrials,Mining & Quarrying of Nonmetallic Minerals (No Fuels),,United States,82020.0,Nasdaq,False,True,1324.0,r2000
AAUC,Allied Gold Corporation Common Shares,3309512459.0,,,2025.0,,1993344.0,NYSE,False,False,,
SBCF,Seacoast Banking Corporation of Florida Common Stock,3305530358.0,Finance,Major Banks,,United States,730708.0,Nasdaq,False,True,1325.0,r2000
AGO,Assured Guaranty Ltd. Common Stock,3299759976.0,Finance,Property-Casualty Insurers,2004.0,Bermuda,1273813.0,NYSE,False,False,,
DAN,Dana Incorporated Common Stock ,3299376745.0,Consumer Discretionary,Auto Parts:O.E.M.,,United States,26780.0,NYSE,False,True,1326.0,r2000
SII,Sprott Inc. Common Shares,3298014000.0,Finance,Finance: Consumer Services,2020.0,,1512920.0,NYSE,False,False,,
OSIS,OSI Systems Inc. Common Stock (DE),3296001884.0,Technology,Semiconductors,1997.0,United States,1039065.0,Nasdaq,False,True,1327.0,r2000
GPI,Group 1 Automotive Inc. Common Stock,3295422212.0,Consumer Discretionary,Retail-Auto Dealers and Gas Stations,1997.0,United States,1031203.0,NYSE,False,True,1328.0,r2000
EXK,Endeavour Silver Corporation Ordinary Shares (Canada),3295245766.0,Basic Materials,Precious Metals,,Canada,1277866.0,NYSE,False,False,,
AD,Array Digital Infrastructure Inc. Common Shares,3283540000.0,Telecommunications,Telecommunications Equipment,1988.0,United States,821130.0,NYSE,False,True,1329.0,r2000
LBRT,Liberty Energy Inc. Class A common stock,3281779376.0,Energy,Oilfield Services/Equipment,2018.0,United States,1694028.0,NYSE,False,True,1330.0,r2000
HGV,Hilton Grand Vacations Inc. Common Stock ,3277627195.0,Consumer Discretionary,Hotels/Resorts,2016.0,United States,1674168.0,NYSE,False,True,1331.0,r2000
NAN,Nuveen New York Quality Municipal Income Fund Common Stock,3277103272.0,Finance,Investment Managers,1999.0,United States,1074769.0,NYSE,False,True,1332.0,r2000
SFNC,Simmons First National Corporation Class A Common Stock,3276127597.0,Finance,Major Banks,,United States,90498.0,Nasdaq,False,True,1333.0,r2000
RXO,RXO Inc. Common Stock,3263888073.0,Consumer Discretionary,Transportation Services,2022.0,United States,1929561.0,NYSE,False,True,1334.0,r2000
LPL,LG Display Co Ltd AMERICAN DEPOSITORY SHARES,3260000000.0,Technology,Industrial Machinery/Components,2004.0,South Korea,1290109.0,NYSE,False,False,,
FSLY,Fastly Inc. Class A Common Stock,3254499000.0,Technology,Computer Software: Prepackaged Software,,United States,1517413.0,Nasdaq,False,True,1335.0,r2000
IPGP,IPG Photonics Corporation Common Stock,3253041543.0,Technology,Semiconductors,2006.0,United States,1111928.0,Nasdaq,False,True,1336.0,r2000
IOND,Ionic Digital Inc. Class A Common Stock,3250963672.0,Finance,Finance: Consumer Services,,United States,2007691.0,Nasdaq,False,True,1337.0,r2000
GPK,Graphic Packaging Holding Company,3250865872.0,Consumer Discretionary,Containers/Packaging,,United States,1408075.0,NYSE,False,True,1338.0,r2000
BKU,BankUnited Inc. Common Stock,3236793395.0,Finance,Savings Institutions,2011.0,United States,1504008.0,NYSE,False,True,1339.0,r2000
DHT,DHT Holdings Inc.,3232105655.0,Consumer Discretionary,Marine Transportation,2005.0,Jersey,1331284.0,NYSE,False,False,,
XXI,Twenty One Capital Inc. Class A Common Stock,3228016554.0,Finance,Finance: Consumer Services,2025.0,,2070457.0,NYSE,False,False,,
CXW,CoreCivic Inc. Common Stock,3224916676.0,Real Estate,Real Estate Investment Trusts,,United States,1070985.0,NYSE,False,True,1340.0,r2000
SIG,Signet Jewelers Limited Common Shares,3214423165.0,Consumer Discretionary,Consumer Specialties,,Bermuda,832988.0,NYSE,False,False,,
QURE,uniQure N.V. Ordinary Shares,3206809227.0,Health Care,Biotechnology: Pharmaceutical Preparations,2014.0,Netherlands,1590560.0,Nasdaq,False,False,,
AGYS,Agilysys Inc. Common Stock (DE),3201638996.0,Technology,EDP Services,,United States,78749.0,Nasdaq,False,True,1341.0,r2000
AAMI,Acadian Asset Management Inc. Common Stock,3194466421.0,Finance,Investment Managers,2014.0,United Kingdom,1748824.0,NYSE,False,False,,
KBH,KB Home Common Stock,3193010634.0,Consumer Discretionary,Homebuilding,1986.0,United States,795266.0,NYSE,False,True,1342.0,r2000
GPOR,Gulfport Energy Corporation Common Shares,3191053620.0,Energy,Oil & Gas Production,2021.0,United States,874499.0,NYSE,False,True,1343.0,r2000
RWTN,Redwood Trust Inc. 9.125% Senior Notes Due 2029,3185358388.0,Real Estate,Real Estate Investment Trusts,2024.0,United States,930236.0,NYSE,False,True,1344.0,r2000
BSM,Black Stone Minerals L.P. Common units representing limited partner interests,3177895931.0,Energy,Oil & Gas Production,2015.0,United States,1621434.0,NYSE,False,True,1345.0,r2000
INTA,Intapp Inc. Common Stock,3174447531.0,Technology,Computer Software: Prepackaged Software,2021.0,United States,1565687.0,Nasdaq,False,True,1346.0,r2000
LFTO,Liftoff Mobile Inc. Common Stock,3166499555.0,Technology,EDP Services,2026.0,United States,1850351.0,Nasdaq,False,True,1347.0,r2000
VCRE,Vicore Pharma Holding AB American Depositary Shares,3164347665.0,Health Care,Biotechnology: Pharmaceutical Preparations,,Sweden,2124403.0,Nasdaq,False,False,,
DX,Dynex Capital Inc. Common Stock,3164128192.0,Real Estate,Real Estate Investment Trusts,,United States,826675.0,NYSE,False,True,1348.0,r2000
ATRO,Astronics Corporation Common Stock,3159445841.0,Industrials,Military/Government/Technical,,United States,8063.0,Nasdaq,False,True,1349.0,r2000
ATKR,Atkore Inc. Common Stock,3159422053.0,Miscellaneous,Industrial Machinery/Components,2016.0,United States,1666138.0,NYSE,False,True,1350.0,r2000
SDRL,Seadrill Limited Common Shares,3157717457.0,Energy,Oil & Gas Production,2022.0,Bermuda,1737706.0,NYSE,False,False,,
CPK,Chesapeake Utilities Corporation Common Stock,3154570701.0,Utilities,Oil & Gas Production,,United States,19745.0,NYSE,False,True,1351.0,r2000
TNK,Teekay Tankers Ltd.,3143930114.0,Consumer Discretionary,Marine Transportation,2007.0,Bermuda,1419945.0,NYSE,False,False,,
FG,F&G Annuities & Life Inc. Common Stock,3138516960.0,Finance,Life Insurance,2022.0,United States,1934850.0,NYSE,False,True,1352.0,r2000
KYIV,Kyivstar Group Ltd. Common Shares,3137436650.0,Telecommunications,Telecommunications Equipment,,United Arab Emirates,2062440.0,Nasdaq,False,False,,
FHB,First Hawaiian Inc. Common Stock,3133276326.0,Finance,Major Banks,2016.0,United States,36377.0,Nasdaq,False,True,1353.0,r2000
PK,Park Hotels & Resorts Inc. Common Stock ,3132824415.0,Consumer Discretionary,Hotels/Resorts,2016.0,United States,1617406.0,NYSE,False,True,1354.0,r2000
RGC,Regencell Bioscience Holdings Limited Ordinary Shares,3120225009.0,Health Care, Medicinal Chemicals and Botanical Products ,2021.0,Hong Kong,1829667.0,Nasdaq,False,False,,
AVA,Avista Corporation Common Stock,3119792918.0,Utilities,Power Generation,,United States,104918.0,NYSE,False,True,1355.0,r2000
BBAR,Banco BBVA Argentina S.A. ADS,3116651935.0,Finance,Commercial Banks,,Argentina,913059.0,NYSE,False,False,,
IMNM,Immunome Inc. Common Stock,3104076601.0,Health Care,Biotechnology: Pharmaceutical Preparations,2020.0,United States,1472012.0,Nasdaq,False,True,1356.0,r2000
CWT,California Water Service Group Common Stock,3100612524.0,Utilities,Water Supply,,United States,1035201.0,NYSE,False,True,1357.0,r2000
CLDX,Celldex Therapeutics Inc.,3100345923.0,Health Care,Biotechnology: In Vitro & In Vivo Diagnostic Substances,,United States,744218.0,Nasdaq,False,True,1358.0,r2000
TNET,TriNet Group Inc. Common Stock,3091684104.0,Consumer Discretionary,Business Services,2014.0,United States,937098.0,NYSE,False,True,1359.0,r2000
CARG,CarGurus Inc. Class A Common Stock ,3084614543.0,Technology,EDP Services,2017.0,United States,1494259.0,Nasdaq,False,True,1360.0,r2000
BHF,Brighthouse Financial Inc. Common Stock,3083770008.0,Finance,Life Insurance,,United States,1685040.0,Nasdaq,False,True,1361.0,r2000
WING,Wingstop Inc. Common Stock,3082630293.0,Consumer Discretionary,Restaurants,2015.0,United States,1636222.0,Nasdaq,False,True,1362.0,r2000
IRON,Disc Medicine Inc. Common Stock,3073347162.0,Health Care,Biotechnology: Pharmaceutical Preparations,,United States,1816736.0,Nasdaq,False,True,1363.0,r2000
SHOO,Steven Madden Ltd. Common Stock,3072706219.0,Consumer Discretionary,Shoe Manufacturing,1993.0,United States,913241.0,Nasdaq,False,True,1364.0,r2000
KC,Kingsoft Cloud Holdings Limited American Depositary Shares,3068539056.0,Technology,Computer Software: Prepackaged Software,2020.0,China,1795589.0,Nasdaq,False,False,,
PPTA,Perpetua Resources Corp. Common Shares,3061094299.0,Basic Materials,Precious Metals,,Canada,1526243.0,Nasdaq,False,False,,
CWK,Cushman & Wakefield Ltd. Common Shares,3060666752.0,Finance,Real Estate,2018.0,United States,1628369.0,NYSE,False,True,1365.0,r2000
NAMS,NewAmsterdam Pharma Company N.V. Ordinary Shares,3058956155.0,Health Care,Biotechnology: Pharmaceutical Preparations,,Netherlands,1936258.0,Nasdaq,False,False,,
FRMI,Fermi Inc. Common Stock,3055029250.0,Real Estate,Real Estate Investment Trusts,2025.0,United States,2071778.0,Nasdaq,False,True,1366.0,r2000
GRBK,Green Brick Partners Inc. Common Stock,3052899202.0,Consumer Discretionary,Homebuilding,2021.0,United States,1373670.0,NYSE,False,True,1367.0,r2000
VTMX,Corporacion Inmobiliaria Vesta S.A.B de C.V. American Depositary Shares each representing ten (10) Common Shares,3051478218.0,Finance,Real Estate,2023.0,,1969373.0,NYSE,False,False,,
PFS,Provident Financial Services Inc Common Stock,3050585035.0,Finance,Savings Institutions,2003.0,United States,1178970.0,NYSE,False,True,1368.0,r2000
PONY,Pony AI Inc. American Depositary Shares ,3047797118.0,Technology,EDP Services,2024.0,China,1969302.0,Nasdaq,False,False,,
TGB,Trekor Metals Limited Common Shares,3045314006.0,Basic Materials,Precious Metals,,Canada,878518.0,NYSE,False,False,,
MZTI,The Marzetti Company Common Stock,3039398670.0,Consumer Staples,Packaged Foods,,United States,57515.0,Nasdaq,False,True,1369.0,r2000
AMBP,Ardagh Metal Packaging S.A. Ordinary Shares,3036313897.0,Industrials,Containers/Packaging,,,1845097.0,NYSE,False,False,,
YETI,YETI Holdings Inc. Common Stock,3025385594.0,Consumer Discretionary,Recreational Games/Products/Toys,2018.0,United States,1670592.0,NYSE,False,True,1370.0,r2000
BEAM,Beam Therapeutics Inc. Common Stock,3025295708.0,Health Care,Biotechnology: Biological Products (No Diagnostic Substances),2020.0,United States,1745999.0,Nasdaq,False,True,1371.0,r2000
XNDU,Xanadu Quantum Technologies Limited Class B Subordinate Voting Shares,3023986799.0,Technology,Computer Manufacturing,,Canada,2097163.0,Nasdaq,False,False,,
SLNHP,Soluna Holdings Inc 9.0% Series A Cumulative Perpetual Preferred Stock ,3022100076.0,Technology,EDP Services,,United States,64463.0,Nasdaq,False,True,1372.0,r2000
BOH,Bank of Hawaii Corporation Common Stock,3018349798.0,Finance,Major Banks,,United States,46195.0,NYSE,False,True,1373.0,r2000
MMS,Maximus Inc. Common Stock,3015283571.0,Consumer Discretionary,Business Services,1997.0,United States,1032220.0,NYSE,False,True,1374.0,r2000
SOUN,SoundHound AI Inc Class A Common Stock,3011064742.0,Technology,Computer Software: Prepackaged Software,,United States,1840856.0,Nasdaq,False,True,1375.0,r2000
FIZZ,National Beverage Corp. Common Stock,3004115041.0,Consumer Staples,Beverages (Production/Distribution),,United States,69891.0,Nasdaq,False,True,1376.0,r2000
OPEN,Opendoor Technologies Inc Common Stock,3000671345.0,Finance,Real Estate,,United States,1801169.0,Nasdaq,False,True,1377.0,r2000
CSQR,Csquare Inc. Common Stock,2999411712.0,Technology,Computer Software: Programming Data Processing,2026.0,,2105398.0,NYSE,False,False,,
TR,Tootsie Roll Industries Inc. Common Stock,2998361621.0,Consumer Staples,Specialty Foods,,United States,98677.0,NYSE,False,True,1378.0,r2000
ARQT,Arcutis Biotherapeutics Inc. Common Stock,2997753270.0,Health Care,Biotechnology: Pharmaceutical Preparations,2020.0,United States,1787306.0,Nasdaq,False,True,1379.0,r2000
DBRG,DigitalBridge Group Inc.,2994299638.0,Real Estate,Real Estate Investment Trusts,2014.0,United States,1679688.0,NYSE,False,True,1380.0,r2000
ARCB,ArcBest Corporation Common Stock,2993516841.0,Industrials,Trucking Freight/Courier Services,,United States,894405.0,Nasdaq,False,True,1381.0,r2000
UCTT,Ultra Clean Holdings Inc. Common Stock,2991453306.0,Technology,Semiconductors,2004.0,United States,1275014.0,Nasdaq,False,True,1382.0,r2000
SPSC,SPS Commerce Inc. Common Stock,2981534411.0,Technology,Computer Software: Prepackaged Software,2010.0,United States,1092699.0,Nasdaq,False,True,1383.0,r2000
BANC,Banc of California Inc. Common Stock,2977367472.0,Finance,Major Banks,,United States,1169770.0,NYSE,False,True,1384.0,r2000
MNSO,MINISO Group Holding Limited American Depositary Shares each representing four Ordinary Shares,2976341843.0,Consumer Discretionary,Department/Specialty Retail Stores,2020.0,China,1815846.0,NYSE,False,False,,
ZLAB,Zai Lab Limited American Depositary Shares,2972809717.0,Health Care,Biotechnology: Pharmaceutical Preparations,2017.0,China,1704292.0,Nasdaq,False,False,,
AMR,Alpha Metallurgical Resources Inc. Common Stock,2957894408.0,Energy,Coal Mining,2018.0,United States,1704715.0,NYSE,False,True,1385.0,r2000
WRBY,Warby Parker Inc. Class A Common Stock,2955468571.0,Health Care,Ophthalmic Goods,2021.0,United States,1504776.0,NYSE,False,True,1386.0,r2000
CBZ,CBIZ Inc. Common Stock,2955210850.0,Consumer Discretionary,Business Services,,United States,944148.0,NYSE,False,True,1387.0,r2000
HG,Hamilton Insurance Group Ltd. Class B Common Shares,2953981164.0,Finance,Property-Casualty Insurers,2023.0,Bermuda,1593275.0,NYSE,False,False,,
DKL,Delek Logistics Partners L.P. Common Units representing Limited Partner Interests,2950322313.0,Energy,Natural Gas Distribution,2012.0,United States,1552797.0,NYSE,False,True,1388.0,r2000
AMBA,Ambarella Inc. Ordinary Shares,2945309941.0,Technology,Semiconductors,2012.0,United States,1280263.0,Nasdaq,False,True,1389.0,r2000
REZI,Resideo Technologies Inc. Common Stock ,2944320659.0,Industrials,Wholesale Distributors,2018.0,United States,1740332.0,NYSE,False,True,1390.0,r2000
KN,Knowles Corporation Common Stock,2944093937.0,Consumer Staples,Consumer Electronics/Appliances,2014.0,United States,1587523.0,NYSE,False,True,1391.0,r2000
MBX,MBX Biosciences Inc. Common Stock,2932468245.0,Health Care,Biotechnology: Pharmaceutical Preparations,2024.0,United States,1776111.0,Nasdaq,False,True,1392.0,r2000
NVTS,Navitas Semiconductor Corporation Common Stock,2926858000.0,Technology,Semiconductors,,United States,1821769.0,Nasdaq,False,True,1393.0,r2000
TMDX,TransMedics Group Inc. Common Stock,2922767972.0,Health Care,Biotechnology: Electromedical & Electrotherapeutic Apparatus,2019.0,United States,1756262.0,Nasdaq,False,True,1394.0,r2000
PLUG,Plug Power Inc. Common Stock,2920138131.0,Energy,Industrial Machinery/Components,1999.0,United States,1093691.0,Nasdaq,False,True,1395.0,r2000
BTDR,Bitdeer Technologies Group Class A Ordinary Shares,2918941311.0,Finance,Finance: Consumer Services,,Singapore,1899123.0,Nasdaq,False,False,,
DNN,Denison Mines Corp Ordinary Shares (Canada),2914795929.0,Basic Materials,Other Metals and Minerals,,Canada,1063259.0,NYSE,False,False,,
WOR,Worthington Enterprises Inc. Common Shares,2913100719.0,Industrials,Steel/Iron Ore,,United States,108516.0,NYSE,False,True,1396.0,r2000
COLM,Columbia Sportswear Company Common Stock,2910845011.0,Consumer Discretionary,Apparel,1998.0,United States,1050797.0,Nasdaq,False,True,1397.0,r2000
MGEE,MGE Energy Inc,2909746764.0,Energy,Electric Utilities: Central,,United States,1161728.0,Nasdaq,False,True,1398.0,r2000
CLSK,CleanSpark Inc. Common Stock,2909737437.0,Finance,Finance: Consumer Services,,United States,827876.0,Nasdaq,False,True,1399.0,r2000
SHAK,Shake Shack Inc. Class A Common Stock,2906047890.0,Consumer Discretionary,Restaurants,2015.0,United States,1620533.0,NYSE,False,True,1400.0,r2000
PSQL,Pasqal Holding SA Ordinary Share,2905283329.0,Technology,EDP Services,,France,2119292.0,Nasdaq,False,False,,
FUL,H. B. Fuller Company Common Stock,2899679327.0,Industrials,Home Furnishings,,United States,39368.0,NYSE,False,True,1401.0,r2000
CLBT,Cellebrite DI Ltd. Ordinary Shares,2898490674.0,Technology,Computer Software: Prepackaged Software,,Israel,1854587.0,Nasdaq,False,False,,
PPLI,People Incorporated Common Stock,2897391322.0,Technology,Computer Software: Programming Data Processing,,United States,1800227.0,Nasdaq,False,True,1402.0,r2000
HOG,Harley-Davidson Inc. Common Stock,2894256420.0,Consumer Discretionary,Motor Vehicles,,United States,793952.0,NYSE,False,True,1403.0,r2000
HAYW,Hayward Holdings Inc. Common Stock,2891189903.0,Industrials,Industrial Machinery/Components,2021.0,United States,1834622.0,NYSE,False,True,1404.0,r2000
CSAN,Cosan S.A. ADS,2885680353.0,Consumer Discretionary,Retail-Auto Dealers and Gas Stations,2021.0,Brazil,1430162.0,NYSE,False,False,,
CXT,Crane NXT Co. Common Stock,2882094491.0,Industrials,Metal Fabrications,,United States,25445.0,NYSE,False,True,1405.0,r2000
AVAH,Aveanna Healthcare Holdings Inc. Common Stock,2880499987.0,Health Care,Medical/Nursing Services,2021.0,United States,1832332.0,Nasdaq,False,True,1406.0,r2000
TALO,Talos Energy Inc. Common Stock,2876815014.0,Energy,Oil & Gas Production,2018.0,United States,1724965.0,NYSE,False,True,1407.0,r2000
EXTR,Extreme Networks Inc. Common Stock,2872099273.0,Telecommunications,Computer Communications Equipment,1999.0,United States,1078271.0,Nasdaq,False,True,1408.0,r2000
PAGS,PagSeguro Digital Ltd. Class A Common Shares,2860268657.0,Technology,EDP Services,2018.0,Cayman Islands,1712807.0,NYSE,False,False,,
SLS,SELLAS Life Sciences Group Inc. Common Stock,2859551239.0,Health Care,Biotechnology: Pharmaceutical Preparations,,United States,1390478.0,Nasdaq,False,True,1409.0,r2000
APPN,Appian Corporation Class A Common Stock,2857224844.0,Technology,Computer Software: Prepackaged Software,2017.0,United States,1441683.0,Nasdaq,False,True,1410.0,r2000
DNOW,DNOW Inc. Common Stock,2856417078.0,Consumer Discretionary,Oil and Gas Field Machinery,2014.0,United States,1599617.0,NYSE,False,True,1411.0,r2000
KD,Kyndryl Holdings Inc. Common Stock,2851241063.0,Technology,EDP Services,2021.0,United States,1867072.0,NYSE,False,True,1412.0,r2000
INFQ,Infleqtion Inc. Common Stock,2850766708.0,Technology,EDP Services,2026.0,,2007825.0,NYSE,False,False,,
RLX,RLX Technology Inc. American Depositary Shares each representing the right to receive one (1) Class A ordinary share,2850050165.0,Health Care, Medicinal Chemicals and Botanical Products ,2021.0,Cayman Islands,1828365.0,NYSE,False,False,,
BKD,Brookdale Senior Living Inc. Common Stock,2846701644.0,Health Care,Hospital/Nursing Management,2005.0,United States,1332349.0,NYSE,False,True,1413.0,r2000
WDFC,WD-40 Company Common Stock,2846346040.0,Industrials,Major Chemicals,1973.0,United States,105132.0,Nasdaq,False,True,1414.0,r2000
IMAX,Imax Corporation Common Stock,2834240452.0,Consumer Discretionary,Industrial Machinery/Components,,Canada,921582.0,NYSE,False,False,,
NOG,Northern Oil and Gas Inc. Common Stock,2834206805.0,Energy,Oil & Gas Production,2022.0,United States,1104485.0,NYSE,False,True,1415.0,r2000
IHS,IHS Holding Limited Ordinary Shares,2828443901.0,Telecommunications,Telecommunications Equipment,2021.0,Cayman Islands,1876183.0,NYSE,False,False,,
SPNT,SiriusPoint Ltd. Common Shares,2825133189.0,Finance,Property-Casualty Insurers,2013.0,Bermuda,1576018.0,NYSE,False,False,,
SLDE,Slide Insurance Holdings Inc. Common Stock,2824507365.0,Finance,Property-Casualty Insurers,2025.0,United States,1886428.0,Nasdaq,False,True,1416.0,r2000
AVPT,AvePoint Inc. Class A Common Stock,2824398437.0,Technology,Computer Software: Prepackaged Software,2019.0,United States,1777921.0,Nasdaq,False,True,1417.0,r2000
SVM,Silvercorp Metals Inc. Common Shares,2823241443.0,Basic Materials,Precious Metals,,Canada,1340677.0,NYSE,False,False,,
ALHC,Alignment Healthcare Inc. Common Stock,2819043675.0,Health Care,Medical Specialities,2021.0,United States,1832466.0,Nasdaq,False,True,1418.0,r2000
FBK,FB Financial Corporation Common Stock,2811770044.0,Finance,Major Banks,2016.0,United States,1649749.0,NYSE,False,True,1419.0,r2000
POWI,Power Integrations Inc. Common Stock,2810426889.0,Technology,Semiconductors,1997.0,United States,833640.0,Nasdaq,False,True,1420.0,r2000
CALY,Callaway Golf Company Common Stock,2806185390.0,Consumer Discretionary,Recreational Games/Products/Toys,,United States,837465.0,NYSE,False,True,1421.0,r2000
MAN,ManpowerGroup Common Stock,2802890704.0,Consumer Discretionary,Professional Services,,United States,871763.0,NYSE,False,True,1422.0,r2000
KWR,Quaker Houghton Common Stock,2801930117.0,Industrials,Major Chemicals,,United States,81362.0,NYSE,False,True,1423.0,r2000
DXPE,DXP Enterprises Inc. Common Stock,2800534871.0,Industrials,Industrial Machinery/Components,,United States,1020710.0,Nasdaq,False,True,1424.0,r2000
AKR,Acadia Realty Trust Common Stock,2800214202.0,Real Estate,Real Estate Investment Trusts,,United States,899629.0,NYSE,False,True,1425.0,r2000
AEO,American Eagle Outfitters Inc. Common Stock,2791771728.0,Consumer Discretionary,Clothing/Shoe/Accessory Stores,,United States,919012.0,NYSE,False,True,1426.0,r2000
RH,RH Common Stock,2791295102.0,Consumer Discretionary,Other Specialty Stores,2012.0,United States,1528849.0,NYSE,False,True,1427.0,r2000
DAC,Danaos Corporation Common Stock,2790774752.0,Consumer Discretionary,Marine Transportation,2006.0,Greece,1369241.0,NYSE,False,False,,
ALRM,Alarm.com Holdings Inc. Common Stock,2776052393.0,Technology,Computer Software: Prepackaged Software,2015.0,United States,1459200.0,Nasdaq,False,True,1428.0,r2000
CHRN,ChronoScale Holdings Corporation Common Stock,2768567963.0,Industrials,Industrial Machinery/Components,,United States,1549084.0,Nasdaq,False,True,1429.0,r2000
ADEA,Adeia Inc. Common Stock,2754798147.0,Telecommunications,Cable & Other Pay Television Services,2003.0,United States,1803696.0,Nasdaq,False,True,1430.0,r2000
BKV,BKV Corporation Common Stock,2749078290.0,Energy,Oil & Gas Production,2024.0,United States,1838406.0,NYSE,False,True,1431.0,r2000
TTAM,Titan America SA Common Shares,2743313479.0,Industrials,Mining & Quarrying of Nonmetallic Minerals (No Fuels),2025.0,United States,2035304.0,NYSE,False,True,1432.0,r2000
UPST,Upstart Holdings Inc. Common stock,2741308506.0,Finance,Finance: Consumer Services,2020.0,United States,1647639.0,Nasdaq,False,True,1433.0,r2000
WTTR,Select Water Solutions Inc. Class A common stock,2737766068.0,Energy,Oilfield Services/Equipment,2017.0,United States,1693256.0,NYSE,False,True,1434.0,r2000
EEFT,Euronet Worldwide Inc. Common Stock,2729153309.0,Finance,Investment Bankers/Brokers/Service,1997.0,United States,1029199.0,Nasdaq,False,True,1435.0,r2000
POWWP,Outdoor Holding Company 8.75% Series A Cumulative Redeemable Perpetual Preferred Stock,2726360890.0,Industrials,Ordnance And Accessories,,United States,1015383.0,Nasdaq,False,True,1436.0,r2000
ATAI,AtaiBeckley Inc. Common Stock,2725855317.0,Health Care,Biotechnology: Pharmaceutical Preparations,2008.0,Germany,2081043.0,Nasdaq,False,False,,
NTCT,NetScout Systems Inc. Common Stock,2725797127.0,Technology,EDP Services,1999.0,United States,1078075.0,Nasdaq,False,True,1437.0,r2000
GRND,Grindr Inc. Common Stock,2723769225.0,Technology,Computer Software: Programming Data Processing,2021.0,Singapore,1820144.0,NYSE,False,False,,
ABM,ABM Industries Incorporated Common Stock,2721669683.0,Consumer Discretionary,Diversified Commercial Services,,United States,771497.0,NYSE,False,True,1438.0,r2000
VC,Visteon Corporation Common Stock,2715459038.0,Consumer Discretionary,Auto Parts:O.E.M.,,United States,1111335.0,Nasdaq,False,True,1439.0,r2000
FCPT,Four Corners Property Trust Inc. Common Stock,2714275920.0,Real Estate,Real Estate Investment Trusts,2015.0,United States,1650132.0,NYSE,False,True,1440.0,r2000
TBBK,The Bancorp Inc Common Stock,2710283458.0,Finance,Major Banks,2004.0,United States,1295401.0,Nasdaq,False,True,1441.0,r2000
LIME,Neutron Holdings Inc. Common Stock,2705291830.0,Technology,Computer Software: Prepackaged Software,2026.0,United States,1699963.0,Nasdaq,False,True,1442.0,r2000
ASO,Academy Sports and Outdoors Inc. Common Stock,2704000976.0,Consumer Discretionary,Other Specialty Stores,2020.0,United States,1817358.0,Nasdaq,False,True,1443.0,r2000
ARR,ARMOUR Residential REIT Inc.,2698622978.0,Real Estate,Real Estate Investment Trusts,,United States,1428205.0,NYSE,False,True,1444.0,r2000
GDV,Gabelli Dividend & Income Trust Common Shares of Beneficial Interest,2695733996.0,Finance,Investment Managers,2003.0,United States,1260729.0,NYSE,False,True,1445.0,r2000
ECO,Okeanis Eco Tankers Corp. Common Stock,2694862088.0,Consumer Discretionary,Marine Transportation,,,1964954.0,NYSE,False,False,,
UE,Urban Edge Properties Common Shares of Beneficial Interest,2690269570.0,Finance,Real Estate,2015.0,United States,1611547.0,NYSE,False,True,1446.0,r2000
LCLN,Lincoln International Inc. Class A Common Stock,2689081440.0,Finance,Investment Managers,2026.0,,1925283.0,NYSE,False,False,,
UNFI,United Natural Foods Inc. Common Stock,2687655007.0,Consumer Discretionary,Food Distributors,2019.0,United States,1020859.0,NYSE,False,True,1447.0,r2000
WLYB,John Wiley & Sons Inc. Common Stock,2687424455.0,Consumer Discretionary,Books,,United States,107140.0,NYSE,False,True,1448.0,r2000
NMFCZ,New Mountain Finance Corporation 8.250% Notes due 2028,2680306853.0,,,,United States,1496099.0,Nasdaq,False,True,1449.0,r2000
NRIX,Nurix Therapeutics Inc. Common stock,2679643055.0,Health Care,Biotechnology: Pharmaceutical Preparations,2020.0,United States,1549595.0,Nasdaq,False,True,1450.0,r2000
ATRC,AtriCure Inc. Common Stock,2675058401.0,Health Care,Medical/Dental Instruments,2005.0,United States,1323885.0,Nasdaq,False,True,1451.0,r2000
MGRC,McGrath RentCorp Common Stock,2674121585.0,Consumer Discretionary,Diversified Commercial Services,1984.0,United States,752714.0,Nasdaq,False,True,1452.0,r2000
NMM,Navios Maritime Partners LP Common Units Representing Limited Partner Interests,2665691577.0,Consumer Discretionary,Marine Transportation,2007.0,Greece,1415921.0,NYSE,False,False,,
BCC,Boise Cascade L.L.C. Common Stock,2662558995.0,Consumer Discretionary,RETAIL: Building Materials,2013.0,United States,1328581.0,NYSE,False,True,1453.0,r2000
NBTB,NBT Bancorp Inc. Common Stock,2660874724.0,Finance,Major Banks,,United States,790359.0,Nasdaq,False,True,1454.0,r2000
TRMK,Trustmark Corporation Common Stock,2660793838.0,Finance,Major Banks,,United States,36146.0,Nasdaq,False,True,1455.0,r2000
WAFD,WaFd Inc. Common Stock,2659388854.0,Finance,Major Banks,,United States,936528.0,Nasdaq,False,True,1456.0,r2000
KALU,Kaiser Aluminum Corporation Common Stock,2658198868.0,Industrials,Metal Fabrications,,United States,811596.0,Nasdaq,False,True,1457.0,r2000
PATK,Patrick Industries Inc. Common Stock,2657786346.0,Consumer Discretionary,Auto Parts:O.E.M.,,United States,76605.0,Nasdaq,False,True,1458.0,r2000
CUBI,Customers Bancorp Inc Common Stock,2657433629.0,Finance,Major Banks,,United States,1488813.0,NYSE,False,True,1459.0,r2000
HTO,H2O America Common Stock,2655814214.0,Utilities,Water Supply,,United States,766829.0,Nasdaq,False,True,1460.0,r2000
GCMG,GCM Grosvenor Inc. Class A Common Stock,2652520668.0,Finance,Investment Managers,,United States,1819796.0,Nasdaq,False,True,1461.0,r2000
FBNC,First Bancorp Common Stock,2652501308.0,Finance,Major Banks,1987.0,United States,811589.0,Nasdaq,False,True,1462.0,r2000
CENT,Central Garden & Pet Company Common Stock,2649544673.0,Consumer Discretionary,Consumer Specialties,1993.0,United States,887733.0,Nasdaq,False,True,1463.0,r2000
PRVA,Privia Health Group Inc. Common Stock,2646652769.0,Health Care,Medical/Nursing Services,2021.0,United States,1759655.0,Nasdaq,False,True,1464.0,r2000
DGII,Digi International Inc. Common Stock,2641568842.0,Telecommunications,Computer Communications Equipment,1989.0,United States,854775.0,Nasdaq,False,True,1465.0,r2000
HWKN,Hawkins Inc. Common Stock,2637988535.0,Consumer Discretionary,Specialty Chemicals,,United States,46250.0,Nasdaq,False,True,1466.0,r2000
VECO,Veeco Instruments Inc. Common Stock,2629797113.0,Technology,Industrial Machinery/Components,1994.0,United States,103145.0,Nasdaq,False,True,1467.0,r2000
TDC,Teradata Corporation Common Stock,2628180000.0,Technology,Computer Software: Prepackaged Software,,United States,816761.0,NYSE,False,True,1468.0,r2000
NMRK,Newmark Group Inc. Class A Common Stock,2627815092.0,Finance,Real Estate,2017.0,United States,1690680.0,Nasdaq,False,True,1469.0,r2000
BBT,Beacon Financial Corporation Common stock,2620929009.0,Finance,Banks,,United States,1108134.0,NYSE,False,True,1470.0,r2000
AEHR,Aehr Test Systems Common Stock,2617464908.0,Industrials,Electrical Products,1997.0,United States,1040470.0,Nasdaq,False,True,1471.0,r2000
FRME,First Merchants Corporation Common Stock,2616935296.0,Finance,Major Banks,,United States,712534.0,Nasdaq,False,True,1472.0,r2000
RARE,Ultragenyx Pharmaceutical Inc. Common Stock,2615562801.0,Health Care,Biotechnology: Pharmaceutical Preparations,2014.0,United States,1515673.0,Nasdaq,False,True,1473.0,r2000
HSAI,Hesai Group American Depositary Share,2606989280.0,Industrials,Industrial Machinery/Components,2023.0,China,1861737.0,Nasdaq,False,False,,
EFXT,Enerflex Ltd Common Shares,2603233466.0,Industrials,Industrial Machinery/Components,2022.0,Canada,1904856.0,NYSE,False,False,,
MFAO,MFA Financial Inc. 9.000% Senior Notes due 2029,2599828206.0,Real Estate,Real Estate Investment Trusts,2024.0,United States,1055160.0,NYSE,False,True,1474.0,r2000
BCRX,BioCryst Pharmaceuticals Inc. Common Stock,2598792018.0,Health Care,Biotechnology: Biological Products (No Diagnostic Substances),1994.0,United States,882796.0,Nasdaq,False,True,1475.0,r2000
AXGN,Axogen Inc. Common Stock,2596681078.0,Health Care,Biotechnology: Electromedical & Electrotherapeutic Apparatus,,United States,805928.0,Nasdaq,False,True,1476.0,r2000
INTR,Inter & Co. Inc. Class A Common Shares,2594971378.0,Finance,Commercial Banks,,Brazil,1864163.0,Nasdaq,False,False,,
NN,NextNav Inc. Common Stock,2591232119.0,Industrials,Industrial Machinery/Components,,United States,1865631.0,Nasdaq,False,True,1477.0,r2000
WGS,GeneDx Holdings Corp. Class A Common Stock,2586210756.0,Health Care,Medical/Nursing Services,2020.0,United States,1818331.0,Nasdaq,False,True,1478.0,r2000
AAP,Advance Auto Parts Inc.,2585120000.0,Consumer Discretionary,Auto & Home Supply Stores,,United States,1158449.0,NYSE,False,True,1479.0,r2000
ACHC,Acadia Healthcare Company Inc. Common Stock,2583532631.0,Health Care,Medical Specialities,,United States,1520697.0,Nasdaq,False,True,1480.0,r2000
RDW,Redwire Corporation Common Stock,2582423651.0,Industrials,Military/Government/Technical,2021.0,United States,1819810.0,NYSE,False,True,1481.0,r2000
VRDN,Viridian Therapeutics Inc. Common Stock,2580797888.0,Health Care,Biotechnology: Pharmaceutical Preparations,2014.0,United States,1590750.0,Nasdaq,False,True,1482.0,r2000
SIND,Sinda Ltd. Common Stock,2580351881.0,Basic Materials,Precious Metals,2026.0,,2096861.0,NYSE,False,False,,
NEOG,Neogen Corporation Common Stock,2575831919.0,Health Care,Biotechnology: In Vitro & In Vivo Diagnostic Substances,1989.0,United States,711377.0,Nasdaq,False,True,1483.0,r2000
VERA,Vera Therapeutics Inc. Class A Common Stock,2569778526.0,Health Care,Biotechnology: Pharmaceutical Preparations,2021.0,United States,1831828.0,Nasdaq,False,True,1484.0,r2000
MLYS,Mineralys Therapeutics Inc. Common Stock,2567335940.0,Health Care,Biotechnology: Pharmaceutical Preparations,2023.0,United States,1933414.0,Nasdaq,False,True,1485.0,r2000
CDNA,CareDx Inc. Common Stock,2566017461.0,Health Care,Medical Specialities,2014.0,United States,1217234.0,Nasdaq,False,True,1486.0,r2000
ETOR,eToro Group Ltd. Class A Common Shares,2565400706.0,Finance,Investment Bankers/Brokers/Service,2025.0,Israel,1493318.0,Nasdaq,False,False,,
SSMR,Sunshine Silver Mining & Refining Company Common Stock,2561208065.0,Basic Materials,Precious Metals,2026.0,,2091017.0,NYSE,False,False,,
SUPN,Supernus Pharmaceuticals Inc. Common Stock,2559332382.0,Health Care,Biotechnology: Pharmaceutical Preparations,2012.0,United States,1356576.0,Nasdaq,False,True,1487.0,r2000
STNE,StoneCo Ltd. Class A Common Shares,2558431097.0,Technology,EDP Services,2018.0,Brazil,1745431.0,Nasdaq,False,False,,
IVT,InvenTrust Properties Corp. Common Stock,2556132968.0,Real Estate,Real Estate Investment Trusts,2021.0,United States,1307748.0,NYSE,False,True,1488.0,r2000
BHC,Bausch Health Companies Inc. Common Stock,2554355532.0,Health Care,Biotechnology: Pharmaceutical Preparations,,Canada,885590.0,NYSE,False,False,,
COTY,Coty Inc. Class A Common Stock,2553990746.0,Consumer Discretionary,Package Goods/Cosmetics,2013.0,United States,1024305.0,NYSE,False,True,1489.0,r2000
NVA,Nova Minerals Corp Common Stock,2552819629.0,Basic Materials,Precious Metals,2026.0,,1852551.0,NYSE,False,False,,
NWL,Newell Brands Inc. Common Stock,2546882000.0,Industrials,Plastic Products,,United States,814453.0,Nasdaq,False,True,1490.0,r2000
DJT,Trump Media & Technology Group Corp. Common Stock,2540383244.0,Technology,Computer Software: Programming Data Processing,2024.0,United States,1849635.0,Nasdaq,False,True,1491.0,r2000
WHR,Whirlpool Corporation Common Stock,2537559792.0,Consumer Discretionary,Consumer Electronics/Appliances,,United States,106640.0,NYSE,False,True,1492.0,r2000
BHE,Benchmark Electronics Inc. Common Stock,2537384067.0,Technology,Electrical Products,,United States,863436.0,NYSE,False,True,1493.0,r2000
ATHM,Autohome Inc. American Depositary Shares each representing four class A ordinary shares.,2525698078.0,Technology,EDP Services,2013.0,China,1527636.0,NYSE,False,False,,
BUSE,First Busey Corporation Class A Common Stock,2515294080.0,Finance,Major Banks,,United States,314489.0,Nasdaq,False,True,1494.0,r2000
BVC,BitVentures Limited Ordinary Shares,2514960000.0,Finance,Investment Managers,2021.0,China,1785680.0,Nasdaq,False,False,,
DRH,Diamondrock Hospitality Company Common Stock,2514603819.0,Real Estate,Real Estate Investment Trusts,2005.0,United States,1298946.0,Nasdaq,False,True,1495.0,r2000
OUST,Ouster Inc. Common Stock,2511672558.0,Industrials,Industrial Machinery/Components,,United States,1816581.0,Nasdaq,False,True,1496.0,r2000
FIVN,Five9 Inc. Common Stock,2509963406.0,Technology,EDP Services,2014.0,United States,1288847.0,Nasdaq,False,True,1497.0,r2000
PGEN,Precigen Inc. Common Stock,2509827081.0,Health Care,Biotechnology: Pharmaceutical Preparations,,United States,1356090.0,Nasdaq,False,True,1498.0,r2000
PBH,Prestige Consumer Healthcare Inc. Common Stock,2502795997.0,Health Care,Biotechnology: Pharmaceutical Preparations,2005.0,United States,1295947.0,NYSE,False,True,1499.0,r2000
DCO,Ducommun Incorporated Common Stock,2500523402.0,Industrials,Military/Government/Technical,,United States,30305.0,NYSE,False,True,1500.0,r2000
SKWD,Skyward Specialty Insurance Group Inc. Common Stock,2500410486.0,Finance,Property-Casualty Insurers,2023.0,United States,1519449.0,Nasdaq,False,True,1501.0,r2000
LCII,LCI Industries,2496548654.0,Consumer Discretionary,Auto Parts:O.E.M.,1995.0,United States,763744.0,NYSE,False,True,1502.0,r2000
HRMY,Harmony Biosciences Holdings Inc. Common Stock,2496011804.0,Health Care,Biotechnology: Pharmaceutical Preparations,2020.0,United States,1802665.0,Nasdaq,False,True,1503.0,r2000
HURN,Huron Consulting Group Inc. Common Stock,2492153678.0,Consumer Discretionary,Professional Services,2004.0,United States,1289848.0,Nasdaq,False,True,1504.0,r2000
FIGS,FIGS Inc. Class A Common Stock,2492103630.0,Consumer Discretionary,Apparel,2021.0,United States,1846576.0,NYSE,False,True,1505.0,r2000
PHIN,PHINIA Inc. Common Stock,2484795128.0,Consumer Discretionary,Auto Parts:O.E.M.,2023.0,United States,1968915.0,NYSE,False,True,1506.0,r2000
NKTR,Nektar Therapeutics  Common Stock,2483561384.0,Health Care,Biotechnology: Pharmaceutical Preparations,,United States,906709.0,Nasdaq,False,True,1507.0,r2000
RNW,ReNew Energy Global plc Class A Ordinary Shares,2481582305.0,Utilities,Electric Utilities: Central,,United Kingdom,1848763.0,Nasdaq,False,False,,
GRDN,Guardian Pharmacy Services Inc. Class A Common Stock,2472883548.0,Consumer Staples,Retail-Drug Stores and Proprietary Stores,2024.0,United States,1802255.0,NYSE,False,True,1508.0,r2000
SYBT,Stock Yards Bancorp Inc. Common Stock,2468555453.0,Finance,Major Banks,,United States,835324.0,Nasdaq,False,True,1509.0,r2000
SAH,Sonic Automotive Inc. Common Stock,2462160780.0,Consumer Discretionary,Retail-Auto Dealers and Gas Stations,1997.0,United States,1043509.0,NYSE,False,True,1510.0,r2000
EROC,ERock Inc. Class A Common Stock,2459474897.0,Energy,Industrial Machinery/Components,2026.0,,2110029.0,NYSE,False,False,,
MH,McGraw Hill Inc. Common Stock,2458318260.0,Consumer Discretionary,Publishing,2025.0,,1951070.0,NYSE,False,False,,
SRPT,Sarepta Therapeutics Inc. Common Stock (DE),2451603157.0,Health Care,Biotechnology: Pharmaceutical Preparations,,United States,873303.0,Nasdaq,False,True,1511.0,r2000
PHVS,Pharvaris N.V. Ordinary Shares,2450169152.0,Health Care,Biotechnology: Pharmaceutical Preparations,2021.0,Netherlands,1830487.0,Nasdaq,False,False,,
DRD,DRDGOLD Limited American Depositary Shares,2446786049.0,Basic Materials,Precious Metals,,South Africa,1023512.0,NYSE,False,False,,
GSHD,Goosehead Insurance Inc. Class A Common Stock,2443494264.0,Finance,Specialty Insurers,2018.0,United States,1726978.0,Nasdaq,False,True,1512.0,r2000
PENG,Penguin Solutions Inc. Common Stock,2438640045.0,Technology,Semiconductors,2017.0,United States,1616533.0,Nasdaq,False,True,1513.0,r2000
NUVB,Nuvation Bio Inc. Class A Common Stock,2433284005.0,Health Care,Biotechnology: Pharmaceutical Preparations,2020.0,United States,1811063.0,NYSE,False,True,1514.0,r2000
TRVI,Trevi Therapeutics Inc. Common Stock,2429213089.0,Health Care,Biotechnology: Pharmaceutical Preparations,2019.0,United States,1563880.0,Nasdaq,False,True,1515.0,r2000
NCNO,nCino Inc. Common Stock,2427702555.0,Technology,Computer Software: Prepackaged Software,2020.0,United States,1902733.0,Nasdaq,False,True,1516.0,r2000
MPT,Medical Properties Trust Inc. common stock,2424632000.0,Real Estate,Real Estate Investment Trusts,,United States,1287865.0,NYSE,False,True,1517.0,r2000
AGM,Federal Agricultural Mortgage Corporation Common Stock,2416250142.0,Finance,Finance Companies,,United States,845877.0,NYSE,False,True,1518.0,r2000
MBIN,Merchants Bancorp Common Stock,2414505222.0,Finance,Major Banks,2017.0,United States,1629019.0,Nasdaq,False,True,1519.0,r2000
PAYO,Payoneer Global Inc. Common Stock,2412617952.0,Consumer Discretionary,Business Services,,United States,1845815.0,Nasdaq,False,True,1520.0,r2000
ANDE,Andersons Inc. (The) Common Stock,2409547424.0,Industrials,Farming/Seeds/Milling,,United States,821026.0,Nasdaq,False,True,1521.0,r2000
CDLR,Cadeler A/S American Depositary Share (each representing four (4) Ordinary Shares),2399727116.0,Consumer Discretionary,Marine Transportation,2023.0,,1978867.0,NYSE,False,False,,
OCUL,Ocular Therapeutix Inc. Common Stock,2393812961.0,Health Care,Biotechnology: Pharmaceutical Preparations,2014.0,United States,1393434.0,Nasdaq,False,True,1522.0,r2000
UNIT,Uniti Group Inc. Common Stock,2390842580.0,Real Estate,Real Estate Investment Trusts,,United States,2020795.0,Nasdaq,False,True,1523.0,r2000
PBI,Pitney Bowes Inc. Common Stock,2385369689.0,Miscellaneous,Office Equipment/Supplies/Services,,United States,78814.0,NYSE,False,True,1524.0,r2000
NTB,Bank of N.T. Butterfield & Son Limited (The) Voting Ordinary Shares,2383200000.0,Finance,Commercial Banks,2016.0,Bermuda,1653242.0,NYSE,False,False,,
BANR,Banner Corporation Common Stock,2380303026.0,Finance,Major Banks,,United States,946673.0,Nasdaq,False,True,1525.0,r2000
BGR,BlackRock Energy and Resources Trust,2372758395.0,Finance,Trusts Except Educational Religious and Charitable,2004.0,United States,1306550.0,NYSE,False,True,1526.0,r2000
BGSI,Boyd Group Services Inc. Common Shares,2372499355.0,,,,Canada,2091467.0,NYSE,False,False,,
NGVT,Ingevity Corporation Common Stock ,2371045280.0,Industrials,Major Chemicals,2016.0,United States,1653477.0,NYSE,False,True,1527.0,r2000
BHVN,Biohaven Ltd. Common Shares ,2369876924.0,Health Care,Biotechnology: Pharmaceutical Preparations,2022.0,United States,1935979.0,NYSE,False,True,1528.0,r2000
CALX,Calix Inc Common Stock,2366186707.0,Consumer Discretionary,Telecommunications Equipment,2010.0,United States,1406666.0,NYSE,False,True,1529.0,r2000
BXMT,Blackstone Mortgage Trust Inc. Common Stock,2362981146.0,Real Estate,Real Estate Investment Trusts,,United States,1061630.0,NYSE,False,True,1530.0,r2000
STUB,StubHub Holdings Inc. Class A Common Stock,2361315990.0,Consumer Discretionary,Services-Misc. Amusement & Recreation,2025.0,United States,1337634.0,NYSE,False,True,1531.0,r2000
CC,Chemours Company (The) Common Stock,2359824242.0,Industrials,Major Chemicals,2015.0,United States,1627223.0,NYSE,False,True,1532.0,r2000
KOD,Kodiak Sciences Inc Common Stock,2356854638.0,Health Care,Biotechnology: Biological Products (No Diagnostic Substances),2018.0,United States,1468748.0,Nasdaq,False,True,1533.0,r2000
AMC,AMC Entertainment Holdings Inc. Class A Common Stock,2356476244.0,Consumer Discretionary,Movies/Entertainment,2013.0,United States,1411579.0,NYSE,False,True,1534.0,r2000
HIMX,Himax Technologies Inc. American Depositary Shares,2353877709.0,Technology,Semiconductors,2006.0,Taiwan,1342338.0,Nasdaq,False,False,,
VVX,V2X Inc. Common Stock,2350588396.0,Consumer Discretionary,Diversified Commercial Services,2014.0,United States,1601548.0,NYSE,False,True,1535.0,r2000
LIFE,Ethos Technologies Inc. Class A Common Stock,2346347907.0,Finance,Specialty Insurers,2026.0,United States,1788451.0,Nasdaq,False,True,1536.0,r2000
MFICL,MidCap Financial Investment Corporation 8.00% Notes due 2028,2340054840.0,Finance,Finance/Investors Services,,United States,1278752.0,Nasdaq,False,True,1537.0,r2000
PTON,Peloton Interactive Inc. Class A Common Stock,2339186699.0,Consumer Discretionary,Recreational Games/Products/Toys,2019.0,United States,1639825.0,Nasdaq,False,True,1538.0,r2000
PRCH,Porch Group Inc. Common Stock,2338700461.0,Technology,Computer Software: Prepackaged Software,2020.0,United States,1784535.0,Nasdaq,False,True,1539.0,r2000
RAPP,Rapport Therapeutics Inc. Common Stock,2336062745.0,Health Care,Biotechnology: Pharmaceutical Preparations,2024.0,United States,2012593.0,Nasdaq,False,True,1540.0,r2000
NGL,NGL ENERGY PARTNERS LP Common Units representing Limited Partner Interests,2332779061.0,Utilities,Natural Gas Distribution,2011.0,United States,1504461.0,NYSE,False,True,1541.0,r2000
HCI,HCI Group Inc. Common Stock,2330670510.0,Finance,Property-Casualty Insurers,,United States,1400810.0,NYSE,False,True,1542.0,r2000
UWMC,UWM Holdings Corporation Class A Common Stock,2326107977.0,Finance,Finance: Consumer Services,,United States,1783398.0,NYSE,False,True,1543.0,r2000
HLIO,Helios Technologies Inc. Common Stock,2323345184.0,Industrials,Metal Fabrications,2021.0,United States,1024795.0,NYSE,False,True,1544.0,r2000
SFBS,ServisFirst Bancshares Inc. Common Stock,2312647173.0,Finance,Major Banks,,United States,1430723.0,NYSE,False,True,1545.0,r2000
IOSP,Innospec Inc. Common Stock,2309406967.0,Industrials,Major Chemicals,,United States,1054905.0,Nasdaq,False,True,1546.0,r2000
ADAMM,Adamas Trust Inc. 7.875% Series E Fixed-to-Floating Rate Cumulative Redeemable Preferred Stock,2306315309.0,Real Estate,Real Estate Investment Trusts,,United States,1273685.0,Nasdaq,False,True,1547.0,r2000
EFSC,Enterprise Financial Services Corporation Common Stock,2303291973.0,Finance,Major Banks,,United States,1025835.0,Nasdaq,False,True,1548.0,r2000
RAMP,LiveRamp Holdings Inc. Common Stock,2298050320.0,Technology,EDP Services,2018.0,United States,733269.0,NYSE,False,True,1549.0,r2000
DBD,Diebold Nixdorf Incorporated Common stock,2295807746.0,Miscellaneous,Office Equipment/Supplies/Services,2023.0,United States,28823.0,NYSE,False,True,1550.0,r2000
STDN,Standard Nuclear Inc. Class A Common Stock,2295034068.0,Basic Materials,Major Chemicals,2026.0,,2086716.0,NYSE,False,False,,
FLYW,Flywire Corporation Voting Common Stock,2291002301.0,Consumer Discretionary,Business Services,2021.0,United States,1580560.0,Nasdaq,False,True,1551.0,r2000
CLOV,Clover Health Investments Corp. Class A Common Stock,2283971931.0,Health Care,Medical Specialities,,United States,1801170.0,Nasdaq,False,True,1552.0,r2000
PLUS,ePlus inc. Common Stock,2276910779.0,Technology,Retail: Computer Software & Peripheral Equipment,1996.0,United States,1022408.0,Nasdaq,False,True,1553.0,r2000
WU,Western Union Company (The) Common Stock,2276716561.0,Consumer Discretionary,Business Services,,United States,1365135.0,NYSE,False,True,1554.0,r2000
LASR,nLIGHT Inc. Common Stock,2272416860.0,Technology,Semiconductors,2018.0,United States,1124796.0,Nasdaq,False,True,1555.0,r2000
WERN,Werner Enterprises Inc. Common Stock,2271934669.0,Industrials,Trucking Freight/Courier Services,1986.0,United States,793074.0,Nasdaq,False,True,1556.0,r2000
UFPT,UFP Technologies Inc. Common Stock,2265178828.0,Health Care,Medical/Dental Instruments,1993.0,United States,914156.0,Nasdaq,False,True,1557.0,r2000
PENN,PENN Entertainment Inc. Common Stock,2264384722.0,Consumer Discretionary,Hotels/Resorts,1994.0,United States,921738.0,Nasdaq,False,True,1558.0,r2000
PMTU,PennyMac Mortgage Investment Trust 8.50% Senior Notes due 2028,2262029270.0,Real Estate,Real Estate Investment Trusts,2023.0,United States,1464423.0,NYSE,False,True,1559.0,r2000
NWBI,Northwest Bancshares Inc. Common Stock,2259864252.0,Finance,Major Banks,2009.0,United States,1471265.0,Nasdaq,False,True,1560.0,r2000
ASAN,Asana Inc. Class A Common Stock,2258996305.0,Technology,Computer Software: Prepackaged Software,2020.0,United States,1477720.0,NYSE,False,True,1561.0,r2000
TRLV,Trulieve Cannabis Corp. Subordinate Voting Shares,2251088380.0,Health Care, Medicinal Chemicals and Botanical Products ,,,1754195.0,NYSE,False,False,,
XRAY,DENTSPLY SIRONA Inc. Common Stock,2250705260.0,Health Care,Medical/Dental Instruments,1987.0,United States,818479.0,Nasdaq,False,True,1562.0,r2000
MESO,Mesoblast Limited American Depositary Shares,2249166382.0,Health Care,Biotechnology: Biological Products (No Diagnostic Substances),2015.0,Australia,1345099.0,Nasdaq,False,False,,
KMT,Kennametal Inc. Common Stock,2244650198.0,Industrials,Industrial Machinery/Components,,United States,55242.0,NYSE,False,True,1563.0,r2000
LTC,LTC Properties Inc. Common Stock,2240854254.0,Real Estate,Real Estate Investment Trusts,,United States,887905.0,NYSE,False,True,1564.0,r2000
PURR,Hyperliquid Strategies Inc Common Stock,2239521598.0,Finance,Finance: Consumer Services,,United States,2078856.0,Nasdaq,False,True,1565.0,r2000
VIA,Via Transportation Inc. Class A Common Stock,2238959189.0,Technology,Computer Software: Prepackaged Software,2025.0,United States,1603015.0,NYSE,False,True,1566.0,r2000
NEO,NeoGenomics Inc. Common Stock,2235472656.0,Health Care,Precision Instruments,,United States,1077183.0,Nasdaq,False,True,1567.0,r2000
ESTA,Establishment Labs Holdings Inc. Common Shares,2232757674.0,Health Care,Industrial Specialties,2018.0,Costa Rica,1688757.0,Nasdaq,False,False,,
TRN,Trinity Industries Inc. Common Stock,2230745608.0,Industrials,Railroads,,United States,99780.0,NYSE,False,True,1568.0,r2000
LPG,Dorian LPG Ltd. Common Stock,2230261161.0,Consumer Discretionary,Marine Transportation,2014.0,United States,1596993.0,NYSE,False,True,1569.0,r2000
BKE,Buckle Inc. (The) Common Stock,2228672400.0,Consumer Discretionary,Clothing/Shoe/Accessory Stores,,United States,885245.0,NYSE,False,True,1570.0,r2000
OFG,OFG Bancorp Common Stock,2227814189.0,Finance,Major Banks,,Puerto Rico,1030469.0,NYSE,False,False,,
OSW,OneSpaWorld Holdings Limited Common Shares,2222821793.0,Consumer Discretionary,Hotels/Resorts,,Bahamas,1758488.0,Nasdaq,False,False,,
ROG,Rogers Corporation Common Stock,2216745640.0,Industrials,Major Chemicals,1960.0,United States,84748.0,NYSE,False,True,1571.0,r2000
CHA,Chagee Holdings Limited American Depositary Shares,2214762215.0,Consumer Discretionary,Restaurants,2025.0,China,2013649.0,Nasdaq,False,False,,
UAA,Under Armour Inc. Class A Common Stock,2212159536.0,Consumer Discretionary,Apparel,,United States,1336917.0,NYSE,False,True,1572.0,r2000
CMPR,Cimpress plc Ordinary Shares (Ireland),2210445431.0,Consumer Discretionary,Publishing,2005.0,Netherlands,1262976.0,Nasdaq,False,False,,
PCTTU,PureCycle Technologies Inc. Unit,2209952910.0,Industrials,Major Chemicals,,United States,1830033.0,Nasdaq,False,True,1573.0,r2000
MTX,Minerals Technologies Inc. Common Stock,2209208239.0,Basic Materials,Major Chemicals,1992.0,United States,891014.0,NYSE,False,True,1574.0,r2000
HTH,Hilltop Holdings Inc.,2207245647.0,Finance,Major Banks,,United States,1265131.0,NYSE,False,True,1575.0,r2000
ADUS,Addus HomeCare Corporation Common Stock,2206742031.0,Health Care,Medical/Nursing Services,2009.0,United States,1468328.0,Nasdaq,False,True,1576.0,r2000
PVLA,Palvella Therapeutics Inc. Common Stock,2203765851.0,Health Care,Biotechnology: Pharmaceutical Preparations,,United States,1583648.0,Nasdaq,False,True,1577.0,r2000
ZYME,Zymeworks Inc. Common Stock,2203284433.0,Health Care,Biotechnology: Pharmaceutical Preparations,,United States,1937653.0,Nasdaq,False,True,1578.0,r2000
HUBG,Hub Group Inc. Class A Common Stock,2197245614.0,Industrials,Integrated Freight & Logistics,1996.0,United States,940942.0,Nasdaq,False,True,1579.0,r2000
VERX,Vertex Inc. Class A Common Stock,2186698370.0,Technology,Computer Software: Prepackaged Software,2020.0,United States,1806837.0,Nasdaq,False,True,1580.0,r2000
MD,Pediatrix Medical Group Inc. Common Stock,2182462859.0,Health Care,Hospital/Nursing Management,,United States,893949.0,NYSE,False,True,1581.0,r2000
INVX,Innovex International Inc. Common Stock,2178501011.0,Consumer Discretionary,Oil and Gas Field Machinery,,United States,1042893.0,NYSE,False,True,1582.0,r2000
KSS,Kohl's Corporation Common Stock,2178413866.0,Consumer Discretionary,Department/Specialty Retail Stores,1992.0,United States,885639.0,NYSE,False,True,1583.0,r2000
URGN,UroGen Pharma Ltd. Ordinary Shares,2171274653.0,Health Care,Biotechnology: Pharmaceutical Preparations,2017.0,Israel,1668243.0,Nasdaq,False,False,,
CEPU,Central Puerto S.A. American Depositary Shares (each represents ten Common Shares),2167718955.0,Utilities,Electric Utilities: Central,2018.0,,1717161.0,NYSE,False,False,,
AUPH,Aurinia Pharmaceuticals Inc Ordinary Shares,2167403527.0,Health Care,Biotechnology: Pharmaceutical Preparations,,Canada,1600620.0,Nasdaq,False,False,,
COHU,Cohu Inc. Common Stock,2165733310.0,Industrials,Electrical Products,,United States,21535.0,Nasdaq,False,True,1584.0,r2000
CCU,Compania Cervecerias Unidas S.A. Common Stock,2163439316.0,Consumer Staples,Beverages (Production/Distribution),,Chile,888746.0,NYSE,False,False,,
HYMC,Hycroft Mining Holding Corporation Class A Common Stock,2162746816.0,Basic Materials,Precious Metals,2018.0,United States,1718405.0,Nasdaq,False,True,1585.0,r2000
BOBS,Bob's Discount Furniture Inc. Common Stock,2161564237.0,Consumer Discretionary,Other Specialty Stores,2026.0,,2085187.0,NYSE,False,False,,
ZBIO,Zenas BioPharma Inc. Common Stock,2159304833.0,Health Care,Biotechnology: Pharmaceutical Preparations,2024.0,United States,1953926.0,Nasdaq,False,True,1586.0,r2000
RUN,Sunrun Inc. Common Stock,2157988959.0,Miscellaneous,Industrial Machinery/Components,2015.0,United States,1469367.0,Nasdaq,False,True,1587.0,r2000
PLGO,Pelagos Insurance Capital Limited Common Shares,2157679618.0,Finance,Property-Casualty Insurers,2023.0,Bermuda,1636639.0,NYSE,False,False,,
AERO,Grupo Aeromexico S.A.B. de C.V. American Depositary Shares (each representing ten (10) Common Shares),2156452385.0,Consumer Discretionary,Air Freight/Delivery Services,2025.0,,1561861.0,NYSE,False,False,,
BLKB,Blackbaud Inc. Common Stock,2154667905.0,Technology,Computer Software: Prepackaged Software,2004.0,United States,1280058.0,Nasdaq,False,True,1588.0,r2000
STGW,Stagwell Inc. Class A Common Stock,2152606346.0,Consumer Discretionary,Advertising,,Canada,876883.0,Nasdaq,False,False,,
ADMA,ADMA Biologics Inc Common Stock,2130094307.0,Health Care,Biotechnology: Biological Products (No Diagnostic Substances),,United States,1368514.0,Nasdaq,False,True,1589.0,r2000
TILE,Interface Inc. Common Stock,2129946951.0,Consumer Discretionary,Home Furnishings,,United States,715787.0,Nasdaq,False,True,1590.0,r2000
EMAT,Evolution Metals & Technologies Corp. Common Stock,2126558209.0,Miscellaneous,Industrial Machinery/Components,,United States,1866226.0,Nasdaq,False,True,1591.0,r2000
ALKT,Alkami Technology Inc. Common Stock,2126006562.0,Technology,Computer Software: Prepackaged Software,2021.0,United States,1529274.0,Nasdaq,False,True,1592.0,r2000
MCRI,Monarch Casino & Resort Inc. Common Stock,2125073315.0,Consumer Discretionary,Hotels/Resorts,1993.0,United States,907242.0,Nasdaq,False,True,1593.0,r2000
DRVN,Driven Brands Holdings Inc. Common Stock,2124940030.0,Consumer Discretionary,Automotive Aftermarket,2021.0,United States,1804745.0,Nasdaq,False,True,1594.0,r2000
FCF,First Commonwealth Financial Corporation Common Stock,2121163866.0,Finance,Major Banks,,United States,712537.0,NYSE,False,True,1595.0,r2000
MNR,Mach Natural Resources LP Common Units representing Limited Partner Interests,2120240794.0,Energy,Oil & Gas Production,2023.0,United States,1980088.0,NYSE,False,True,1596.0,r2000
NBTX,Nanobiotix S.A. American Depositary Shares,2117165318.0,Health Care,Biotechnology: Pharmaceutical Preparations,2020.0,France,1760854.0,Nasdaq,False,False,,
GNL,Global Net Lease Inc. Common Stock,2116558392.0,Real Estate,Real Estate Investment Trusts,2015.0,United States,1526113.0,NYSE,False,True,1597.0,r2000
ALMR,Alamar Biosciences Inc. Common Stock,2115785435.0,Industrials,Biotechnology: Laboratory Analytical Instruments,2026.0,United States,2104204.0,Nasdaq,False,True,1598.0,r2000
AADX,Applied Aerospace & Defense Inc. Common Stock,2103200920.0,Industrials,Military/Government/Technical,2026.0,,2118195.0,NYSE,False,False,,
HCM,HUTCHMED (China) Limited American Depositary Shares,2100564909.0,Health Care,Biotechnology: Pharmaceutical Preparations,2016.0,Hong Kong,1648257.0,Nasdaq,False,False,,
VCEL,Vericel Corporation Common Stock,2093838446.0,Health Care,Biotechnology: Biological Products (No Diagnostic Substances),,United States,887359.0,Nasdaq,False,True,1599.0,r2000
XPRO,Expro Ltd Ordinary Shares,2092142971.0,Energy,Oilfield Services/Equipment,,Cayman Islands,2126198.0,NYSE,False,False,,
SEDG,SolarEdge Technologies Inc. Common Stock,2090644917.0,Technology,Semiconductors,2015.0,Israel,1419612.0,Nasdaq,False,False,,
GENB,Generate Biomedicines Inc. Common Stock,2089577658.0,Health Care,Biotechnology: Pharmaceutical Preparations,2026.0,United States,2100782.0,Nasdaq,False,True,1600.0,r2000
COAG,Hemab Therapeutics Holdings Inc. Common Stock,2088031630.0,Health Care,Biotechnology: Biological Products (No Diagnostic Substances),2026.0,United States,2114044.0,Nasdaq,False,True,1601.0,r2000
HMN,Horace Mann Educators Corporation Common Stock,2085804281.0,Finance,Property-Casualty Insurers,1991.0,United States,850141.0,NYSE,False,True,1602.0,r2000
ALG,Alamo Group Inc. Common Stock,2085008014.0,Industrials,Industrial Machinery/Components,,United States,897077.0,NYSE,False,True,1603.0,r2000
ALVO,Alvotech Ordinary Shares,2084904103.0,Health Care,Biotechnology: Biological Products (No Diagnostic Substances),,Luxembourg,1898416.0,Nasdaq,False,False,,
BLX,Bladex Inc. Class E Common Stock,2083356102.0,Finance,Commercial Banks,1992.0,Panama,890541.0,NYSE,False,False,,
BTX,BlackRock Technology and Private Equity Term Trust Common Shares of Beneficial Interest,2077364293.0,,,2021.0,United States,1836057.0,NYSE,False,True,1604.0,r2000
STC,Stewart Information Services Corporation Common Stock,2077340864.0,Finance,Specialty Insurers,,United States,94344.0,NYSE,False,True,1605.0,r2000
NVCR,NovoCure Limited Ordinary Shares,2076229327.0,Health Care,Medical/Dental Instruments,2015.0,Jersey,1645113.0,Nasdaq,False,False,,
IQMX,IQM Quantum Computers Oyj American Depositary Shares,2073088625.0,Technology,Computer Software: Prepackaged Software,,Finland,2113060.0,Nasdaq,False,False,,
SRCE,1st Source Corporation Common Stock,2072722764.0,Finance,Major Banks,,United States,34782.0,Nasdaq,False,True,1606.0,r2000
NWN,Northwest Natural Holding Company Common Stock,2072685811.0,Utilities,Oil/Gas Transmission,,United States,1733998.0,NYSE,False,True,1607.0,r2000
NTST,NetSTREIT Corp. Common Stock,2072186439.0,Real Estate,Real Estate Investment Trusts,2020.0,United States,1798100.0,NYSE,False,True,1608.0,r2000
CTRI,Centuri Holdings Inc. Common Stock,2071761848.0,Utilities,Oil & Gas Production,2024.0,United States,1981599.0,NYSE,False,True,1609.0,r2000
PRDO,Perdoceo Education Corporation Common Stock,2070674750.0,Real Estate,Other Consumer Services,,United States,1046568.0,Nasdaq,False,True,1610.0,r2000
DV,DoubleVerify Holdings Inc. Common Stock,2069074407.0,Technology,Computer Software: Programming Data Processing,2021.0,United States,1819928.0,NYSE,False,True,1611.0,r2000
VOYG,Voyager Technologies Inc. Class A Common Stock,2061667309.0,Industrials,Military/Government/Technical,2025.0,United States,1788060.0,NYSE,False,True,1612.0,r2000
BRSL,Brightstar Lottery PLC Trading under the Legal Name to begin at the market open on July 21 2025. Ordinary Shares,2060865000.0,Consumer Discretionary,Services-Misc. Amusement & Recreation,2015.0,United States,1619762.0,NYSE,False,True,1613.0,r2000
KLRA,Kailera Therapeutics Inc. Common Stock,2054852265.0,Health Care,Biotechnology: Pharmaceutical Preparations,2026.0,United States,2096997.0,Nasdaq,False,True,1614.0,r2000
SPB,Spectrum Brands Holdings Inc. Common Stock,2053276767.0,Miscellaneous,Industrial Machinery/Components,,United States,109177.0,NYSE,False,True,1615.0,r2000
PEB,Pebblebrook Hotel Trust Common Shares of Beneficial Interest,2052609004.0,Real Estate,Real Estate Investment Trusts,2009.0,United States,1474098.0,NYSE,False,True,1616.0,r2000
KARD,Kardigan Inc. Common Stock,2049601082.0,Health Care,Biotechnology: Pharmaceutical Preparations,2026.0,United States,2123613.0,Nasdaq,False,True,1617.0,r2000
PLBL,Polibeli Group Ltd Class A Ordinary Shares,2048105957.0,Consumer Discretionary,Consumer Electronics/Appliances,,Indonesia,2035697.0,Nasdaq,False,False,,
ECPG,Encore Capital Group Inc Common Stock,2047764287.0,Finance,Finance Companies,,United States,1084961.0,Nasdaq,False,True,1618.0,r2000
SHO,Sunstone Hotel Investors Inc. Sunstone Hotel Investors Inc. Common Shares,2045383351.0,Consumer Discretionary,Hotels/Resorts,2004.0,United States,1295810.0,NYSE,False,True,1619.0,r2000
ALGT,Allegiant Travel Company Common Stock,2044317319.0,Consumer Discretionary,Air Freight/Delivery Services,2006.0,United States,1362468.0,Nasdaq,False,True,1620.0,r2000
UTZ,Utz Brands Inc Class A Common Stock ,2044263425.0,Consumer Staples,Packaged Foods,2018.0,United States,1739566.0,NYSE,False,True,1621.0,r2000
CNXN,PC Connection Inc. Common Stock,2043528876.0,Consumer Discretionary,Catalog/Specialty Distribution,,United States,1050377.0,Nasdaq,False,True,1622.0,r2000
TIC,TIC Solutions Inc. Common Stock,2042542532.0,Consumer Discretionary,Business Services,2025.0,United States,2032966.0,NYSE,False,True,1623.0,r2000
CTOS,Custom Truck One Source Inc. Common Stock,2040724649.0,Consumer Discretionary,Diversified Commercial Services,2017.0,Cayman Islands,1709682.0,NYSE,False,False,,
KYN,Kayne Anderson Energy Infrastructure Fund Inc.,2039250319.0,Finance,Finance/Investors Services,2004.0,United States,1293613.0,NYSE,False,True,1624.0,r2000
MLCO,Melco Resorts & Entertainment Limited American Depositary Shares,2038149746.0,Consumer Discretionary,Hotels/Resorts,2006.0,Hong Kong,1381640.0,Nasdaq,False,False,,
AGIO,Agios Pharmaceuticals Inc. Common Stock,2037625233.0,Health Care,Biotechnology: Pharmaceutical Preparations,2013.0,United States,1439222.0,Nasdaq,False,True,1625.0,r2000
MFP,Midera Food Processing Inc. Common Stock,2037179693.0,Industrials,Industrial Machinery/Components,,United States,2088281.0,Nasdaq,False,True,1626.0,r2000
BXDC,Blackstone Digital Infrastructure Trust Inc. Common Stock,2036147578.0,Finance,Real Estate,2026.0,,2100161.0,NYSE,False,False,,
CIMN,Chimera Investment Corporation 9.000% Senior Notes due 2029,2032981314.0,Real Estate,Real Estate Investment Trusts,2024.0,United States,1409493.0,NYSE,False,True,1627.0,r2000
TMC,TMC the metals company Inc. Common Stock,2024811862.0,Basic Materials,Metal Mining,,Canada,1798562.0,Nasdaq,False,False,,
BFLY,Butterfly Network Inc. Class A Common Stock,2023767391.0,Health Care,Medical Electronics,2020.0,United States,1804176.0,NYSE,False,True,1628.0,r2000
CHCO,City Holding Company Common Stock,2022503040.0,Finance,Major Banks,,United States,726854.0,Nasdaq,False,True,1629.0,r2000
VET,Vermilion Energy Inc. Common (Canada),2017644000.0,Energy,Oil & Gas Production,,Canada,1293135.0,NYSE,False,False,,
PGNY,Progyny Inc. Common Stock,2017147519.0,Health Care,Misc Health and Biotechnology Services,2019.0,United States,1551306.0,Nasdaq,False,True,1630.0,r2000
OLN,Olin Corporation Common Stock,2012930773.0,Industrials,Major Chemicals,,United States,74303.0,NYSE,False,True,1631.0,r2000
GTY,Getty Realty Corporation Common Stock,2012193391.0,Finance,Real Estate,,United States,1052752.0,NYSE,False,True,1632.0,r2000
PRGO,Perrigo Company plc Ordinary Shares,2010766360.0,Health Care,Biotechnology: Pharmaceutical Preparations,,United States,1585364.0,NYSE,False,True,1633.0,r2000
NYAX,Nayax Ltd. Ordinary Shares,2008056731.0,Technology,Computer Software: Prepackaged Software,,Israel,1901279.0,Nasdaq,False,False,,
HAPN,Happen Inc. Common Stock,2003473575.0,Finance,Finance: Consumer Services,,United States,1409970.0,Nasdaq,False,True,1634.0,r2000
EZPW,EZCORP Inc. Class A Non Voting Common Stock,2002439656.0,Consumer Discretionary,Other Specialty Stores,1991.0,United States,876523.0,Nasdaq,False,True,1635.0,r2000
XNCR,Xencor Inc. Common Stock,2000106379.0,Health Care,Biotechnology: Pharmaceutical Preparations,2013.0,United States,1326732.0,Nasdaq,False,True,1636.0,r2000
KARO,Karooooo Ltd. Ordinary Shares,1996942912.0,Technology,Computer Software: Prepackaged Software,2021.0,Singapore,1828102.0,Nasdaq,False,False,,
GENI,Genius Sports Limited Ordinary Shares,1985792021.0,Consumer Discretionary,Services-Misc. Amusement & Recreation,2021.0,Guernsey,1834489.0,NYSE,False,False,,
GEL,Genesis Energy L.P. Common Units,1985332716.0,Energy,Oil Refining/Marketing,2001.0,United States,1022321.0,NYSE,False,True,1637.0,r2000
NEXT,NextDecade Corporation Common Stock,1980419622.0,Utilities,Oil & Gas Production,2015.0,United States,1612720.0,Nasdaq,False,True,1638.0,r2000
BRVE,Braveheart Bio Inc. Common Stock,1979890859.0,Health Care,Biotechnology: Pharmaceutical Preparations,2026.0,United States,2131524.0,Nasdaq,False,True,1639.0,r2000
RVT,Royce Small-Cap Trust Inc. Common Stock,1977767019.0,Finance,Trusts Except Educational Religious and Charitable,1986.0,United States,804116.0,NYSE,False,True,1640.0,r2000
CNXC,Concentrix Corporation Common Stock,1975163990.0,Technology,Computer Software: Prepackaged Software,,United States,1803599.0,Nasdaq,False,True,1641.0,r2000
ICHR,Ichor Holdings Ordinary Shares,1971216072.0,Technology,Semiconductors,2016.0,United States,1652535.0,Nasdaq,False,True,1642.0,r2000
PSNY,Polestar Automotive Holding UK PLC Class A ADS,1969718747.0,Industrials,Auto Manufacturing,,Sweden,1884082.0,Nasdaq,False,False,,
STOK,Stoke Therapeutics Inc. Common Stock,1968050381.0,Health Care,Biotechnology: Pharmaceutical Preparations,2019.0,United States,1623526.0,Nasdaq,False,True,1643.0,r2000
FLOC,Flowco Holdings Inc. Class A Common Stock,1966086241.0,Consumer Discretionary,Oil and Gas Field Machinery,2025.0,United States,2035149.0,NYSE,False,True,1644.0,r2000
IMOS,ChipMOS TECHNOLOGIES INC. American Depositary Shares,1965202609.0,Technology,Semiconductors,,Taiwan,1123134.0,Nasdaq,False,False,,
BLBD,Blue Bird Corporation Common Stock,1954728367.0,Consumer Discretionary,Construction/Ag Equipment/Trucks,2014.0,United States,1589526.0,Nasdaq,False,True,1645.0,r2000
GRC,Gorman-Rupp Company (The) Common Stock,1952773367.0,Industrials,Fluid Controls,1971.0,United States,42682.0,NYSE,False,True,1646.0,r2000
FLNC,Fluence Energy Inc. Class A Common Stock,1949337657.0,Miscellaneous,Industrial Machinery/Components,2021.0,United States,1868941.0,Nasdaq,False,True,1647.0,r2000
VIR,Vir Biotechnology Inc. Common Stock,1945983517.0,Health Care,Biotechnology: Biological Products (No Diagnostic Substances),2019.0,United States,1706431.0,Nasdaq,False,True,1648.0,r2000
SHAZ,SharonAI Holdings Inc. Class A Common Stock,1943772286.0,Technology,EDP Services,,United States,2068385.0,Nasdaq,False,True,1649.0,r2000
ZD,Ziff Davis Inc. Common Stock,1943741822.0,Telecommunications,Telecommunications Equipment,,United States,1084048.0,Nasdaq,False,True,1650.0,r2000
WRD,WeRide Inc. American Depositary Shares,1934429861.0,Technology,EDP Services,2024.0,China,1867729.0,Nasdaq,False,False,,
NSP,Insperity Inc. Common Stock,1929625040.0,Consumer Discretionary,Professional Services,,United States,1000753.0,NYSE,False,True,1651.0,r2000
TY,Tri Continental Corporation Common Stock,1928371174.0,Finance,Finance Companies,,United States,99614.0,NYSE,False,True,1652.0,r2000
FORTY,Formula Systems (1985) Ltd. American Depositary Shares,1925737095.0,Technology,EDP Services,,Israel,1045986.0,Nasdaq,False,False,,
IMCR,Immunocore Holdings plc American Depositary Shares,1924503317.0,Health Care,Biotechnology: Biological Products (No Diagnostic Substances),2021.0,United Kingdom,1671927.0,Nasdaq,False,False,,
GHRS,GH Research PLC Ordinary Shares,1924399874.0,Health Care,Biotechnology: Pharmaceutical Preparations,2021.0,Ireland,1855129.0,Nasdaq,False,False,,
KEEL,Keel Infrastructure Corp. Common Stock,1920652689.0,Finance,Finance: Consumer Services,,Canada,1812477.0,Nasdaq,False,False,,
MRVI,Maravai LifeSciences Holdings Inc. Class A Common Stock,1916391353.0,Health Care,Biotechnology: Pharmaceutical Preparations,2020.0,United States,1823239.0,Nasdaq,False,True,1653.0,r2000
ASTH,Astrana Health Inc. Common Stock,1913240397.0,Consumer Discretionary,Professional Services,,United States,1083446.0,Nasdaq,False,True,1654.0,r2000
TOP,TOP Financial Group Limited Class A Ordinary Shares,1910723798.0,Finance,Investment Bankers/Brokers/Service,2022.0,Hong Kong,1848275.0,Nasdaq,False,False,,
ABXL,Abacus Global Management Inc. 9.875% Fixed Rate Senior Notes due 2028,1908834943.0,Finance,Investment Managers,,United States,1814287.0,NYSE,False,True,1655.0,r2000
PLPC,Preformed Line Products Company Common Stock,1908597757.0,Industrials,Water Sewer Pipeline Comm & Power Line Construction,,United States,80035.0,Nasdaq,False,True,1656.0,r2000
LKFT,Lakefront Biotherapeutics American Depositary Shares,1898494616.0,Health Care,Biotechnology: Pharmaceutical Preparations,2015.0,Belgium,1421876.0,Nasdaq,False,False,,
DEI,Douglas Emmett Inc. Common Stock,1897608075.0,Real Estate,Real Estate Investment Trusts,2006.0,United States,1364250.0,NYSE,False,True,1657.0,r2000
RBCAA,Republic Bancorp Inc. Class A Common Stock,1891652278.0,Finance,Major Banks,1998.0,United States,921557.0,Nasdaq,False,True,1658.0,r2000
HE,Hawaiian Electric Industries Inc. Common Stock,1891371644.0,Utilities,Electric Utilities: Central,,United States,354707.0,NYSE,False,True,1659.0,r2000
SONO,Sonos Inc. Common Stock,1889746315.0,Consumer Staples,Consumer Electronics/Appliances,2018.0,United States,1314727.0,Nasdaq,False,True,1660.0,r2000
PRLB,Proto Labs Inc. Common stock,1880021885.0,Industrials,Metal Fabrications,2012.0,United States,1443669.0,NYSE,False,True,1661.0,r2000
FSUN,FirstSun Capital Bancorp Common Stock,1871278195.0,Finance,Major Banks,,United States,1709442.0,Nasdaq,False,True,1662.0,r2000
BL,BlackLine Inc. Common Stock,1870471189.0,Technology,Computer Software: Prepackaged Software,2016.0,United States,1666134.0,Nasdaq,False,True,1663.0,r2000
LMAT,LeMaitre Vascular Inc. Common Stock,1868875682.0,Health Care,Medical/Dental Instruments,2006.0,United States,1158895.0,Nasdaq,False,True,1664.0,r2000
EPAC,Enerpac Tool Group Corp. Common Stock,1867546832.0,Technology,Industrial Machinery/Components,,United States,6955.0,NYSE,False,True,1665.0,r2000
INOD,Innodata Inc. Common Stock,1866634123.0,Technology,EDP Services,1993.0,United States,903651.0,Nasdaq,False,True,1666.0,r2000
ATS,ATS Corporation Common Shares,1865392255.0,Industrials,Industrial Machinery/Components,2023.0,Canada,1394832.0,NYSE,False,False,,
GABC,German American Bancorp Inc. Common Stock,1863157301.0,Finance,Major Banks,,United States,714395.0,Nasdaq,False,True,1667.0,r2000
CMRE,Costamare Inc. Common Stock $0.0001 par value,1861890439.0,Consumer Discretionary,Marine Transportation,2010.0,Greece,1503584.0,NYSE,False,False,,
MIY,Blackrock MuniYield Michigan Quality Fund Inc. Common Stock,1861018512.0,Finance,Investment Bankers/Brokers/Service,1992.0,United States,890393.0,NYSE,False,True,1668.0,r2000
CDZIP,Cadiz Inc. Depositary Shares,1859508567.0,Utilities,Water Supply,,United States,727273.0,Nasdaq,False,True,1669.0,r2000
DXC,DXC Technology Company Common Stock ,1858226153.0,Technology,EDP Services,,United States,1688568.0,NYSE,False,True,1670.0,r2000
SLBT,SL Science Holding Limited Ordinary Shares,1856114796.0,Health Care,Biotechnology: Biological Products (No Diagnostic Substances),,Taiwan,2070534.0,Nasdaq,False,False,,
LCID,Lucid Group Inc. Common Stock,1856070529.0,Industrials,Auto Manufacturing,,United States,1811210.0,Nasdaq,False,True,1671.0,r2000
SNDX,Syndax Pharmaceuticals Inc. Common Stock,1855593447.0,Health Care,Biotechnology: Pharmaceutical Preparations,2016.0,United States,1395937.0,Nasdaq,False,True,1672.0,r2000
PRKS,United Parks & Resorts Inc. Common Stock,1852645886.0,Consumer Discretionary,Services-Misc. Amusement & Recreation,2013.0,United States,1564902.0,NYSE,False,True,1673.0,r2000
NBHC,National Bank Holdings Corporation Common Stock,1851954364.0,Finance,Major Banks,2012.0,United States,1475841.0,NYSE,False,True,1674.0,r2000
OCFC,OceanFirst Financial Corp. Common Stock,1844957231.0,Finance,Major Banks,,United States,1004702.0,Nasdaq,False,True,1675.0,r2000
NHPBP,National Healthcare Properties Inc. 7.125% Series B Cumulative Redeemable Perpetual Preferred Stock,1844493363.0,Real Estate,Real Estate Investment Trusts,,United States,1561032.0,Nasdaq,False,True,1676.0,r2000
INBX,Inhibrx Biosciences Inc. Common Stock,1839265970.0,Health Care,Biotechnology: Biological Products (No Diagnostic Substances),,United States,2007919.0,Nasdaq,False,True,1677.0,r2000
PAX,Patria Investments Limited Class A Common Shares,1838708549.0,Finance,Investment Managers,2021.0,Cayman Islands,1825570.0,Nasdaq,False,False,,
TSHA,Taysha Gene Therapies Inc. Common Stock,1837701194.0,Health Care,Biotechnology: Biological Products (No Diagnostic Substances),2020.0,United States,1806310.0,Nasdaq,False,True,1678.0,r2000
USAS,Americas Gold and Silver Corporation Common Shares no par value,1836195844.0,Basic Materials,Metal Mining,2017.0,Canada,1286973.0,NYSE,False,False,,
PGY,Pagaya Technologies Ltd. Class A Ordinary Shares,1835368546.0,Finance,Finance: Consumer Services,,United States,1883085.0,Nasdaq,False,True,1679.0,r2000
WS,Worthington Steel Inc. Common Shares,1835097216.0,Industrials,Steel/Iron Ore,2023.0,United States,1968487.0,NYSE,False,True,1680.0,r2000
TH,Target Hospitality Corp. Common Stock,1832074749.0,Consumer Discretionary,Hotels/Resorts,2018.0,United States,1712189.0,Nasdaq,False,True,1681.0,r2000
CMPS,COMPASS Pathways Plc American Depository Shares,1832048355.0,Health Care,Biotechnology: Pharmaceutical Preparations,2020.0,United Kingdom,1816590.0,Nasdaq,False,False,,
SGRY,Surgery Partners Inc. Common Stock,1830237275.0,Health Care,Hospital/Nursing Management,2015.0,United States,1638833.0,Nasdaq,False,True,1682.0,r2000
LOB,Live Oak Bancshares Inc. Common Stock,1828665826.0,Finance,Major Banks,2022.0,United States,1462120.0,NYSE,False,True,1683.0,r2000
STRA,Strategic Education Inc. Common Stock,1824795123.0,Real Estate,Other Consumer Services,1996.0,United States,1013934.0,Nasdaq,False,True,1684.0,r2000
INSP,Inspire Medical Systems Inc. Common Stock,1823377351.0,Health Care,Medical/Dental Instruments,2018.0,United States,1609550.0,NYSE,False,True,1685.0,r2000
PDO,PIMCO Dynamic Income Opportunities Fund Common Shares of Beneficial Interest,1818439094.0,Finance,Trusts Except Educational Religious and Charitable,2021.0,United States,1798618.0,NYSE,False,True,1686.0,r2000
RXRX,Recursion Pharmaceuticals Inc. Class A Common Stock,1809456535.0,Health Care,Biotechnology: Biological Products (No Diagnostic Substances),2021.0,United States,1601830.0,Nasdaq,False,True,1687.0,r2000
CCS,Century Communities Inc. Common Stock,1809185427.0,Consumer Discretionary,Homebuilding,2014.0,United States,1576940.0,NYSE,False,True,1688.0,r2000
SNDA,Sonida Senior Living Inc. Common Stock,1805643464.0,Health Care,Hospital/Nursing Management,,United States,1043000.0,NYSE,False,True,1689.0,r2000
SAM,Boston Beer Company Inc. (The) Common Stock,1805469598.0,Consumer Staples,Beverages (Production/Distribution),,United States,949870.0,NYSE,False,True,1690.0,r2000
GCT,GigaCloud Technology Inc Class A Ordinary Shares,1803366969.0,Consumer Discretionary,Catalog/Specialty Distribution,2022.0,United States,1857816.0,Nasdaq,False,True,1691.0,r2000
JSM,Navient Corporation 6% Senior Notes due December 15 2043,1801690409.0,Finance,Investment Bankers/Brokers/Service,,United States,1593538.0,Nasdaq,False,True,1692.0,r2000
ATEN,A10 Networks Inc. Common Stock,1797799360.0,Telecommunications,Computer Communications Equipment,2014.0,United States,1580808.0,NYSE,False,True,1693.0,r2000
SMA,SmartStop Self Storage REIT Inc. Common Stock,1797274591.0,Real Estate,Real Estate Investment Trusts,2025.0,United States,1585389.0,NYSE,False,True,1694.0,r2000
WKC,World Kinect Corporation Common Stock,1796956411.0,Energy,Oil Refining/Marketing,,United States,789460.0,NYSE,False,True,1695.0,r2000
DAO,Youdao Inc. American Depositary Shares each representing one Class A Ordinary Share,1796249656.0,Real Estate,Other Consumer Services,2019.0,China,1781753.0,NYSE,False,False,,
MUJ,Blackrock MuniHoldings New Jersey Quality Fund Inc. Common Stock,1795563025.0,Finance,Investment Bankers/Brokers/Service,1998.0,United States,1053988.0,NYSE,False,True,1696.0,r2000
AVEX,AEVEX Corp. Class A Common Stock,1795016358.0,Industrials,Aerospace,2026.0,,2096300.0,NYSE,False,False,,
EVTC,Evertec Inc. Common Stock,1793771311.0,Technology,EDP Services,2013.0,Puerto Rico,1559865.0,NYSE,False,False,,
NTLA,Intellia Therapeutics Inc. Common Stock,1788016603.0,Health Care,Biotechnology: In Vitro & In Vivo Diagnostic Substances,2016.0,United States,1652130.0,Nasdaq,False,True,1697.0,r2000
GT,The Goodyear Tire & Rubber Company Common Stock,1787851157.0,Consumer Discretionary,Automotive Aftermarket,,United States,42582.0,Nasdaq,False,True,1698.0,r2000
GLP,Global Partners LP Common Units representing Limited Partner Interests,1787826658.0,Energy,Oil Refining/Marketing,2005.0,United States,1323468.0,NYSE,False,True,1699.0,r2000
PSNL,Personalis Inc. Common Stock,1786761859.0,Health Care,Medical Specialities,2019.0,United States,1527753.0,Nasdaq,False,True,1700.0,r2000
DCOM,Dime Commercial Bancshares Inc. Common Stock,1783926438.0,Finance,Major Banks,,United States,846617.0,NYSE,False,True,1701.0,r2000
TRNZ,Trinity Capital Inc. 7.875% Notes due 2029,1783870239.0,Finance,Finance: Consumer Services,,United States,1786108.0,NYSE,False,True,1702.0,r2000
HOPE,Hope Bancorp Inc. Common Stock,1783276031.0,Finance,Major Banks,,United States,1128361.0,Nasdaq,False,True,1703.0,r2000
PRGS,Progress Software Corporation Common Stock (DE),1777090777.0,Technology,Computer Software: Prepackaged Software,1991.0,United States,876167.0,Nasdaq,False,True,1704.0,r2000
PDFS,PDF Solutions Inc. Common Stock,1775654433.0,Technology,Computer Software: Prepackaged Software,2001.0,United States,1120914.0,Nasdaq,False,True,1705.0,r2000
QUBT,Quantum Computing Inc. Common Stock,1774559390.0,Technology,Computer Software: Prepackaged Software,,United States,1758009.0,Nasdaq,False,True,1706.0,r2000
ETON,Eton Pharmaceuticals Inc. Common Stock,1771011045.0,Health Care,Biotechnology: Pharmaceutical Preparations,2018.0,United States,1710340.0,Nasdaq,False,True,1707.0,r2000
NEXA,Nexa Resources S.A. Common Shares,1766736260.0,Basic Materials,Metal Mining,2017.0,Luxembourg,1713930.0,NYSE,False,False,,
SBET,Sharplink Inc. Common Stock,1759511192.0,Technology,Computer Software: Prepackaged Software,,United States,1981535.0,Nasdaq,False,True,1708.0,r2000
STBA,S&T Bancorp Inc. Common Stock,1759042741.0,Finance,Major Banks,,United States,719220.0,Nasdaq,False,True,1709.0,r2000
BLFS,BioLife Solutions Inc. Common Stock,1756728808.0,Health Care,Biotechnology: Electromedical & Electrotherapeutic Apparatus,,United States,834365.0,Nasdaq,False,True,1710.0,r2000
MQ,Marqeta Inc. Class A Common Stock,1750942388.0,Technology,Computer Software: Prepackaged Software,2021.0,United States,1522540.0,Nasdaq,False,True,1711.0,r2000
JBLU,JetBlue Airways Corporation Common Stock,1750728520.0,Consumer Discretionary,Air Freight/Delivery Services,2002.0,United States,1158463.0,Nasdaq,False,True,1712.0,r2000
SEPN,Septerna Inc. Common Stock,1750385513.0,Health Care,Biotechnology: Pharmaceutical Preparations,2024.0,United States,1984086.0,Nasdaq,False,True,1713.0,r2000
BDJ,Blackrock Enhanced Equity Dividend Trust,1747873962.0,Finance,Finance Companies,2005.0,United States,1332283.0,NYSE,False,True,1714.0,r2000
FTRE,Fortrea Holdings Inc. Common Stock,1746036000.0,Health Care,Medical Specialities,,United States,1965040.0,Nasdaq,False,True,1715.0,r2000
KOS,Kosmos Energy Ltd. Common Shares (DE),1744778817.0,Energy,Oil & Gas Production,2011.0,Bermuda,1509991.0,NYSE,False,False,,
WMK,Weis Markets Inc. Common Stock,1741772183.0,Consumer Staples,Food Chains,,United States,105418.0,NYSE,False,True,1716.0,r2000
DMRA,Damora Therapeutics Inc. Ordinary Shares,1739706925.0,Health Care,Biotechnology: Pharmaceutical Preparations,2020.0,Denmark,1800315.0,Nasdaq,False,False,,
TSLX,Sixth Street Specialty Lending Inc. Common Stock,1735245130.0,Finance,Investment Managers,2014.0,,1508655.0,NYSE,False,False,,
BY,Byline Bancorp Inc. Common Stock,1730188022.0,Finance,Major Banks,2017.0,United States,1702750.0,NYSE,False,True,1717.0,r2000
ARCO,Arcos Dorados Holdings Inc. Class A Shares,1729543698.0,Consumer Discretionary,Restaurants,2011.0,Argentina,1508478.0,NYSE,False,False,,
HAWK,HawkEye 360 Inc. Common Stock,1729091993.0,Technology,EDP Services,2026.0,United States,1750704.0,NYSE,False,True,1718.0,r2000
VNET,VNET Group Inc. American Depositary Shares,1728078273.0,Technology,Computer Software: Programming Data Processing,2011.0,China,1508475.0,Nasdaq,False,False,,
CNOB,ConnectOne Bancorp Inc. Common Stock,1722792407.0,Finance,Major Banks,,United States,712771.0,Nasdaq,False,True,1719.0,r2000
TCBK,TriCo Bancshares Common Stock,1720763693.0,Finance,Major Banks,,United States,356171.0,Nasdaq,False,True,1720.0,r2000
FOIL,Londian Wason New Energy Tech Inc. American Depositary Shares each representing five Ordinary Shares,1720267198.0,Industrials,Industrial Specialties,2026.0,,2006960.0,NYSE,False,False,,
BCAT,BlackRock Capital Allocation Term Trust Common Shares of Beneficial Interest,1719346500.0,Finance,Finance/Investors Services,2020.0,United States,1809541.0,NYSE,False,True,1721.0,r2000
FLNG,FLEX LNG Ltd. Ordinary Shares,1719055709.0,Consumer Discretionary,Marine Transportation,2019.0,,1772253.0,NYSE,False,False,,
EFC,Ellington Financial Inc. Common Stock ,1718068855.0,Finance,Real Estate,2010.0,United States,1411342.0,NYSE,False,True,1722.0,r2000
IDT,IDT Corporation Class B Common Stock,1714438940.0,Telecommunications,Telecommunications Equipment,,United States,1005731.0,NYSE,False,True,1723.0,r2000
FRNM,Freenome Inc. Common stock,1713776683.0,Health Care,Medical Specialities,,United States,2017526.0,Nasdaq,False,True,1724.0,r2000
KRP,Kimbell Royalty Partners Common Units Representing Limited Partner Interests,1713671635.0,Energy,Oil & Gas Production,2017.0,United States,1657788.0,NYSE,False,True,1725.0,r2000
TGLS,Tecnoglass Holdings Inc. Common Stock,1708925008.0,Consumer Discretionary,Electronic Components,2022.0,Colombia,1534675.0,NYSE,False,False,,
BFC,Bank First Corporation Common Stock,1703081803.0,Finance,Major Banks,,United States,1746109.0,Nasdaq,False,True,1726.0,r2000
HUN,Huntsman Corporation Common Stock,1702926361.0,Industrials,Major Chemicals,2005.0,United States,1307954.0,NYSE,False,True,1727.0,r2000
NVAX,Novavax Inc. Common Stock,1702239892.0,Health Care,Biotechnology: Biological Products (No Diagnostic Substances),,United States,1000694.0,Nasdaq,False,True,1728.0,r2000
XHR,Xenia Hotels & Resorts Inc. Common Stock,1701013197.0,Consumer Discretionary,Hotels/Resorts,2015.0,United States,1616000.0,NYSE,False,True,1729.0,r2000
CASH,Pathward Financial Inc. Common Stock,1700091946.0,Finance,Major Banks,1993.0,United States,907471.0,Nasdaq,False,True,1730.0,r2000
AGRO,Adecoagro S.A. Common Shares,1699953729.0,Consumer Staples,Farming/Seeds/Milling,2011.0,Luxembourg,1499505.0,NYSE,False,False,,
ATEX,Anterix Inc. Common Stock,1698403565.0,Telecommunications,Telecommunications Equipment,2015.0,United States,1304492.0,Nasdaq,False,True,1731.0,r2000
RLJ,RLJ Lodging Trust Common Shares of Beneficial Interest $0.01 par value,1688324662.0,Real Estate,Real Estate Investment Trusts,2011.0,United States,1511337.0,NYSE,False,True,1732.0,r2000
CBL,CBL & Associates Properties Inc. Common Stock,1686070829.0,Real Estate,Real Estate Investment Trusts,2021.0,United States,910612.0,NYSE,False,True,1733.0,r2000
AI,C3.ai Inc. Class A Common Stock,1684117186.0,Technology,Computer Software: Prepackaged Software,2020.0,United States,1577526.0,NYSE,False,True,1734.0,r2000
MHD,Blackrock MuniHoldings Fund Inc. Common Stock,1682503547.0,Finance,Investment Bankers/Brokers/Service,1997.0,United States,1034665.0,NYSE,False,True,1735.0,r2000
CDNL,Cardinal Infrastructure Group Inc. Class A Common Stock,1682445211.0,Industrials,Military/Government/Technical,2025.0,United States,2079999.0,Nasdaq,False,True,1736.0,r2000
GLOB,Globant S.A. Common Shares,1678821137.0,Technology,EDP Services,2014.0,United States,1557860.0,NYSE,False,True,1737.0,r2000
ANIP,ANI Pharmaceuticals Inc.,1677420193.0,Health Care,Biotechnology: Pharmaceutical Preparations,,United States,1023024.0,Nasdaq,False,True,1738.0,r2000
ETV,Eaton Vance Corporation Eaton Vance Tax-Managed Buy-Write Opportunities Fund Common Shares of Beneficial Interest,1673991107.0,Finance,Investment Bankers/Brokers/Service,2005.0,United States,1322436.0,NYSE,False,True,1739.0,r2000
AIN,Albany International Corporation Common Stock,1669352000.0,Consumer Discretionary,Textiles,,United States,819793.0,NYSE,False,True,1740.0,r2000
FMC,FMC Corporation Common Stock,1669273764.0,Industrials,Major Chemicals,,United States,37785.0,NYSE,False,True,1741.0,r2000
LIND,Lindblad Expeditions Holdings Inc. Common Stock,1666083904.0,Consumer Discretionary,Transportation Services,2013.0,United States,1512499.0,Nasdaq,False,True,1742.0,r2000
WB,Weibo Corporation American Depositary Share,1663203312.0,Technology,Computer Software: Programming Data Processing,2014.0,China,1595761.0,Nasdaq,False,False,,
GAB,Gabelli Equity Trust Inc. (The) Common Stock,1663005426.0,Finance,Investment Managers,1986.0,United States,794685.0,NYSE,False,True,1743.0,r2000
KMPR,Kemper Corporation,1661043711.0,Finance,Property-Casualty Insurers,,United States,860748.0,NYSE,False,True,1744.0,r2000
QCRH,QCR Holdings Inc. Common Stock,1660651016.0,Finance,Major Banks,,United States,906465.0,Nasdaq,False,True,1745.0,r2000
MBC,MasterBrand Inc. Common Stock,1660482398.0,Consumer Discretionary,Home Furnishings,2022.0,United States,1941365.0,NYSE,False,True,1746.0,r2000
OBK,Origin Bancorp Inc. Common Stock,1660329670.0,Finance,Major Banks,,United States,1516912.0,NYSE,False,True,1747.0,r2000
AMPL,Amplitude Inc. Class A Common Stock,1660134517.0,Technology,Computer Software: Prepackaged Software,,United States,1866692.0,Nasdaq,False,True,1748.0,r2000
OPRA,Opera Limited American Depositary Shares,1659194270.0,Technology,Computer Software: Prepackaged Software,2018.0,Norway,1737450.0,Nasdaq,False,False,,
SFL,SFL Corporation Ltd,1658420016.0,Consumer Discretionary,Marine Transportation,,Bermuda,1289877.0,NYSE,False,False,,
ANAB,AnaptysBio Inc. Common Stock,1653337579.0,Health Care,Biotechnology: Pharmaceutical Preparations,2017.0,United States,1370053.0,Nasdaq,False,True,1749.0,r2000
ECAT,BlackRock ESG Capital Allocation Term Trust Common Shares of Beneficial Interest,1647977400.0,Finance,Finance/Investors Services,2021.0,United States,1864843.0,NYSE,False,True,1750.0,r2000
TFIN,Triumph Financial Inc. Common Stock,1647289381.0,Finance,Major Banks,,United States,1539638.0,NYSE,False,True,1751.0,r2000
NOMD,Nomad Foods Limited Ordinary Shares,1646777806.0,Consumer Staples,Packaged Foods,2016.0,United Kingdom,1651717.0,NYSE,False,False,,
PLAB,Photronics Inc. Common Stock,1643318263.0,Technology,Semiconductors,1987.0,United States,810136.0,Nasdaq,False,True,1752.0,r2000
TV,Grupo Televisa S.A.B. Common Stock,1641655176.0,Industrials,Broadcasting,1993.0,Mexico,912892.0,NYSE,False,False,,
FRA,Blackrock Floating Rate Income Strategies Fund Inc  Common Stock,1633411932.0,Finance,Investment Bankers/Brokers/Service,2003.0,United States,1259708.0,NYSE,False,True,1753.0,r2000
AESI,Atlas Energy Solutions Inc. Common Stock,1628794967.0,Industrials,Mining & Quarrying of Nonmetallic Minerals (No Fuels),2023.0,United States,1984060.0,NYSE,False,True,1754.0,r2000
CTS,CTS Corporation Common Stock,1627988677.0,Technology,Electrical Products,,United States,26058.0,NYSE,False,True,1755.0,r2000
CXM,Sprinklr Inc. Class A Common Stock,1627889896.0,Technology,Computer Software: Prepackaged Software,2021.0,United States,1569345.0,NYSE,False,True,1756.0,r2000
RQI,Cohen & Steers Quality Income Realty Fund Inc Common Shares,1626377941.0,Finance,Trusts Except Educational Religious and Charitable,2002.0,United States,1157842.0,NYSE,False,True,1757.0,r2000
TWFG,TWFG Inc. Class A Common Stock,1625067187.0,Finance,Specialty Insurers,2024.0,United States,2007596.0,Nasdaq,False,True,1758.0,r2000
GSL,Global Ship Lease Inc New Class A Common Shares,1620990352.0,Consumer Discretionary,Marine Transportation,,United Kingdom,1430725.0,NYSE,False,False,,
PAHC,Phibro Animal Health Corporation Class A Common Stock,1620815992.0,Health Care,Biotechnology: Pharmaceutical Preparations,2014.0,United States,1069899.0,Nasdaq,False,True,1759.0,r2000
TRAX,First Tracks Biotherapeutics Inc. Ordinary Shares ,1617892571.0,Health Care,Biotechnology: Pharmaceutical Preparations,,United States,2091349.0,Nasdaq,False,True,1760.0,r2000
MQY,Blackrock MuniYield Quality Fund Inc. Common Stock,1617048060.0,Finance,Investment Bankers/Brokers/Service,1992.0,United States,890196.0,NYSE,False,True,1761.0,r2000
ADIG,ADI Global Distribution Inc. Common Stock,1615645653.0,Industrials,Wholesale Distributors,2026.0,United States,2105139.0,NYSE,False,True,1762.0,r2000
COUR,Coursera Inc. Common Stock,1615484000.0,Technology,Computer Software: Prepackaged Software,2021.0,United States,1651562.0,NYSE,False,True,1763.0,r2000
JJSF,J & J Snack Foods Corp. Common Stock,1613530483.0,Consumer Staples,Specialty Foods,1986.0,United States,785956.0,Nasdaq,False,True,1764.0,r2000
IE,Ivanhoe Electric Inc. Common Stock,1610265713.0,Basic Materials,Metal Mining,2022.0,Canada,1879016.0,NYSE,False,False,,
VSTS,Vestis Corporation Common Stock,1608388478.0,Consumer Discretionary,Consumer Specialties,2023.0,United States,1967649.0,NYSE,False,True,1765.0,r2000
DSGR,Distribution Solutions Group Inc. Common Stock,1603212927.0,Consumer Discretionary,Industrial Specialties,,United States,703604.0,Nasdaq,False,True,1766.0,r2000
NBR,Nabors Industries Ltd.,1600930937.0,Energy,Oil & Gas Production,1951.0,Bermuda,1163739.0,NYSE,False,False,,
GAM,General American Investors Inc. Common Stock,1599892455.0,Finance,Investment Managers,,United States,40417.0,NYSE,False,True,1767.0,r2000
ITG,ITG Inc. Class A Common Stock,1599144981.0,Industrials,Water Sewer Pipeline Comm & Power Line Construction,2026.0,United States,2110117.0,Nasdaq,False,True,1768.0,r2000
PBT,Permian Basin Royalty Trust Common Stock,1598215615.0,Energy,Oil & Gas Production,,United States,319654.0,NYSE,False,True,1769.0,r2000
LBRX,LB Pharmaceuticals Inc Common Stock,1596183979.0,Health Care,Biotechnology: Pharmaceutical Preparations,2025.0,United States,1691082.0,Nasdaq,False,True,1770.0,r2000
ICFI,ICF International Inc. Common Stock,1583920635.0,Consumer Discretionary,Professional Services,2006.0,United States,1362004.0,Nasdaq,False,True,1771.0,r2000
OMCL,Omnicell Inc. Common Stock ($0.001 par value),1583292624.0,Technology,Computer Manufacturing,2001.0,United States,926326.0,Nasdaq,False,True,1772.0,r2000
FUN,Six Flags Entertainment Corporation Common Stock New,1582833347.0,Consumer Discretionary,Services-Misc. Amusement & Recreation,,United States,1999001.0,NYSE,False,True,1773.0,r2000
WWW,Wolverine World Wide Inc. Common Stock,1582239016.0,Consumer Discretionary,Shoe Manufacturing,,United States,110471.0,NYSE,False,True,1774.0,r2000
SVV,Savers Value Village Inc. Common Stock,1581125384.0,Consumer Discretionary,Other Specialty Stores,2023.0,United States,1883313.0,NYSE,False,True,1775.0,r2000
AVLN,Avalyn Pharma Inc. Common Stock,1577371520.0,Health Care,Biotechnology: Pharmaceutical Preparations,2026.0,United States,1540171.0,Nasdaq,False,True,1776.0,r2000
CSWC,Capital Southwest Corporation Common Stock,1576775870.0,Consumer Discretionary,Textiles,,United States,17313.0,Nasdaq,False,True,1777.0,r2000
WEN,Wendy's Company (The) Common Stock,1571120223.0,Consumer Discretionary,Restaurants,,United States,30697.0,Nasdaq,False,True,1778.0,r2000
AAPG,Ascentage Pharma Group International American Depository Shares,1568886512.0,Health Care,Biotechnology: Pharmaceutical Preparations,2025.0,China,2023311.0,Nasdaq,False,False,,
IIPR,Innovative Industrial Properties Inc. Common Stock,1566879764.0,Finance,Real Estate,2016.0,United States,1677576.0,NYSE,False,True,1779.0,r2000
MYI,Blackrock MuniYield Quality Fund III Inc Common Stock,1566468820.0,Finance,Investment Bankers/Brokers/Service,,United States,883412.0,NYSE,False,True,1780.0,r2000
XERS,Xeris Biopharma Holdings Inc. Common Stock,1564308225.0,Health Care,Biotechnology: Pharmaceutical Preparations,2018.0,United States,1867096.0,Nasdaq,False,True,1781.0,r2000
TSAT,Telesat Corporation Class A Common Shares and Class B Variable Voting Shares ,1562387526.0,Industrials,Metal Fabrications,,Canada,1845840.0,Nasdaq,False,False,,
SDGR,Schrodinger Inc. Common Stock,1561941513.0,Health Care,Biotechnology: Pharmaceutical Preparations,2020.0,United States,1490978.0,Nasdaq,False,True,1782.0,r2000
BCAX,Bicara Therapeutics Inc. Common Stock,1559034325.0,Health Care,Biotechnology: Pharmaceutical Preparations,2024.0,United States,2023658.0,Nasdaq,False,True,1783.0,r2000
MUC,Blackrock MuniHoldings California Quality Fund Inc.  Common Stock,1559030696.0,Finance,Investment Bankers/Brokers/Service,1998.0,United States,1051004.0,NYSE,False,True,1784.0,r2000
DCH,Dauch Corporation Common Stock,1558686189.0,Consumer Discretionary,Auto Parts:O.E.M.,,United States,1062231.0,NYSE,False,True,1785.0,r2000
RVLV,Revolve Group Inc. Class A Common Stock,1552505573.0,Consumer Discretionary,Catalog/Specialty Distribution,2019.0,United States,1746618.0,NYSE,False,True,1786.0,r2000
SID,Companhia Siderurgica Nacional S.A. Common Stock,1551529918.0,Industrials,Steel/Iron Ore,,Brazil,1049659.0,NYSE,False,False,,
IMKTA,Ingles Markets Incorporated Class A Common Stock,1546142206.0,Consumer Staples,Food Chains,1987.0,United States,50493.0,Nasdaq,False,True,1787.0,r2000
OXSQG,Oxford Square Capital Corp. 5.50% Notes due 2028,1546128105.0,Consumer Discretionary,Other Consumer Services,,United States,1259429.0,Nasdaq,False,True,1788.0,r2000
PRG,PROG Holdings Inc. Common Stock,1543475779.0,Consumer Discretionary,Diversified Commercial Services,,United States,1808834.0,NYSE,False,True,1789.0,r2000
INVA,Innoviva Inc. Common Stock,1542441105.0,Health Care,Biotechnology: Pharmaceutical Preparations,2004.0,United States,1080014.0,Nasdaq,False,True,1790.0,r2000
PWP,Perella Weinberg Partners Class A Common Stock,1541287442.0,Finance,Finance: Consumer Services,2020.0,United States,1777835.0,Nasdaq,False,True,1791.0,r2000
TPB,Turning Point Brands Inc. Common Stock,1540559166.0,Consumer Discretionary,Tobacco,2016.0,United States,1290677.0,NYSE,False,True,1792.0,r2000
ARDT,Ardent Health Inc. Common Stock,1538810845.0,Health Care,Hospital/Nursing Management,2024.0,United States,1756655.0,NYSE,False,True,1793.0,r2000
MLKN,MillerKnoll Inc. Common Stock,1536527623.0,Consumer Discretionary,Office Equipment/Supplies/Services,,United States,66382.0,Nasdaq,False,True,1794.0,r2000
BAND,Bandwidth Inc. Class A Common Stock,1530196469.0,Technology,Computer Software: Prepackaged Software,2017.0,United States,1514416.0,Nasdaq,False,True,1795.0,r2000
SBH,Sally Beauty Holdings Inc. (Name to be changed from Sally Holdings Inc.) Common Stock,1528852028.0,Consumer Discretionary,Other Specialty Stores,,United States,1368458.0,NYSE,False,True,1796.0,r2000
BKT,BlackRock Income Trust Inc. (The),1526302952.0,Finance,Investment Bankers/Brokers/Service,,United States,832327.0,NYSE,False,True,1797.0,r2000
DMC,Del Monte Corporation Ordinary Shares,1526123077.0,Consumer Staples,Farming/Seeds/Milling,,Cayman Islands,1047340.0,NYSE,False,False,,
LYNX,Lyntris Inc. Common Stock,1524734400.0,Industrials,Industrial Machinery/Components,2026.0,,2132582.0,NYSE,False,False,,
IAUX,i-80 Gold Corp. Common Shares,1523986962.0,Basic Materials,Precious Metals,2022.0,Canada,1853962.0,NYSE,False,False,,
ECCC,Eagle Point Credit Company 6.50% Series C Term Preferred Stock due 2031,1521112789.0,Finance,Trusts Except Educational Religious and Charitable,,United States,1604174.0,NYSE,False,True,1798.0,r2000
YSWY,Yesway Inc. Class A Common Stock,1521097536.0,Consumer Staples,Food Chains,2026.0,United States,1859836.0,Nasdaq,False,True,1799.0,r2000
XNET,Xunlei Limited American Depositary Shares,1514960064.0,Technology,Computer Software: Prepackaged Software,2014.0,China,1510593.0,Nasdaq,False,False,,
SAFT,Safety Insurance Group Inc. Common Stock,1513851304.0,Finance,Property-Casualty Insurers,2002.0,United States,1172052.0,Nasdaq,False,True,1800.0,r2000
ABSI,Absci Corporation Common Stock,1510203288.0,Health Care,Biotechnology: Commercial Physical & Biological Resarch,2021.0,United States,1672688.0,Nasdaq,False,True,1801.0,r2000
CNL,Collective Mining Ltd. Common Shares,1509851270.0,,,,United States,1953575.0,Nasdaq,False,True,1802.0,r2000
ALNT,Allient Inc. Common Stock,1507952701.0,Industrials,Electrical Products,,United States,46129.0,Nasdaq,False,True,1803.0,r2000
KMTS,Kestra Medical Technologies Ltd. Common Stock,1507858303.0,Health Care,Medical/Dental Instruments,2025.0,United States,1877184.0,Nasdaq,False,True,1804.0,r2000
REPL,Replimune Group Inc. Common Stock,1505629751.0,Health Care,Biotechnology: Biological Products (No Diagnostic Substances),2018.0,United States,1737953.0,Nasdaq,False,True,1805.0,r2000
AVBP,ArriVent BioPharma Inc. Common Stock,1504378812.0,Health Care,Biotechnology: Pharmaceutical Preparations,2024.0,United States,1868279.0,Nasdaq,False,True,1806.0,r2000
TYRA,Tyra Biosciences Inc. Common Stock,1499681477.0,Health Care,Biotechnology: Pharmaceutical Preparations,2021.0,United States,1863127.0,Nasdaq,False,True,1807.0,r2000
AKTS,Aktis Oncology Inc. Common stock,1497276913.0,Health Care,Biotechnology: Pharmaceutical Preparations,2026.0,United States,2035832.0,Nasdaq,False,True,1808.0,r2000
NAT,Nordic American Tankers Limited Common Stock,1497077187.0,Consumer Discretionary,Marine Transportation,1995.0,Bermuda,1000177.0,NYSE,False,False,,
HCSG,Healthcare Services Group Inc. Common Stock,1494123038.0,Health Care,Hospital/Nursing Management,1983.0,United States,731012.0,Nasdaq,False,True,1809.0,r2000
PFBC,Preferred Bank Common Stock,1493959243.0,Finance,Major Banks,,United States,1492165.0,Nasdaq,False,True,1810.0,r2000
VISN,Vistance Networks Inc. Common Stock,1492152886.0,Technology,Radio And Television Broadcasting And Communications Equipment,2013.0,United States,1517228.0,Nasdaq,False,True,1811.0,r2000
NCV,Virtus Convertible & Income Fund Common Shares of Beneficial Interest,1491163889.0,Finance,Finance Companies,2003.0,United States,1214935.0,NYSE,False,True,1812.0,r2000
NRP,Natural Resource Partners LP Limited Partnership,1490803854.0,Energy,Coal Mining,2002.0,United States,1171486.0,NYSE,False,True,1813.0,r2000
LKFN,Lakeland Financial Corporation Common Stock,1488984616.0,Finance,Major Banks,,United States,721994.0,Nasdaq,False,True,1814.0,r2000
GIC,Global Industrial Company Common Stock,1486606382.0,Industrials,Industrial Machinery/Components,,United States,945114.0,NYSE,False,True,1815.0,r2000
XZO,Exzeo Group Inc. Common Stock,1484615929.0,Technology,Computer Software: Prepackaged Software,2025.0,,1873951.0,NYSE,False,False,,
MAZE,Maze Therapeutics Inc. Common Stock,1484273769.0,Health Care,Biotechnology: Biological Products (No Diagnostic Substances),2025.0,United States,1842295.0,Nasdaq,False,True,1816.0,r2000
ADNT,Adient plc Ordinary Shares ,1483344972.0,Consumer Discretionary,Auto Parts:O.E.M.,2016.0,United States,1670541.0,NYSE,False,True,1817.0,r2000
CNMD,CONMED Corporation Common Stock,1480490189.0,Health Care,Biotechnology: Electromedical & Electrotherapeutic Apparatus,1987.0,United States,816956.0,NYSE,False,True,1818.0,r2000
BORR,Borr Drilling Limited Common Shares,1480042171.0,Energy,Oil & Gas Production,2019.0,Bermuda,1715497.0,NYSE,False,False,,
MUA,Blackrock MuniAssets Fund Inc Common Stock,1475723712.0,Finance,Investment Bankers/Brokers/Service,1993.0,United States,901243.0,NYSE,False,True,1819.0,r2000
HLMN,Hillman Solutions Corp. Common Stock,1474651092.0,Consumer Discretionary,Industrial Machinery/Components,2020.0,United States,1822492.0,Nasdaq,False,True,1820.0,r2000
INNV,InnovAge Holding Corp. Common Stock,1467310408.0,Health Care,Medical/Nursing Services,2021.0,United States,1834376.0,Nasdaq,False,True,1821.0,r2000
AGL,agilon health inc. Common Stock,1467215930.0,Health Care,Misc Health and Biotechnology Services,2021.0,United States,1831097.0,NYSE,False,True,1822.0,r2000
VZLA,Vizsla Silver Corp. Common Shares,1467172051.0,Basic Materials,Precious Metals,2024.0,Canada,1796073.0,NYSE,False,False,,
VOR,Vor Biopharma Inc. Common Stock,1464858399.0,Health Care,Biotechnology: Biological Products (No Diagnostic Substances),2021.0,United States,1817229.0,Nasdaq,False,True,1823.0,r2000
HROW,Harrow Inc. Common Stock,1463900543.0,Health Care,Biotechnology: Pharmaceutical Preparations,,United States,1360214.0,Nasdaq,False,True,1824.0,r2000
BHRB,Burke & Herbert Financial Services Corp. Common Stock,1458109394.0,Finance,Major Banks,,United States,1964333.0,Nasdaq,False,True,1825.0,r2000
RES,RPC Inc. Common Stock,1456286569.0,Energy,Oilfield Services/Equipment,,United States,742278.0,NYSE,False,True,1826.0,r2000
PICS,PicS N.V. Class A Common Shares,1448788731.0,Finance,Finance: Consumer Services,2026.0,Brazil,1841644.0,Nasdaq,False,False,,
SGML,Sigma Lithium Corporation Common Shares,1446502822.0,Basic Materials,Metal Mining,,Canada,1848309.0,Nasdaq,False,False,,
CPRI,Capri Holdings Limited Ordinary Shares,1444512065.0,Consumer Discretionary,Apparel,2011.0,Hong Kong,1530721.0,NYSE,False,False,,
MGRT,Mega Fortune Company Limited Ordinary Shares,1443887500.0,Technology,EDP Services,2025.0,Hong Kong,2033377.0,Nasdaq,False,False,,
AMAL,Amalgamated Financial Corp. Common Stock (DE),1439393077.0,Finance,Major Banks,2018.0,United States,1823608.0,Nasdaq,False,True,1827.0,r2000
DMLP,Dorchester Minerals L.P. Common Units Representing Limited Partnership Interests,1437887340.0,Energy,Oil & Gas Production,,United States,1172358.0,Nasdaq,False,True,1828.0,r2000
ANRO,Alto Neuroscience Inc. Common Stock,1437830691.0,Health Care,Biotechnology: Pharmaceutical Preparations,2024.0,United States,1999480.0,NYSE,False,True,1829.0,r2000
CGEM,Cullinan Therapeutics Inc. Common Stock,1437040317.0,Health Care,Biotechnology: Biological Products (No Diagnostic Substances),2021.0,United States,1789972.0,Nasdaq,False,True,1830.0,r2000
ENR,Energizer Holdings Inc. Common Stock,1432677686.0,Miscellaneous,Industrial Machinery/Components,2015.0,United States,1632790.0,NYSE,False,True,1831.0,r2000
TNDM,Tandem Diabetes Care Inc. Common Stock,1430538216.0,Health Care,Medical/Dental Instruments,2013.0,United States,1438133.0,Nasdaq,False,True,1832.0,r2000
OMDA,Omada Health Inc. Common Stock,1426961347.0,Health Care,Medical/Nursing Services,2025.0,United States,1611115.0,Nasdaq,False,True,1833.0,r2000
SLVM,Sylvamo Corporation Common Stock,1423814302.0,Basic Materials,Paper,2021.0,United States,1856485.0,NYSE,False,True,1834.0,r2000
ATLC,Atlanticus Holdings Corporation Common Stock,1423252965.0,Finance,Finance: Consumer Services,1995.0,United States,1464343.0,Nasdaq,False,True,1835.0,r2000
IMTX,Immatics N.V. Ordinary Shares,1421500922.0,Health Care,Biotechnology: Biological Products (No Diagnostic Substances),,Germany,1809196.0,Nasdaq,False,False,,
NMAX,Newsmax Inc. Class B Common Stock,1420767095.0,Industrials,Broadcasting,2025.0,United States,2026478.0,NYSE,False,True,1836.0,r2000
PEBO,Peoples Bancorp Inc. Common Stock,1419721443.0,Finance,Major Banks,,United States,318300.0,Nasdaq,False,True,1837.0,r2000
ATEC,Alphatec Holdings Inc. Common Stock,1419405388.0,Health Care,Medical/Dental Instruments,2006.0,United States,1350653.0,Nasdaq,False,True,1838.0,r2000
CYD,China Yuchai International Limited Common Stock,1418192572.0,Industrials,Industrial Machinery/Components,1994.0,Singapore,932695.0,NYSE,False,False,,
FLO,Flowers Foods Inc. Common Stock,1416543552.0,Consumer Staples,Packaged Foods,,United States,1128928.0,NYSE,False,True,1839.0,r2000
UAN,CVR Partners LP Common Units representing Limited Partner Interests,1415591483.0,Industrials,Agricultural Chemicals,2011.0,United States,1425292.0,NYSE,False,True,1840.0,r2000
BBAI,BigBear.ai Inc. Common Stock,1414508754.0,Technology,Computer Software: Prepackaged Software,2021.0,United States,1836981.0,NYSE,False,True,1841.0,r2000
SCL,Stepan Company Common Stock,1413054686.0,Consumer Discretionary,Package Goods/Cosmetics,,United States,94049.0,NYSE,False,True,1842.0,r2000
WOLF,Wolfspeed Inc. Common Stock New,1412327303.0,Technology,Semiconductors,2025.0,United States,895419.0,NYSE,False,True,1843.0,r2000
UFCS,United Fire Group Inc. Common Stock,1409943329.0,Finance,Property-Casualty Insurers,,United States,101199.0,Nasdaq,False,True,1844.0,r2000
REX,REX American Resources Corporation,1409734330.0,Industrials,Major Chemicals,,United States,744187.0,NYSE,False,True,1845.0,r2000
TRS,TriMas Corporation Common Stock,1405897083.0,Industrials,Industrial Specialties,2007.0,United States,842633.0,Nasdaq,False,True,1846.0,r2000
SENEA,Seneca Foods Corp. Class A Common Stock,1403515736.0,Consumer Staples,Packaged Foods,,United States,88948.0,Nasdaq,False,True,1847.0,r2000
ARLO,Arlo Technologies Inc. Common Stock,1403277484.0,Consumer Discretionary,Diversified Commercial Services,2018.0,United States,1736946.0,NYSE,False,True,1848.0,r2000
TMP,Tompkins Financial Corporation Common Stock,1403196212.0,Finance,Major Banks,1997.0,United States,1005817.0,NYSE,False,True,1849.0,r2000
EVCM,EverCommerce Inc. Common Stock,1400955401.0,Technology,Computer Software: Prepackaged Software,2021.0,United States,1853145.0,Nasdaq,False,True,1850.0,r2000
CTBI,Community Trust Bancorp Inc. Common Stock,1400022535.0,Finance,Major Banks,,United States,350852.0,Nasdaq,False,True,1851.0,r2000
SLSR,Solaris Resources Inc. Common Shares,1398085695.0,,,2024.0,,2019103.0,NYSE,False,False,,
AFYA,Afya Limited Class A Common Shares,1397407410.0,Real Estate,Other Consumer Services,2019.0,Brazil,1771007.0,Nasdaq,False,False,,
AMPX,Amprius Technologies Inc. Common Stock,1390687483.0,Miscellaneous,Industrial Machinery/Components,2022.0,United States,1899287.0,NYSE,False,True,1852.0,r2000
AZTA,Azenta Inc.,1390040310.0,Technology,Industrial Machinery/Components,,United States,933974.0,Nasdaq,False,True,1853.0,r2000
NVGS,Navigator Holdings Ltd. Ordinary Shares (Marshall Islands),1388866347.0,Consumer Discretionary,Marine Transportation,2013.0,Marshall Islands,1581804.0,NYSE,False,False,,
LSPD,Lightspeed Commerce Inc. Subordinate Voting Shares,1387803601.0,Technology,Computer Software: Prepackaged Software,,Canada,1823306.0,NYSE,False,False,,
FOR,Forestar Group Inc Common Stock ,1387169278.0,Finance,Real Estate,2017.0,United States,1406587.0,NYSE,False,True,1854.0,r2000
AMBQ,Ambiq Micro Inc. Common Stock,1385773913.0,Technology,Semiconductors,2025.0,United States,1500412.0,NYSE,False,True,1855.0,r2000
ESQ,Esquire Financial Holdings Inc. Common Stock,1385611616.0,Finance,Commercial Banks,2017.0,United States,1531031.0,Nasdaq,False,True,1856.0,r2000
WBTN,WEBTOON Entertainment Inc. Common stock,1384252914.0,Consumer Discretionary,Publishing,2024.0,United States,1997859.0,Nasdaq,False,True,1857.0,r2000
AMSC,American Superconductor Corporation Common Stock,1380116654.0,Consumer Discretionary,Metal Fabrications,1991.0,United States,880807.0,Nasdaq,False,True,1858.0,r2000
PUMP,ProPetro Holding Corp. Common Stock,1379312588.0,Energy,Oilfield Services/Equipment,2017.0,United States,1680247.0,NYSE,False,True,1859.0,r2000
LTGO,Latigo Biotherapeutics Inc. Common Stock,1376691913.0,Health Care,Biotechnology: Pharmaceutical Preparations,2026.0,United States,2056611.0,Nasdaq,False,True,1860.0,r2000
AAT,American Assets Trust Inc. Common Stock,1375454371.0,Real Estate,Real Estate Investment Trusts,2011.0,United States,1500217.0,NYSE,False,True,1861.0,r2000
WD,Walker & Dunlop Inc Common Stock,1375432602.0,Finance,Finance: Consumer Services,2010.0,United States,1497770.0,NYSE,False,True,1862.0,r2000
UMH,UMH Properties Inc. Common Stock,1371292736.0,Real Estate,Real Estate Investment Trusts,1994.0,United States,752642.0,NYSE,False,True,1863.0,r2000
ELE,Elemental Royalty Corporation Common Stock,1370363161.0,Basic Materials,Precious Metals,,Canada,2086771.0,Nasdaq,False,False,,
XPEL,XPEL Inc. Common Stock,1366406271.0,Industrials,Industrial Specialties,,United States,1767258.0,Nasdaq,False,True,1864.0,r2000
CCEC,Capital Clean Energy Carriers Corp. Common Share,1365563472.0,Consumer Discretionary,Marine Transportation,2007.0,Greece,1392326.0,Nasdaq,False,False,,
OMER,Omeros Corporation Common Stock,1365243640.0,Health Care,Biotechnology: Pharmaceutical Preparations,2009.0,United States,1285819.0,Nasdaq,False,True,1865.0,r2000
RYZ,Ryerson Holding Corporation Common Stock,1364415587.0,Industrials,Metal Fabrications,2014.0,United States,1481582.0,NYSE,False,True,1866.0,r2000
AZUL,Azul S.A. American Depositary Shares each representing two (2) Common Shares,1363664319.0,Consumer Discretionary,Air Freight/Delivery Services,,,1432364.0,NYSE,False,False,,
WABC,Westamerica Bancorporation Common Stock,1361709135.0,Finance,Major Banks,,United States,311094.0,Nasdaq,False,True,1867.0,r2000
JBIO,Jade Biosciences Inc. Common Stock,1360984082.0,Health Care,Biotechnology: Pharmaceutical Preparations,2021.0,United States,1798749.0,Nasdaq,False,True,1868.0,r2000
ORIC,Oric Pharmaceuticals Inc. Common Stock,1360959373.0,Health Care,Biotechnology: Pharmaceutical Preparations,2020.0,United States,1796280.0,Nasdaq,False,True,1869.0,r2000
ALX,Alexander's Inc. Common Stock,1353482923.0,Real Estate,Real Estate Investment Trusts,,United States,3499.0,NYSE,False,True,1870.0,r2000
MGTX,MeiraGTx Holdings plc Ordinary Shares,1350364524.0,Health Care,Biotechnology: Biological Products (No Diagnostic Substances),2018.0,United States,1735438.0,Nasdaq,False,True,1871.0,r2000
FMBH,First Mid Bancshares Inc. Common Stock,1346854805.0,Finance,Major Banks,,United States,700565.0,Nasdaq,False,True,1872.0,r2000
WLTH,Wealthfront Corporation Common Stock,1345744556.0,Finance,Finance: Consumer Services,2025.0,United States,1524566.0,Nasdaq,False,True,1873.0,r2000
TBN,Tamboran Resources Corporation Common stock,1343714683.0,Energy,Oil & Gas Production,2024.0,,1997652.0,NYSE,False,False,,
ALMS,Alumis Inc. Common Stock,1339654724.0,Health Care,Biotechnology: Pharmaceutical Preparations,2024.0,United States,1847367.0,Nasdaq,False,True,1874.0,r2000
VTOL,Bristow Group Inc. Common Stock,1339521980.0,Consumer Discretionary,Transportation Services,,United States,1525221.0,NYSE,False,True,1875.0,r2000
WLDN,Willdan Group Inc. Common Stock,1333721888.0,Consumer Discretionary,Military/Government/Technical,2006.0,United States,1370450.0,Nasdaq,False,True,1876.0,r2000
SPTX,Seaport Therapeutics Inc. Common Stock,1333446001.0,Health Care,Biotechnology: Pharmaceutical Preparations,2026.0,United States,2042347.0,Nasdaq,False,True,1877.0,r2000
EYE,National Vision Holdings Inc. Common Stock,1329945845.0,Health Care,Ophthalmic Goods,2017.0,United States,1710155.0,Nasdaq,False,True,1878.0,r2000
DOLE,Dole plc Ordinary Shares,1328090826.0,Consumer Staples,Farming/Seeds/Milling,2021.0,Ireland,1857475.0,NYSE,False,False,,
DRTS,Alpha Tau Medical Ltd. Ordinary Shares,1325211947.0,Health Care,Medical/Dental Instruments,,Israel,1871321.0,Nasdaq,False,False,,
GBX,Greenbrier Companies Inc. (The) Common Stock,1322671577.0,Industrials,Railroads,1994.0,United States,923120.0,NYSE,False,True,1879.0,r2000
PNTG,The Pennant Group Inc. Common Stock ,1322414742.0,Health Care,Medical/Nursing Services,,United States,1766400.0,Nasdaq,False,True,1880.0,r2000
CLVT,Clarivate Plc Ordinary Shares,1317707846.0,Technology,EDP Services,2019.0,United Kingdom,1764046.0,NYSE,False,False,,
HBT,HBT Financial Inc. Common Stock,1316071498.0,Finance,Major Banks,2019.0,United States,775215.0,Nasdaq,False,True,1881.0,r2000
BRUN,Boost Run Inc. Class A Common Stock,1315517149.0,Technology,EDP Services,,United States,2090646.0,Nasdaq,False,True,1882.0,r2000
NUTX,Nutex Health Inc. Common Stock,1314810816.0,Consumer Discretionary,Business Services,,United States,1479681.0,Nasdaq,False,True,1883.0,r2000
EOSE,Eos Energy Enterprises Inc. Class A Common Stock,1314645556.0,Miscellaneous,Industrial Machinery/Components,,United States,1805077.0,Nasdaq,False,True,1884.0,r2000
ODC,Oil-Dri Corporation Of America Common Stock,1313367568.0,Consumer Discretionary,Miscellaneous manufacturing industries,,United States,74046.0,NYSE,False,True,1885.0,r2000
ROCK,Gibraltar Industries Inc. Common Stock,1313215249.0,Industrials,Steel/Iron Ore,1993.0,United States,912562.0,Nasdaq,False,True,1886.0,r2000
ULCC,Frontier Group Holdings Inc. Common Stock,1312229895.0,Consumer Discretionary,Air Freight/Delivery Services,2021.0,United States,1670076.0,Nasdaq,False,True,1887.0,r2000
PRSU,Pursuit Attractions and Hospitality Inc. Common Stock,1311133214.0,Consumer Discretionary,Services-Misc. Amusement & Recreation,,United States,884219.0,NYSE,False,True,1888.0,r2000
CRSR,Corsair Gaming Inc. Common Stock,1308941204.0,Technology,Computer peripheral equipment,2020.0,United States,1743759.0,Nasdaq,False,True,1889.0,r2000
EPC,Edgewell Personal Care Company Common Stock,1308925186.0,Consumer Discretionary,Package Goods/Cosmetics,,United States,1096752.0,NYSE,False,True,1890.0,r2000
IART,Integra LifeSciences Holdings Corporation Common Stock,1307355826.0,Health Care,Medical/Dental Instruments,,United States,917520.0,Nasdaq,False,True,1891.0,r2000
TEN,Tsakos Energy Navigation Ltd Common Shares,1303018830.0,Consumer Discretionary,Marine Transportation,,Greece,1166663.0,NYSE,False,False,,
ORC,Orchid Island Capital Inc. Common Stock,1301414416.0,Real Estate,Real Estate Investment Trusts,2013.0,United States,1518621.0,NYSE,False,True,1892.0,r2000
MNKD,MannKind Corporation Common Stock,1299039715.0,Health Care,Biotechnology: Pharmaceutical Preparations,2004.0,United States,899460.0,Nasdaq,False,True,1893.0,r2000
OSBC,Old Second Bancorp Inc. Common Stock,1298857029.0,Finance,Major Banks,,United States,357173.0,Nasdaq,False,True,1894.0,r2000
AMN,AMN Healthcare Services Inc,1292807100.0,Consumer Discretionary,Professional Services,,United States,1142750.0,NYSE,False,True,1895.0,r2000
BJRI,BJ's Restaurants Inc. Common Stock,1291530273.0,Consumer Discretionary,Restaurants,,United States,1013488.0,Nasdaq,False,True,1896.0,r2000
HLIT,Harmonic Inc. Common Stock,1285893387.0,Technology,Radio And Television Broadcasting And Communications Equipment,1995.0,United States,851310.0,Nasdaq,False,True,1897.0,r2000
AORT,Artivion Inc. Common Stock,1284238861.0,Health Care,Medical/Dental Instruments,,United States,784199.0,NYSE,False,True,1898.0,r2000
MLTX,MoonLake Immunotherapeutics Class A Ordinary Shares,1281706676.0,Health Care,Biotechnology: Pharmaceutical Preparations,2020.0,United States,1821586.0,Nasdaq,False,True,1899.0,r2000
ASIC,Ategrity Specialty Insurance Company Holdings Common Stock,1280128247.0,Finance,Property-Casualty Insurers,2025.0,,2040491.0,NYSE,False,False,,
ODTX,Odyssey Therapeutics Inc. Common Stock,1279317989.0,Health Care,Biotechnology: Biological Products (No Diagnostic Substances),2026.0,United States,1882782.0,Nasdaq,False,True,1900.0,r2000
LZB,La-Z-Boy Incorporated Common Stock,1278884978.0,Consumer Discretionary,Home Furnishings,,United States,57131.0,NYSE,False,True,1901.0,r2000
NSSC,NAPCO Security Technologies Inc. Common Stock,1275144779.0,Telecommunications,Telecommunications Equipment,,United States,69633.0,Nasdaq,False,True,1902.0,r2000
HLF,Herbalife Ltd. Common Shares,1274409101.0,Health Care,Other Pharmaceuticals,2004.0,Cayman Islands,1180262.0,NYSE,False,False,,
ASM,Avino Silver & Gold Mines Ltd. Common Shares (Canada),1273914533.0,Basic Materials,Metal Mining,,Canada,316888.0,NYSE,False,False,,
GOLD,Gold.com Inc. Common Stock,1270971669.0,Industrials,Other Specialty Stores,,United States,1591588.0,NYSE,False,True,1903.0,r2000
HBNB,Hotel101 Global Holdings Corp. Class A Ordinary Shares,1270795856.0,Consumer Discretionary,Hotels/Resorts,,Singapore,2054507.0,Nasdaq,False,False,,
RCAT,Red Cat Holdings Inc. Common Stock,1270583492.0,Technology,Computer Software: Prepackaged Software,,United States,748268.0,Nasdaq,False,True,1904.0,r2000
EFOR,Everforth Inc. Common Stock,1266080000.0,Consumer Discretionary,Professional Services,,United States,890564.0,NYSE,False,True,1905.0,r2000
CERT,Certara Inc. Common Stock,1263021098.0,Technology,Computer Software: Prepackaged Software,2020.0,United States,1827090.0,Nasdaq,False,True,1906.0,r2000
POET,POET Technologies Inc. Common Shares,1261593462.0,Technology,Semiconductors,,Canada,1437424.0,Nasdaq,False,False,,
OPK,OPKO Health Inc. Common Stock,1261294700.0,Health Care,Biotechnology: Pharmaceutical Preparations,,United States,944809.0,Nasdaq,False,True,1907.0,r2000
PRCT,PROCEPT BioRobotics Corporation Common Stock,1258302288.0,Health Care,Medical/Dental Instruments,2021.0,United States,1588978.0,Nasdaq,False,True,1908.0,r2000
TE,T1 Energy Inc. Common Stock,1257414762.0,Technology,Semiconductors,2021.0,Luxembourg,1992243.0,NYSE,False,False,,
OPY,Oppenheimer Holdings Inc. Class A Common Stock (DE),1256691467.0,Finance,Investment Bankers/Brokers/Service,,United States,791963.0,NYSE,False,True,1909.0,r2000
BRBR,BellRing Brands Inc. Common Stock ,1246502240.0,Consumer Staples,Packaged Foods,2022.0,United States,1772016.0,NYSE,False,True,1910.0,r2000
LADR,Ladder Capital Corp Class A Common Stock,1244548622.0,Real Estate,Real Estate Investment Trusts,2014.0,United States,1577670.0,NYSE,False,True,1911.0,r2000
LGIH,LGI Homes Inc. Common Stock,1242620138.0,Consumer Discretionary,Homebuilding,2013.0,United States,1580670.0,Nasdaq,False,True,1912.0,r2000
VYX,NCR Voyix Corporation Common Stock,1239867684.0,Miscellaneous,Office Equipment/Supplies/Services,,United States,70866.0,NYSE,False,True,1913.0,r2000
TRUP,Trupanion Inc. Common Stock,1239839987.0,Health Care,Medical Specialities,,United States,1371285.0,Nasdaq,False,True,1914.0,r2000
IRS,IRSA Inversiones Y Representaciones S.A. Global Depositary Shares (Each representing ten shares of Common Stock),1239708796.0,Real Estate,Homebuilding,,Argentina,933267.0,NYSE,False,False,,
NEWP,New Pacific Metals Corp. Common Shares,1236266631.0,Basic Materials,Precious Metals,2021.0,Canada,1369085.0,NYSE,False,False,,
MUX,McEwen Inc. Common Stock,1234534348.0,Basic Materials,Precious Metals,,Canada,314203.0,NYSE,False,False,,
LQDT,Liquidity Services Inc. Common Stock,1234152433.0,Consumer Discretionary,Business Services,2006.0,United States,1235468.0,Nasdaq,False,True,1915.0,r2000
FUBO,FuboTV Inc. Class A Common Stock,1230647880.0,Consumer Discretionary,Movies/Entertainment,2020.0,United States,1484769.0,NYSE,False,True,1916.0,r2000
REAL,The RealReal Inc. Common Stock,1228878262.0,Consumer Discretionary,Other Specialty Stores,2019.0,United States,1573221.0,Nasdaq,False,True,1917.0,r2000
CDRE,Cadre Holdings Inc. Common Stock,1225101200.0,Health Care,Industrial Specialties,2021.0,United States,1860543.0,NYSE,False,True,1918.0,r2000
CBRL,Cracker Barrel Old Country Store Inc Common Stock,1224860008.0,Consumer Discretionary,Restaurants,1981.0,United States,1067294.0,Nasdaq,False,True,1919.0,r2000
UVE,UNIVERSAL INSURANCE HOLDINGS INC Common Stock,1222309192.0,Finance,Property-Casualty Insurers,,United States,891166.0,NYSE,False,True,1920.0,r2000
LNN,Lindsay Corporation Common Stock,1221384777.0,Industrials,Industrial Machinery/Components,,United States,836157.0,NYSE,False,True,1921.0,r2000
YELP,Yelp Inc. Common Stock,1216590383.0,Consumer Discretionary,Other Consumer Services,2012.0,United States,1345016.0,NYSE,False,True,1922.0,r2000
LOMA,Loma Negra Compania Industrial Argentina Sociedad Anonima ADS,1214811918.0,Industrials,Building Materials,2017.0,Argentina,1711375.0,NYSE,False,False,,
JCAP,Jefferson Capital Inc. Common Stock,1214550086.0,Finance,Finance Companies,2025.0,United States,2046042.0,Nasdaq,False,True,1923.0,r2000
PDM,Piedmont Realty Trust Inc. Class A Common Stock,1213788403.0,Real Estate,Building operators,,United States,1042776.0,NYSE,False,True,1924.0,r2000
GLUE,Monte Rosa Therapeutics Inc. Common Stock,1213156562.0,Health Care,Biotechnology: Biological Products (No Diagnostic Substances),2021.0,United States,1826457.0,Nasdaq,False,True,1925.0,r2000
THRM,Gentherm Inc Common Stock,1212245915.0,Consumer Discretionary,Auto Parts:O.E.M.,,United States,903129.0,Nasdaq,False,True,1926.0,r2000
CLBK,Columbia Financial Inc. Common Stock,1212153014.0,Finance,Savings Institutions,2018.0,United States,2115119.0,Nasdaq,False,True,1927.0,r2000
DFH,Dream Finders Homes Inc. Class A Common Stock,1211359879.0,Consumer Discretionary,Homebuilding,2022.0,United States,1825088.0,NYSE,False,True,1928.0,r2000
BVS,Bioventus Inc. Class A Common Stock,1208400316.0,Health Care,Medical/Dental Instruments,2021.0,United States,1665988.0,Nasdaq,False,True,1929.0,r2000
CRCT,Cricut Inc. Class A Common Stock,1206399836.0,Technology,Industrial Machinery/Components,2021.0,United States,1828962.0,Nasdaq,False,True,1930.0,r2000
JANX,Janux Therapeutics Inc. Common Stock,1204394428.0,Health Care,Biotechnology: Pharmaceutical Preparations,2021.0,United States,1817713.0,Nasdaq,False,True,1931.0,r2000
CCO,Clear Channel Outdoor Holdings Inc. Common Stock,1201461474.0,Consumer Discretionary,Advertising,2005.0,United States,1334978.0,NYSE,False,True,1932.0,r2000
GIII,G-III Apparel Group LTD. Common Stock,1201165613.0,Consumer Discretionary,Apparel,1989.0,United States,821002.0,Nasdaq,False,True,1933.0,r2000
PDS,Precision Drilling Corporation Common Stock,1197657194.0,Energy,Oil & Gas Production,,Canada,1013605.0,NYSE,False,False,,
TNC,Tennant Company Common Stock,1197372550.0,Industrials,Industrial Machinery/Components,,United States,97134.0,NYSE,False,True,1934.0,r2000
HFWA,Heritage Financial Corporation Common Stock,1195961760.0,Finance,Banks,,United States,1046025.0,Nasdaq,False,True,1935.0,r2000
ARHS,Arhaus Inc. Class A Common Stock,1194967109.0,Consumer Discretionary,Other Specialty Stores,2021.0,United States,1875444.0,Nasdaq,False,True,1936.0,r2000
CRVS,Corvus Pharmaceuticals Inc. Common Stock,1194517405.0,Health Care,Biotechnology: Pharmaceutical Preparations,2016.0,United States,1626971.0,Nasdaq,False,True,1937.0,r2000
CRON,Cronos Group Inc. Common Share,1193657679.0,Health Care, Medicinal Chemicals and Botanical Products ,,Canada,1656472.0,Nasdaq,False,False,,
YSS,York Space Systems Inc. Common Stock,1190890435.0,Industrials,Military/Government/Technical,2026.0,,2086587.0,NYSE,False,False,,
GTM,ZoomInfo Technologies Inc Common Stock,1190640088.0,Technology,Computer Software: Prepackaged Software,2020.0,United States,1794515.0,Nasdaq,False,True,1938.0,r2000
GO,Grocery Outlet Holding Corp. Common Stock,1190004749.0,Consumer Staples,Food Chains,2019.0,United States,1771515.0,Nasdaq,False,True,1939.0,r2000
CRI,Carter's Inc. Common Stock,1189809506.0,Consumer Discretionary,Apparel,2003.0,United States,1060822.0,NYSE,False,True,1940.0,r2000
RMIX,Suncrete Inc. Class A Common Stock,1187531077.0,Industrials,Building Materials,,United States,2094433.0,Nasdaq,False,True,1941.0,r2000
BRAI,Braiin Limited Common Stock,1187068193.0,Technology,EDP Services,,Australia,2076975.0,Nasdaq,False,False,,
AIIR,Air Global PLC Ordinary Shares,1186860855.0,Consumer Discretionary,Tobacco,,United Arab Emirates,2097725.0,Nasdaq,False,False,,
APPS,Digital Turbine Inc. Common Stock,1183538925.0,Miscellaneous,Multi-Sector Companies,,United States,317788.0,Nasdaq,False,True,1942.0,r2000
SCCD,Sachem Capital Corp. 6.00% Notes due 2026,1178349548.0,Real Estate,Real Estate Investment Trusts,,United States,1682220.0,NYSE,False,True,1943.0,r2000
MMI,Marcus & Millichap Inc. Common Stock,1177788193.0,Finance,Real Estate,2013.0,United States,1578732.0,NYSE,False,True,1944.0,r2000
GDRX,GoodRx Holdings Inc. Class A Common Stock,1176951589.0,Technology,EDP Services,2020.0,United States,1809519.0,Nasdaq,False,True,1945.0,r2000
DFIN,Donnelley Financial Solutions Inc. Common Stock ,1176902284.0,Consumer Discretionary,Other Consumer Services,2016.0,United States,1669811.0,NYSE,False,True,1946.0,r2000
GNK,Genco Shipping & Trading Limited Ordinary Shares New (Marshall Islands),1176838335.0,Consumer Discretionary,Marine Transportation,,United States,1326200.0,NYSE,False,True,1947.0,r2000
UMAC,Unusual Machines Inc. Common Stock,1176475693.0,Technology,Radio And Television Broadcasting And Communications Equipment,2024.0,United States,1956955.0,NYSE,False,True,1948.0,r2000
RDWR,Radware Ltd. Ordinary Shares,1176133766.0,Consumer Discretionary,Business Services,1999.0,Israel,1094366.0,Nasdaq,False,False,,
TDOC,Teladoc Health Inc. Common Stock,1173678776.0,Health Care,Medical/Nursing Services,2015.0,United States,1477449.0,NYSE,False,True,1949.0,r2000
SPH,Suburban Propane Partners L.P. Common Stock,1172803763.0,Consumer Discretionary,Other Specialty Stores,1996.0,United States,1005210.0,NYSE,False,True,1950.0,r2000
IMPPP,Imperial Petroleum Inc. 8.75% Series A Cumulative Redeemable Perpetual Preferred Shares,1171033742.0,Consumer Discretionary,Marine Transportation,,Greece,1876581.0,Nasdaq,False,False,,
DEC,Diversified Energy Company Common Stock,1170533438.0,,,2025.0,United States,1922446.0,NYSE,False,True,1951.0,r2000
PSEC,Prospect Capital Corporation Common Stock,1170376466.0,Finance,Finance: Consumer Services,2004.0,United States,1287032.0,Nasdaq,False,True,1952.0,r2000
USPH,U.S. Physical Therapy Inc. Common Stock,1167551892.0,Health Care,Medical/Nursing Services,1992.0,United States,885978.0,NYSE,False,True,1953.0,r2000
KURA,Kura Oncology Inc. Common Stock,1166273715.0,Health Care,Biotechnology: Pharmaceutical Preparations,,United States,1422143.0,Nasdaq,False,True,1954.0,r2000
ENOV,Enovis Corporation Common Stock,1164923779.0,Health Care,Industrial Specialties,,United States,1420800.0,NYSE,False,True,1955.0,r2000
SANA,Sana Biotechnology Inc. Common Stock,1164512878.0,Health Care,Biotechnology: Biological Products (No Diagnostic Substances),2021.0,United States,1770121.0,Nasdaq,False,True,1956.0,r2000
NCZ,Virtus Convertible & Income Fund II Common Shares of Beneficial Interest,1163809802.0,Finance,Finance Companies,2003.0,United States,1227857.0,NYSE,False,True,1957.0,r2000
ASA,ASA  Gold and Precious Metals Limited,1160965777.0,Industrials,Precious Metals,,United States,1230869.0,NYSE,False,True,1958.0,r2000
WLFC,Willis Lease Finance Corporation Common Stock,1160811694.0,Consumer Discretionary,Industrial Specialties,1996.0,United States,1018164.0,Nasdaq,False,True,1959.0,r2000
MYE,Myers Industries Inc. Common Stock,1160517460.0,Industrials,Plastic Products,1983.0,United States,69488.0,NYSE,False,True,1960.0,r2000
OCSL,Oaktree Specialty Lending Corporation Common Stock,1160086338.0,Finance,Finance: Consumer Services,,United States,1414932.0,Nasdaq,False,True,1961.0,r2000
TK,Teekay Corporation Ltd. Common Stock,1159361188.0,Consumer Discretionary,Marine Transportation,,Bermuda,911971.0,NYSE,False,False,,
DEA,Easterly Government Properties Inc. Common Stock,1158906400.0,Real Estate,Real Estate Investment Trusts,2015.0,United States,1622194.0,NYSE,False,True,1962.0,r2000
STAA,STAAR Surgical Company Common Stock,1158827470.0,Health Care,Ophthalmic Goods,,United States,718937.0,Nasdaq,False,True,1963.0,r2000
AMRC,Ameresco Inc. Class A Common Stock,1157904724.0,Consumer Discretionary,Engineering & Construction,2010.0,United States,1488139.0,NYSE,False,True,1964.0,r2000
UVV,Universal Corporation Common Stock,1152835599.0,Industrials,Farming/Seeds/Milling,,United States,102037.0,NYSE,False,True,1965.0,r2000
UTI,Universal Technical Institute Inc Common Stock,1152592233.0,Real Estate,Other Consumer Services,2003.0,United States,1261654.0,NYSE,False,True,1966.0,r2000
FCEL,FuelCell Energy Inc. Common Stock,1151340422.0,Energy,Industrial Machinery/Components,,United States,886128.0,Nasdaq,False,True,1967.0,r2000
HZO,MarineMax Inc.  (FL) Common Stock,1150940334.0,Consumer Discretionary,Auto & Home Supply Stores,1998.0,United States,1057060.0,NYSE,False,True,1968.0,r2000
ACVA,ACV Auctions Inc. Class A Common Stock,1149600025.0,Consumer Discretionary,Business Services,2025.0,United States,1637873.0,NYSE,False,True,1969.0,r2000
IVA,Inventiva S.A. American Depository Shares,1148321782.0,Health Care,Biotechnology: Pharmaceutical Preparations,2020.0,France,1756594.0,Nasdaq,False,False,,
UVSP,Univest Financial Corporation Common Stock,1148187372.0,Finance,Major Banks,,United States,102212.0,Nasdaq,False,True,1970.0,r2000
WINA,Winmark Corporation Common Stock,1147769839.0,Consumer Discretionary,Other Specialty Stores,,United States,908315.0,Nasdaq,False,True,1971.0,r2000
RDVT,Red Violet Inc. Common Stock ,1146877303.0,Technology,Computer Software: Prepackaged Software,,United States,1720116.0,Nasdaq,False,True,1972.0,r2000
HSLV,Highlander Silver Corp. Common Shares,1145836843.0,,,,,2013223.0,NYSE,False,False,,
AMTB,Amerant Bancorp Inc. Class A Common Stock,1142776259.0,Finance,Major Banks,,United States,1734342.0,NYSE,False,True,1973.0,r2000
MRTN,Marten Transport Ltd. Common Stock,1142446749.0,Industrials,Trucking Freight/Courier Services,1986.0,United States,799167.0,Nasdaq,False,True,1974.0,r2000
SCSC,ScanSource Inc. Common Stock,1140888872.0,Technology,Retail: Computer Software & Peripheral Equipment,,United States,918965.0,Nasdaq,False,True,1975.0,r2000
TUYA,Tuya Inc. American Depositary Shares each representing one Class A Ordinary Share,1140712153.0,Technology,Computer Software: Prepackaged Software,2021.0,China,1829118.0,NYSE,False,False,,
FSBC,Five Star Bancorp Common Stock,1137517425.0,Finance,Major Banks,2021.0,United States,1275168.0,Nasdaq,False,True,1976.0,r2000
ECVT,Ecovyst Inc. Common Stock,1135187287.0,Industrials,Major Chemicals,2017.0,United States,1708035.0,NYSE,False,True,1977.0,r2000
MCB,Metropolitan Bank Holding Corp. Common Stock,1133776798.0,Finance,Major Banks,2017.0,United States,1476034.0,NYSE,False,True,1978.0,r2000
LFMDP,LifeMD Inc. 8.875% Series A Cumulative Perpetual Preferred Stock,1132714849.0,Health Care,Medical/Nursing Services,,United States,948320.0,Nasdaq,False,True,1979.0,r2000
SHLS,Shoals Technologies Group Inc. Class A Common Stock,1130975664.0,Technology,Semiconductors,2021.0,United States,1831651.0,Nasdaq,False,True,1980.0,r2000
IGIC,International General Insurance Holdings Ltd. Ordinary Share,1130606080.0,Finance,Property-Casualty Insurers,2018.0,Jordan,1794338.0,Nasdaq,False,False,,
LMRI,Lumexa Imaging Holdings Inc. Common Stock,1128880968.0,Health Care,Medical Specialities,2025.0,United States,2071288.0,Nasdaq,False,True,1981.0,r2000
UPWK,Upwork Inc. Common Stock,1127877386.0,Technology,EDP Services,2018.0,United States,1627475.0,Nasdaq,False,True,1982.0,r2000
AVO,Mission Produce Inc. Common Stock,1127843935.0,Consumer Staples,Farming/Seeds/Milling,2020.0,United States,1802974.0,Nasdaq,False,True,1983.0,r2000
EDN,Empresa Distribuidora Y Comercializadora Norte S.A. (Edenor) American Depositary Shares,1127001187.0,Utilities,Electric Utilities: Central,2007.0,Argentina,1395213.0,NYSE,False,False,,
GOODN,Gladstone Commercial Corporation 6.625% Series E Cumulative Redeemable Preferred Stock,1126926623.0,Real Estate,Real Estate,,United States,1234006.0,Nasdaq,False,True,1984.0,r2000
TRIP,TripAdvisor Inc. Common Stock,1126285677.0,Technology,Computer Software: Programming Data Processing,,United States,1526520.0,Nasdaq,False,True,1985.0,r2000
LAR,Lithium Argentina AG Common Shares,1125726000.0,Basic Materials,Metal Mining,2023.0,Canada,1440972.0,NYSE,False,False,,
NPKI,NPK International Inc. Common Stock,1125056096.0,Industrials,Misc Corporate Leasing Services,,United States,71829.0,NYSE,False,True,1986.0,r2000
VMET,Versamet Royalties Corporation Common Stock,1123120512.0,Industrials,Precious Metals,,Canada,2080073.0,Nasdaq,False,False,,
XIFR,XPLR Infrastructure LP Common Units representing limited partner interests,1121846261.0,Utilities,Electric Utilities: Central,2014.0,United States,1603145.0,NYSE,False,True,1987.0,r2000
SVRA,Savara Inc. Common Stock,1121811682.0,Health Care,Biotechnology: Pharmaceutical Preparations,,United States,1160308.0,Nasdaq,False,True,1988.0,r2000
GSBD,Goldman Sachs BDC Inc. Common Stock,1117810835.0,Finance,Investment Managers,2015.0,United States,1572694.0,NYSE,False,True,1989.0,r2000
BCX,BlackRock Resources Common Shares of Beneficial Interest,1117579992.0,Finance,Finance/Investors Services,2011.0,United States,1506289.0,NYSE,False,True,1990.0,r2000
LZ,LegalZoom.com Inc. Common Stock,1116646574.0,Technology,EDP Services,2021.0,United States,1286139.0,Nasdaq,False,True,1991.0,r2000
BST,BlackRock Science and Technology Trust Common Shares of Beneficial Interest,1112544644.0,Finance,Finance Companies,2014.0,United States,1616678.0,NYSE,False,True,1992.0,r2000
BOW,Bowhead Specialty Holdings Inc. Common Stock,1108532118.0,Finance,Property-Casualty Insurers,2024.0,United States,2002473.0,NYSE,False,True,1993.0,r2000
SBR,Sabine Royalty Trust Common Stock,1105260144.0,Energy,Oil & Gas Production,,United States,710752.0,NYSE,False,True,1994.0,r2000
SLDB,Solid Biosciences Inc. Common Stock,1102811573.0,Health Care,Biotechnology: Biological Products (No Diagnostic Substances),2018.0,United States,1707502.0,Nasdaq,False,True,1995.0,r2000
IRMD,iRadimed Corporation Common Stock,1101855014.0,Health Care,Medical/Dental Instruments,2014.0,United States,1325618.0,Nasdaq,False,True,1996.0,r2000
QNST,QuinStreet Inc. Common Stock,1096629917.0,Consumer Discretionary,Business Services,2010.0,United States,1117297.0,Nasdaq,False,True,1997.0,r2000
UPBD,Upbound Group Inc. Common Stock,1096028814.0,Consumer Discretionary,Diversified Commercial Services,,United States,933036.0,Nasdaq,False,True,1998.0,r2000
LAC,Lithium Americas Corp. Common Shares,1092759258.0,Basic Materials,Metal Mining,2023.0,Canada,1966983.0,NYSE,False,False,,
CFFN,Capitol Federal Financial Inc. Common Stock,1092318079.0,Finance,Savings Institutions,,United States,1490906.0,Nasdaq,False,True,1999.0,r2000
MSEX,Middlesex Water Company Common Stock,1091252913.0,Utilities,Water Supply,,United States,66004.0,Nasdaq,False,True,2000.0,r2000
DLX,Deluxe Corporation Common Stock,1090462576.0,Consumer Discretionary,Publishing,,United States,27996.0,NYSE,False,True,2001.0,r2000
OI,O-I Glass Inc. Common Stock,1086374411.0,Consumer Discretionary,Containers/Packaging,,United States,812074.0,NYSE,False,True,2002.0,r2000
PD,PagerDuty Inc. Common Stock,1083008751.0,Technology,Computer Software: Prepackaged Software,2019.0,United States,1568100.0,NYSE,False,True,2003.0,r2000
SAFE,Safehold Inc. New Common Stock ,1082780921.0,Real Estate,Real Estate Investment Trusts,2023.0,United States,1095651.0,NYSE,False,True,2004.0,r2000
PXED,Phoenix Education Partners Inc. Common Stock,1081421280.0,Real Estate,Other Consumer Services,2025.0,,1600222.0,NYSE,False,False,,
BTZ,BlackRock Credit Allocation Income Trust,1079187300.0,Finance,Finance/Investors Services,2006.0,United States,1379384.0,NYSE,False,True,2005.0,r2000
AGBK,AGI Inc Class A Common Shares,1077709035.0,Finance,Commercial Banks,2026.0,Cayman Islands,2081206.0,NYSE,False,False,,
HQH,abrdn Healthcare Investors Shares of Beneficial Interest,1076596329.0,Finance,Finance Companies,1987.0,United States,805267.0,NYSE,False,True,2006.0,r2000
DSL,DoubleLine Income Solutions Fund Common Shares of Beneficial Interests,1075046567.0,Finance,Trusts Except Educational Religious and Charitable,2013.0,United States,1566388.0,NYSE,False,True,2007.0,r2000
CMP,Compass Minerals Intl Inc Common Stock,1074290566.0,Industrials,Mining & Quarrying of Nonmetallic Minerals (No Fuels),2003.0,United States,1227654.0,NYSE,False,True,2008.0,r2000
ETW,Eaton Vance Corporation Eaton Vance Tax-Managed Global Buy-Write Opportunites Fund Common Shares of Beneficial Interest,1074058303.0,Finance,Investment Managers,2005.0,United States,1322435.0,NYSE,False,True,2009.0,r2000
CRAI,CRA International Inc. Common Stock,1073217523.0,Consumer Discretionary,Other Consumer Services,1998.0,United States,1053706.0,Nasdaq,False,True,2010.0,r2000
CRML,Critical Metals Corp. Ordinary Shares,1072287897.0,Basic Materials,Metal Mining,,British Virgin Islands,1951089.0,Nasdaq,False,False,,
CPAC,Cementos Pacasmayo S.A.A. American Depositary Shares (Each representing five Common Shares),1067300757.0,Industrials,Building Materials,,Peru,1221029.0,NYSE,False,False,,
GLIBA,Liberty Capital Corporation Series A GCI Group Common Stock,1066660490.0,Telecommunications,Cable & Other Pay Television Services,,United States,2057463.0,Nasdaq,False,True,2011.0,r2000
GPRE,Green Plains Inc. Common Stock,1066500416.0,Industrials,Major Chemicals,,United States,1309402.0,Nasdaq,False,True,2012.0,r2000
HTFC,Horizon Technology Finance Corporation 6.25% Notes due 2027,1065344804.0,Finance,Finance: Consumer Services,2022.0,United States,1487428.0,NYSE,False,True,2013.0,r2000
SECZ,Securitize Corp. Common Stock,1062859609.0,Finance,Finance: Consumer Services,2026.0,,2094496.0,NYSE,False,False,,
PCRX,Pacira BioSciences Inc. Common Stock,1059528930.0,Health Care,Biotechnology: Pharmaceutical Preparations,2011.0,United States,1396814.0,Nasdaq,False,True,2014.0,r2000
NWPX,NWPX Infrastructure Inc. Common Stock,1058935756.0,Industrials,Steel/Iron Ore,1995.0,United States,1001385.0,Nasdaq,False,True,2015.0,r2000
APMD,Apnimed Inc. Common Stock,1057529981.0,Health Care,Biotechnology: Pharmaceutical Preparations,2026.0,United States,1745648.0,Nasdaq,False,True,2016.0,r2000
AEVA,Aeva Technologies Inc. Common Stock,1057436349.0,Consumer Discretionary,Auto Parts:O.E.M.,,United States,1789029.0,Nasdaq,False,True,2017.0,r2000
MBWM,Mercantile Bank Corporation Common Stock,1054441669.0,Finance,Major Banks,1998.0,United States,1042729.0,Nasdaq,False,True,2018.0,r2000
ATTO,Attovia Therapeutics Inc. Common Stock,1054242663.0,Health Care,Biotechnology: Biological Products (No Diagnostic Substances),2026.0,United States,2058707.0,Nasdaq,False,True,2019.0,r2000
OBX,Obsidian Therapeutics Inc. Common Stock,1050138892.0,Health Care,Biotechnology: Pharmaceutical Preparations,,United States,2130606.0,Nasdaq,False,True,2020.0,r2000
LU,Lufax Holding Ltd American Depositary Shares each representing two (2) Ordinary Shares,1048693559.0,Finance,Finance: Consumer Services,,China,1816007.0,NYSE,False,False,,
SVREW,SaverOne 2014 Ltd. Warrant,1047530992.0,Technology,EDP Services,2022.0,Israel,1894693.0,Nasdaq,False,False,,
BW,Babcock & Wilcox Enterprises Inc. Common Stock,1047224414.0,Industrials,Building Products,2015.0,United States,1630805.0,NYSE,False,True,2021.0,r2000
QFIN,Qfin Holdings Inc. American Depositary Shares,1040978608.0,Finance,Finance: Consumer Services,2018.0,China,1741530.0,Nasdaq,False,False,,
BV,BrightView Holdings Inc. Common Stock,1040824000.0,Consumer Staples,Farming/Seeds/Milling,2018.0,United States,1734713.0,NYSE,False,True,2022.0,r2000
FSCO,FS Credit Opportunities Corp. Common Stock,1039384916.0,Finance,Trusts Except Educational Religious and Charitable,2022.0,United States,1568194.0,NYSE,False,True,2023.0,r2000
VRTS,Virtus Investment Partners Inc. Common Stock,1038239111.0,Finance,Investment Managers,,United States,883237.0,NYSE,False,True,2024.0,r2000
SIFY,Sify Technologies Limited American Depositary Shares,1037988033.0,Technology,Computer Software: Programming Data Processing,,India,1094324.0,Nasdaq,False,False,,
AVTX,Avalo Therapeutics Inc. Common Stock,1037203987.0,Health Care,Biotechnology: Pharmaceutical Preparations,2015.0,United States,1534120.0,Nasdaq,False,True,2025.0,r2000
LUXE,LuxExperience B.V. American Depositary Shares each representing one Ordinary Share,1036444346.0,Consumer Discretionary,Catalog/Specialty Distribution,2021.0,,1831907.0,NYSE,False,False,,
NPK,National Presto Industries Inc. Common Stock,1032517534.0,Industrials,Ordnance And Accessories,,United States,80172.0,NYSE,False,True,2026.0,r2000
AEF,abrdn Emerging Markets ex-China Fund Inc. Common Stock,1030680000.0,Finance,Finance/Investors Services,,United States,846676.0,NYSE,False,True,2027.0,r2000
RHLD,Resolute Holdings Management Common Stock ,1030622621.0,Finance,Finance: Consumer Services,,United States,2039497.0,NYSE,False,True,2028.0,r2000
HPK,HighPeak Energy Inc. Common Stock,1029325825.0,Energy,Oil & Gas Production,,United States,1792849.0,Nasdaq,False,True,2029.0,r2000
PSUS,Pershing Square USA Ltd. Common Shares,1025341500.0,,,2026.0,,2002660.0,NYSE,False,False,,
AIP,Arteris Inc. Common Stock,1024329806.0,Technology,Semiconductors,2021.0,United States,1667011.0,Nasdaq,False,True,2030.0,r2000
ITRN,Ituran Location and Control Ltd. Ordinary Shares,1022530012.0,Technology,Electronic Components,2005.0,Israel,1337117.0,Nasdaq,False,False,,
ELVR,Elevra Lithium Limited American Depository Shares,1021680677.0,Industrials,Mining & Quarrying of Nonmetallic Minerals (No Fuels),,Australia,1739016.0,Nasdaq,False,False,,
GERN,Geron Corporation Common Stock,1021532720.0,Health Care,Biotechnology: Pharmaceutical Preparations,1996.0,United States,886744.0,Nasdaq,False,True,2031.0,r2000
HRTG,Heritage Insurance Holdings Inc. Common Stock,1021308490.0,Finance,Property-Casualty Insurers,2014.0,United States,1598665.0,NYSE,False,True,2032.0,r2000
CSTL,Castle Biosciences Inc. Common Stock,1020964524.0,Health Care,Medical Specialities,2019.0,United States,1447362.0,Nasdaq,False,True,2033.0,r2000
EQBK,Equity Bancshares Inc. Class A Common Stock,1020769729.0,Finance,Major Banks,,United States,1227500.0,NYSE,False,True,2034.0,r2000
PTA,Cohen & Steers Tax-Advantaged Preferred Securities and Income Fund Common Shares of Beneficial Interest,1020348016.0,Finance,Trusts Except Educational Religious and Charitable,2020.0,United States,1793882.0,NYSE,False,True,2035.0,r2000
BFST,Business First Bancshares Inc. Common Stock,1019136837.0,Finance,Major Banks,,United States,1624322.0,Nasdaq,False,True,2036.0,r2000
MCBS,MetroCity Bankshares Inc. Common Stock,1015113947.0,Finance,Major Banks,2019.0,United States,1747068.0,Nasdaq,False,True,2037.0,r2000
FTH,Faeth Therapeutics Inc. Common Stock,1010877426.0,Health Care,Biotechnology: Pharmaceutical Preparations,2021.0,United States,1829802.0,Nasdaq,False,True,2038.0,r2000
CCNE,CNB Financial Corporation Common Stock,1010368387.0,Finance,Major Banks,,United States,736772.0,Nasdaq,False,True,2039.0,r2000
CADL,Candel Therapeutics Inc. Common Stock,1010045058.0,Health Care,Biotechnology: Biological Products (No Diagnostic Substances),2021.0,United States,1841387.0,Nasdaq,False,True,2040.0,r2000
AMPH,Amphastar Pharmaceuticals Inc. Common Stock,1009850791.0,Health Care,Biotechnology: Pharmaceutical Preparations,2014.0,United States,1297184.0,Nasdaq,False,True,2041.0,r2000
ABUS,Arbutus Biopharma Corporation Common Stock,1009023959.0,Health Care,Biotechnology: Pharmaceutical Preparations,,Canada,1447028.0,Nasdaq,False,False,,
HBNC,Horizon Bancorp Inc. Common Stock,1008919798.0,Finance,Major Banks,,United States,706129.0,Nasdaq,False,True,2042.0,r2000
KRO,Kronos Worldwide Inc Common Stock,1005952290.0,Basic Materials,Major Chemicals,,United States,1257640.0,NYSE,False,True,2043.0,r2000
INR,Infinity Natural Resources Inc. Class A Common Stock,1003340122.0,Energy,Oil & Gas Production,2025.0,United States,2029118.0,NYSE,False,True,2044.0,r2000
BXBL,BOXABL Inc. Common stock,999782440.0,Consumer Discretionary,Homebuilding,2025.0,United States,1906364.0,Nasdaq,False,True,2045.0,r2000
IMMX,Immix Biopharma Inc. Common Stock,998688823.0,Health Care,Biotechnology: Pharmaceutical Preparations,2021.0,United States,1873835.0,Nasdaq,False,True,2046.0,r2000
SMPL,The Simply Good Foods Company Common Stock,997834948.0,Consumer Staples,Packaged Foods,,United States,1702744.0,Nasdaq,False,True,2047.0,r2000
LXRX,Lexicon Pharmaceuticals Inc. Common Stock,996701292.0,Health Care,Biotechnology: Pharmaceutical Preparations,,United States,1062822.0,Nasdaq,False,True,2048.0,r2000
MTA,Metalla Royalty & Streaming Ltd. Common Shares,996666017.0,Basic Materials,Precious Metals,,Canada,1722606.0,NYSE,False,False,,
SBGI,Sinclair Inc. Class A Common Stock,994373325.0,Industrials,Broadcasting,1995.0,United States,1971213.0,Nasdaq,False,True,2049.0,r2000
AEBI,Aebi Schmidt Holding AG Common Stock ,993272115.0,Industrials,Auto Manufacturing,,Switzerland,2048519.0,Nasdaq,False,False,,
SVC,Service Properties Trust Common Shares of Beneficial Interest,992042678.0,Real Estate,Real Estate Investment Trusts,,United States,945394.0,Nasdaq,False,True,2050.0,r2000
NBBK,NB Bancorp Inc. Common Stock,990297874.0,Finance,Banks,2023.0,United States,1979330.0,Nasdaq,False,True,2051.0,r2000
RNP,Cohen & Steers REIT and Preferred and Income Fund Inc. Common Shares,987686423.0,Finance,Investment Managers,2003.0,United States,1224450.0,NYSE,False,True,2052.0,r2000
NNNN,Anbio Biotechnology Class A Ordinary Shares,985654720.0,Health Care,Biotechnology: In Vitro & In Vivo Diagnostic Substances,2025.0,Germany,1982708.0,Nasdaq,False,False,,
MNTN,MNTN Inc. Class A Common Stock,982165530.0,Consumer Discretionary,Advertising,2025.0,United States,1891027.0,NYSE,False,True,2053.0,r2000
TTI,Tetra Technologies Inc. Common Stock,981722525.0,Energy,Oil & Gas Production,,United States,844965.0,NYSE,False,True,2054.0,r2000
PDX,PIMCO Dynamic Income Strategy Fund Common Shares of Beneficial Interest,981318650.0,Finance,Finance/Investors Services,2019.0,,1756908.0,NYSE,False,False,,
GHM,Graham Corporation Common Stock,976755886.0,Industrials,Industrial Machinery/Components,1978.0,United States,716314.0,NYSE,False,True,2055.0,r2000
UTL,UNITIL Corporation Common Stock,976209159.0,Utilities,Power Generation,1985.0,United States,755001.0,NYSE,False,True,2056.0,r2000
TRST,TrustCo Bank Corp NY Common Stock,975348947.0,Finance,Major Banks,,United States,357301.0,Nasdaq,False,True,2057.0,r2000
ASTE,Astec Industries Inc. Common Stock,974433531.0,Industrials,Construction/Ag Equipment/Trucks,1986.0,United States,792987.0,Nasdaq,False,True,2058.0,r2000
DSGN,Design Therapeutics Inc. Common Stock,971893040.0,Health Care,Biotechnology: Pharmaceutical Preparations,2021.0,United States,1807120.0,Nasdaq,False,True,2059.0,r2000
KFRC,Kforce Inc. Common Stock,967802360.0,Consumer Discretionary,Professional Services,1995.0,United States,930420.0,NYSE,False,True,2060.0,r2000
CPF,Central Pacific Financial Corp New,967073546.0,Finance,Major Banks,,United States,701347.0,NYSE,False,True,2061.0,r2000
CAC,Camden National Corporation Common Stock,964652527.0,Finance,Major Banks,,United States,750686.0,Nasdaq,False,True,2062.0,r2000
TBLA,Taboola.com Ltd. Ordinary Shares,963082180.0,Technology,Computer Software: Programming Data Processing,,Israel,1840502.0,Nasdaq,False,False,,
ABR,Arbor Realty Trust Common Stock,962639502.0,Real Estate,Real Estate Investment Trusts,2004.0,United States,1253986.0,NYSE,False,True,2063.0,r2000
WVE,Wave Life Sciences Inc. Common Stock,961595094.0,Health Care,Biotechnology: Pharmaceutical Preparations,2015.0,Singapore,1631574.0,Nasdaq,False,False,,
PLOW,Douglas Dynamics Inc. Common Stock,960697425.0,Industrials,Construction/Ag Equipment/Trucks,2010.0,United States,1287213.0,NYSE,False,True,2064.0,r2000
JMIA,Jumia Technologies AG American Depositary Shares each representing two Ordinary Shares,958097280.0,Consumer Discretionary,Catalog/Specialty Distribution,2019.0,,1756708.0,NYSE,False,False,,
HEPS,D-Market Electronic Services & Trading American Depositary Shares,957363536.0,Consumer Discretionary,Catalog/Specialty Distribution,2021.0,Turkey,1850235.0,Nasdaq,False,False,,
QDEL,QuidelOrtho Corporation Common Stock,956627207.0,Health Care,Biotechnology: In Vitro & In Vivo Diagnostic Substances,,United States,1906324.0,Nasdaq,False,True,2065.0,r2000
SBSI,Southside Bancshares Inc. Common Stock,955643839.0,Finance,Major Banks,,United States,705432.0,NYSE,False,True,2066.0,r2000
BBDC,Barings BDC Inc. Common Stock,953879713.0,Finance,Diversified Financial Services,,United States,1379785.0,NYSE,False,True,2067.0,r2000
CBLL,CeriBell Inc. Common Stock,952160686.0,Health Care,Biotechnology: Electromedical & Electrotherapeutic Apparatus,2024.0,United States,1861107.0,Nasdaq,False,True,2068.0,r2000
PSF,Cohen & Steers Select Preferred and Income Fund Inc. Common Stock,949358293.0,Finance,Investment Managers,2010.0,,1498612.0,NYSE,False,False,,
OLMA,Olema Pharmaceuticals Inc. Common Stock,947599084.0,Health Care,Biotechnology: Pharmaceutical Preparations,2020.0,United States,1750284.0,Nasdaq,False,True,2069.0,r2000
ARDX,Ardelyx Inc. Common Stock,946912774.0,Health Care,Biotechnology: Pharmaceutical Preparations,2014.0,United States,1437402.0,Nasdaq,False,True,2070.0,r2000
SCZM,Santacruz Silver Mining Ltd. Common Shares,946641091.0,Basic Materials,Precious Metals,,Canada,1548536.0,Nasdaq,False,False,,
SGP,SpyGlass Pharma Inc. Common Stock,945908846.0,Health Care,Medical/Dental Instruments,2026.0,United States,1778922.0,Nasdaq,False,True,2071.0,r2000
ACEL,Accel Entertainment Inc. ,945092049.0,Consumer Discretionary,Services-Misc. Amusement & Recreation,2017.0,United States,1698991.0,NYSE,False,True,2072.0,r2000
NNE,Nano Nuclear Energy Inc. Common Stock,944550388.0,Utilities,Electric Utilities: Central,2024.0,United States,1923891.0,Nasdaq,False,True,2073.0,r2000
HQ,Horizon Quantum Holdings Ltd. Class A Ordinary Shares,944511400.0,Technology,EDP Services,,Singapore,2088256.0,Nasdaq,False,False,,
KRT,Karat Packaging Inc. Common Stock,944364941.0,Industrials,Plastic Products,2021.0,United States,1758021.0,Nasdaq,False,True,2074.0,r2000
FET,Forum Energy Technologies Inc. Common Stock,943285312.0,Consumer Discretionary,Oil and Gas Field Machinery,2012.0,United States,1401257.0,NYSE,False,True,2075.0,r2000
HAFC,Hanmi Financial Corporation Common Stock,936916458.0,Finance,Major Banks,,United States,1109242.0,Nasdaq,False,True,2076.0,r2000
THFF,First Financial Corporation Common Stock,936724648.0,Finance,Major Banks,,United States,714562.0,Nasdaq,False,True,2077.0,r2000
FMN,Federated Hermes Premier Municipal Income Fund,935865123.0,Finance,Investment Managers,2002.0,United States,1199004.0,NYSE,False,True,2078.0,r2000
HTLD,Heartland Express Inc. Common Stock,935724593.0,Industrials,Trucking Freight/Courier Services,1986.0,United States,799233.0,Nasdaq,False,True,2079.0,r2000
MPB,Mid Penn Bancorp Common Stock,935122786.0,Finance,Major Banks,,United States,879635.0,Nasdaq,False,True,2080.0,r2000
ANNX,Annexon Inc. Common Stock,934625131.0,Health Care,Biotechnology: Pharmaceutical Preparations,2020.0,United States,1528115.0,Nasdaq,False,True,2081.0,r2000
FBYD,Falcon's Beyond Global Inc. Class A Common Stock,933696210.0,Consumer Discretionary,Services-Misc. Amusement & Recreation,,United States,1937987.0,Nasdaq,False,True,2082.0,r2000
RZLV,Rezolve AI PLC Ordinary Shares,932912815.0,Technology,Computer Software: Programming Data Processing,,United Kingdom,1920294.0,Nasdaq,False,False,,
FMNB,Farmers National Banc Corp. Common Stock,931964308.0,Finance,Major Banks,,United States,709337.0,Nasdaq,False,True,2083.0,r2000
FRBT,Forbright Inc. Class A Common Stock,931018729.0,Finance,Major Banks,2026.0,United States,1925062.0,Nasdaq,False,True,2084.0,r2000
BUR,Burford Capital Limited Ordinary Shares,929949262.0,Finance,Finance: Consumer Services,2020.0,,1714174.0,NYSE,False,False,,
SB,Safe Bulkers Inc Common Stock ($0.001 par value),929405068.0,Consumer Discretionary,Marine Transportation,2008.0,Monaco,1434754.0,NYSE,False,False,,
GAINZ,Gladstone Investment Corporation 4.875% Notes due 2028,927580712.0,Finance,Finance: Consumer Services,,United States,1321741.0,Nasdaq,False,True,2085.0,r2000
TDAY,USA TODAY Co. Inc. Common Stock,924953028.0,Consumer Discretionary,Newspapers/Magazines,2014.0,United States,1579684.0,NYSE,False,True,2086.0,r2000
DAKT,Daktronics Inc. Common Stock,924090451.0,Consumer Discretionary,Miscellaneous manufacturing industries,1994.0,United States,915779.0,Nasdaq,False,True,2087.0,r2000
EVLV,Evolv Technologies Holdings Inc. Class A Common Stock,923743345.0,Technology,Computer peripheral equipment,2020.0,United States,1805385.0,Nasdaq,False,True,2088.0,r2000
RIGL,Rigel Pharmaceuticals Inc. Common Stock,923158879.0,Health Care,Biotechnology: Pharmaceutical Preparations,2000.0,United States,1034842.0,Nasdaq,False,True,2089.0,r2000
RERE,ATRenew Inc. American Depositary Shares (every three of which representing two Class A ordinary shares),923105633.0,Consumer Discretionary,Other Specialty Stores,2021.0,Cayman Islands,1838957.0,NYSE,False,False,,
FCBC,First Community Bankshares Inc. (VA) Common Stock,920933022.0,Finance,Major Banks,,United States,859070.0,Nasdaq,False,True,2090.0,r2000
ACDC,ProFrac Holding Corp. Class A Common Stock,919719948.0,Energy,Oilfield Services/Equipment,2022.0,United States,1881487.0,Nasdaq,False,True,2091.0,r2000
BH,Biglari Holdings Inc. Class B Common Stock,916637435.0,Consumer Discretionary,Restaurants,2018.0,United States,1726173.0,NYSE,False,True,2092.0,r2000
RPC,Ridgepost Capital Inc. Class A Common Stock,916081436.0,Finance,Investment Managers,2021.0,United States,1841968.0,NYSE,False,True,2093.0,r2000
METC,Ramaco Resources Inc. Class A Common Stock,913424524.0,Energy,Coal Mining,2017.0,United States,1687187.0,Nasdaq,False,True,2094.0,r2000
REPX,Riley Exploration Permian Inc. Common Stock,913179018.0,Energy,Oil & Gas Production,1999.0,United States,1001614.0,NYSE,False,True,2095.0,r2000
SOC,Sable Offshore Corp. Common Stock,911380467.0,Energy,Oil & Gas Production,2021.0,United States,1831481.0,NYSE,False,True,2096.0,r2000
ACRS,Aclaris Therapeutics Inc. Common Stock,909689159.0,Health Care,Biotechnology: Pharmaceutical Preparations,2015.0,United States,1557746.0,Nasdaq,False,True,2097.0,r2000
RWAYL,Runway Growth Finance Corp. 7.50% Notes due 2027,907769881.0,Finance,Finance: Consumer Services,,United States,1653384.0,Nasdaq,False,True,2098.0,r2000
CSIQ,Canadian Solar Inc. Common Shares (ON),906031433.0,Technology,Semiconductors,2006.0,Canada,1375877.0,Nasdaq,False,False,,
RSKD,Riskified Ltd. Class A Ordinary Shares,904175283.0,Consumer Discretionary,Business Services,2021.0,,1851112.0,NYSE,False,False,,
LANDO,Gladstone Land Corporation 6.00% Series B Cumulative Redeemable Preferred Stock,900260279.0,Real Estate,Real Estate Investment Trusts,,United States,1495240.0,Nasdaq,False,True,2099.0,r2000
KODK,Eastman Kodak Company Common New,899701000.0,Consumer Discretionary,Industrial Machinery/Components,,United States,31235.0,NYSE,False,True,2100.0,r2000
REF,Reformation Inc. Common Stock,899514203.0,Consumer Discretionary,Apparel,2026.0,,1787117.0,NYSE,False,False,,
EVER,EverQuote Inc. Class A Common Stock,898613651.0,Technology,Computer Software: Programming Data Processing,2018.0,United States,1640428.0,Nasdaq,False,True,2101.0,r2000
QMCO,Quantum Corporation Common Stock,897759823.0,Technology,Electronic Components,,United States,709283.0,Nasdaq,False,True,2102.0,r2000
SXC,SunCoke Energy Inc. Common Stock,897127165.0,Industrials,Steel/Iron Ore,2011.0,United States,1514705.0,NYSE,False,True,2103.0,r2000
CRTO,Criteo S.A. Ordinary Shares,896655330.0,Consumer Discretionary,Advertising,2013.0,France,1576427.0,Nasdaq,False,False,,
HIPO,Hippo Holdings Inc. Common Stock,894600016.0,Finance,Property-Casualty Insurers,2021.0,United States,1828105.0,NYSE,False,True,2104.0,r2000
NAK,Northern Dynasty Minerals Ltd. Common Stock,893773443.0,Basic Materials,Precious Metals,,Canada,1164771.0,NYSE,False,False,,
ANL,Adlai Nortye Group Ltd. American Depositary Shares,892233431.0,Health Care,Biotechnology: Pharmaceutical Preparations,2023.0,Cayman Islands,1944552.0,Nasdaq,False,False,,
KBDC,Kayne Anderson BDC Inc. Common Stock,892170813.0,,,2024.0,United States,1747172.0,NYSE,False,True,2105.0,r2000
BKSY,BlackSky Technology Inc. Class A Common Stock,890524649.0,Technology,Radio And Television Broadcasting And Communications Equipment,2019.0,United States,1753539.0,NYSE,False,True,2106.0,r2000
JBGS,JBG SMITH Properties Common Shares ,890198085.0,Real Estate,Real Estate Investment Trusts,2017.0,United States,1689796.0,NYSE,False,True,2107.0,r2000
WRLD,World Acceptance Corporation Common Stock,888662213.0,Finance,Finance: Consumer Services,1991.0,United States,108385.0,Nasdaq,False,True,2108.0,r2000
AIO,Virtus Artificial Intelligence & Technology Opportunities Fund Common Shares of Beneficial Interest,887027307.0,Finance,Finance/Investors Services,2019.0,,1778114.0,NYSE,False,False,,
OGG,Osisko Gold Group Inc. Common Shares,886929727.0,Basic Materials,Precious Metals,2022.0,Canada,1431852.0,NYSE,False,False,,
CSR,D/B/A Centerspace Common Stock,886395290.0,Real Estate,Real Estate Investment Trusts,,United States,798359.0,NYSE,False,True,2109.0,r2000
TBPH,Theravance Biopharma Inc. Ordinary Shares,886253131.0,Health Care,Biotechnology: Pharmaceutical Preparations,,Cayman Islands,1583107.0,Nasdaq,False,False,,
EIG,Employers Holdings Inc Common Stock,886171366.0,Finance,Property-Casualty Insurers,2007.0,United States,1379041.0,NYSE,False,True,2110.0,r2000
BZH,Beazer Homes USA Inc. Common Stock,885763484.0,Consumer Discretionary,Homebuilding,1994.0,United States,915840.0,NYSE,False,True,2111.0,r2000
KOP,Koppers Holdings Inc. Common Stock,883548457.0,Basic Materials,Forest Products,2006.0,United States,1315257.0,NYSE,False,True,2112.0,r2000
DGICB,Donegal Group Inc. Class B Common Stock,883067719.0,Finance,Property-Casualty Insurers,1986.0,United States,800457.0,Nasdaq,False,True,2113.0,r2000
NXDR,Nextdoor Holdings Inc. Class A Common Stock,882014357.0,Technology,Computer Software: Programming Data Processing,,United States,1846069.0,NYSE,False,True,2114.0,r2000
ARI,Apollo Commercial Real Estate Finance Inc,879534958.0,Real Estate,Real Estate Investment Trusts,2009.0,United States,1467760.0,NYSE,False,True,2115.0,r2000
CAPL,CrossAmerica Partners LP Common Units representing limited partner interests,879511795.0,Energy,Oil Refining/Marketing,2012.0,United States,1538849.0,NYSE,False,True,2116.0,r2000
BBNX,Beta Bionics Inc. Common Stock,873474793.0,Health Care,Medical/Dental Instruments,2025.0,United States,1674632.0,Nasdaq,False,True,2117.0,r2000
IBTA,Ibotta Inc. Class A Common Stock,873262752.0,Consumer Discretionary,Advertising,2024.0,United States,1538379.0,NYSE,False,True,2118.0,r2000
ACHV,Achieve Life Sciences Inc. Common Shares,872613115.0,Health Care,Biotechnology: In Vitro & In Vivo Diagnostic Substances,,United States,949858.0,Nasdaq,False,True,2119.0,r2000
CCBG,Capital City Bank Group Common Stock,872435881.0,Finance,Major Banks,,United States,726601.0,Nasdaq,False,True,2120.0,r2000
DSP,Viant Technology Inc. Class A Common Stock,872149875.0,Technology,Computer Software: Programming Data Processing,2021.0,United States,1828791.0,Nasdaq,False,True,2121.0,r2000
DQ,DAQO New Energy Corp. American Depositary Shares each representing five ordinary shares,871539845.0,Technology,Semiconductors,2010.0,China,1477641.0,NYSE,False,False,,
ADSE,ADS-TEC ENERGY PLC Ordinary Shares,871504868.0,Consumer Discretionary,Industrial Specialties,,Ireland,1879248.0,Nasdaq,False,False,,
SMBK,SmartFinancial Inc. Common Stock,870825230.0,Finance,Major Banks,,United States,1038773.0,NYSE,False,True,2122.0,r2000
HSTM,HealthStream Inc. Common Stock,870473460.0,Technology,Computer Software: Programming Data Processing,2000.0,United States,1095565.0,Nasdaq,False,True,2123.0,r2000
CODI,D/B/A Compass Diversified Holdings Shares of Beneficial Interest,869727767.0,Consumer Discretionary,Home Furnishings,2006.0,United States,1345126.0,NYSE,False,True,2124.0,r2000
NX,Quanex Building Products Corporation Common Stock,869416377.0,Industrials,Metal Fabrications,,United States,1423221.0,NYSE,False,True,2125.0,r2000
GSBC,Great Southern Bancorp Inc. Common Stock,866242831.0,Finance,Major Banks,1989.0,United States,854560.0,Nasdaq,False,True,2126.0,r2000
MAKO,Mako Mining Corp Common Stock,865984410.0,Basic Materials,Precious Metals,,Canada,1784930.0,Nasdaq,False,False,,
MCS,Marcus Corporation (The) Common Stock,865458703.0,Consumer Discretionary,Movies/Entertainment,,United States,62234.0,NYSE,False,True,2127.0,r2000
CRESY,Cresud S.A.C.I.F. y A. American Depositary Shares,865287391.0,Finance,Real Estate,1997.0,Argentina,1034957.0,Nasdaq,False,False,,
CLYM,Climb Bio Inc. Common Stock,864415638.0,Health Care,Biotechnology: Pharmaceutical Preparations,2021.0,United States,1768446.0,Nasdaq,False,True,2128.0,r2000
JBSS,John B. Sanfilippo & Son Inc. Common Stock,864148246.0,Consumer Staples,Specialty Foods,1991.0,United States,880117.0,Nasdaq,False,True,2129.0,r2000
HMH,HMH Holding Inc. Class A Common Stock,863747886.0,Consumer Discretionary,Oil and Gas Field Machinery,2026.0,United States,2021880.0,Nasdaq,False,True,2130.0,r2000
SMP,Standard Motor Products Inc. Common Stock,860324683.0,Consumer Discretionary,Auto Parts:O.E.M.,,United States,93389.0,NYSE,False,True,2131.0,r2000
INMD,InMode Ltd. Ordinary Shares,859337541.0,Health Care,Biotechnology: Electromedical & Electrotherapeutic Apparatus,2019.0,Israel,1742692.0,Nasdaq,False,False,,
SIBN,SI-BONE Inc. Common Stock,858723897.0,Health Care,Medical/Dental Instruments,2018.0,United States,1459839.0,Nasdaq,False,True,2132.0,r2000
FOXF,Fox Factory Holding Corp. Common Stock,857852730.0,Consumer Discretionary,Motor Vehicles,2013.0,United States,1424929.0,Nasdaq,False,True,2133.0,r2000
WGO,Winnebago Industries Inc. Common Stock,857395525.0,Industrials,Homebuilding,,United States,107687.0,NYSE,False,True,2134.0,r2000
TIGR,UP Fintech Holding Ltd American Depositary Share representing fifteen Class A Ordinary Shares,855976166.0,Finance,Investment Bankers/Brokers/Service,2019.0,China,1756699.0,Nasdaq,False,False,,
PLTK,Playtika Holding Corp. Common Stock,854376737.0,Technology,EDP Services,2021.0,Israel,1828016.0,Nasdaq,False,False,,
DJCO,Daily Journal Corp. (S.C.) Common Stock,850940478.0,Consumer Discretionary,Newspapers/Magazines,,United States,783412.0,Nasdaq,False,True,2135.0,r2000
LUCK,Lucky Strike Entertainment Corporation Class A Common Stock,850686845.0,Consumer Discretionary,Services-Misc. Amusement & Recreation,2021.0,United States,1840572.0,NYSE,False,True,2136.0,r2000
WOOF,Petco Health and Wellness Company Inc. Class A Common Stock,850426369.0,Consumer Discretionary,Other Specialty Stores,2021.0,United States,1826470.0,Nasdaq,False,True,2137.0,r2000
BLMN,Bloomin' Brands Inc. Common Stock,850215706.0,Consumer Discretionary,Restaurants,2012.0,United States,1546417.0,Nasdaq,False,True,2138.0,r2000
ROOT,Root Inc. Class A Common Stock,850114737.0,Finance,Property-Casualty Insurers,2020.0,United States,1788882.0,Nasdaq,False,True,2139.0,r2000
CVLG,Covenant Logistics Group Inc. Class A Common Stock,849901785.0,Industrials,Trucking Freight/Courier Services,,United States,928658.0,NYSE,False,True,2140.0,r2000
FTK,Flotek Industries Inc. Common Stock,846471426.0,Industrials,Major Chemicals,,United States,928054.0,NYSE,False,True,2141.0,r2000
SKYH,Sky Harbour Group Corporation Class A Common Stock,844865408.0,Finance,Real Estate,2022.0,United States,1823587.0,NYSE,False,True,2142.0,r2000
GSM,Ferroglobe PLC Ordinary Shares,844609537.0,Basic Materials,Metal Mining,,United Kingdom,1639877.0,Nasdaq,False,False,,
EGBN,Eagle Bancorp Inc. Common Stock,844406052.0,Finance,Major Banks,,United States,1050441.0,Nasdaq,False,True,2143.0,r2000
SABR,Sabre Corporation Common Stock,843488917.0,Technology,Computer Software: Programming Data Processing,2014.0,United States,1597033.0,Nasdaq,False,True,2144.0,r2000
MTAL,Metals Acquisition Corp. II Class A Ordinary Shares,842761987.0,Basic Materials,Metal Mining,2026.0,,2107724.0,NYSE,False,False,,
SPFI,South Plains Financial Inc. Common Stock,839847301.0,Finance,Major Banks,2019.0,United States,1163668.0,Nasdaq,False,True,2145.0,r2000
ANGX,Angel Studios Inc. Class A Common Stock,838535872.0,Consumer Discretionary,Movies/Entertainment,2025.0,United States,1865200.0,NYSE,False,True,2146.0,r2000
ADBT,Advasa Holdings Inc. Common Stock,837753007.0,Technology,Computer Software: Prepackaged Software,,Japan,2084227.0,Nasdaq,False,False,,
APEI,American Public Education Inc. Common Stock,837295592.0,Real Estate,Other Consumer Services,2007.0,United States,1201792.0,Nasdaq,False,True,2147.0,r2000
AVR,Anteris Technologies Global Corp. Common Stock,837168292.0,Health Care,Industrial Specialties,2024.0,United States,2011514.0,Nasdaq,False,True,2148.0,r2000
KELYB,Kelly Services Inc. Class B Common Stock,837039826.0,Consumer Discretionary,Professional Services,,United States,55135.0,Nasdaq,False,True,2149.0,r2000
YALA,Yalla Group Limited American Depositary Shares each representing one Class A Ordinary Share,835059429.0,Technology,Computer Software: Programming Data Processing,2020.0,United Arab Emirates,1794350.0,NYSE,False,False,,
BTGO,BitGo Holdings Inc. Class A Common Stock,831047548.0,Finance,Finance: Consumer Services,2026.0,United States,1740604.0,NYSE,False,True,2150.0,r2000
LXU,LSB Industries Inc. Common Stock,830851196.0,Basic Materials,Major Chemicals,2003.0,United States,60714.0,NYSE,False,True,2151.0,r2000
IQ,iQIYI Inc. American Depositary Shares,830017775.0,Consumer Discretionary,Consumer Electronics/Video Chains,2018.0,China,1722608.0,Nasdaq,False,False,,
ALRS,Alerus Financial Corporation Common Stock,829526858.0,Finance,Major Banks,2019.0,United States,903419.0,Nasdaq,False,True,2152.0,r2000
ORRF,Orrstown Financial Services Inc. Common Stock,829074736.0,Finance,Major Banks,,United States,826154.0,Nasdaq,False,True,2153.0,r2000
HDL,SUPER HI INTERNATIONAL HOLDING LTD. American Depositary Shares,827830627.0,Consumer Discretionary,Restaurants,2024.0,Singapore,1995306.0,Nasdaq,False,False,,
INDI,indie Semiconductor Inc. Class A Common Stock,827557712.0,Technology,Semiconductors,,United States,1841925.0,Nasdaq,False,True,2154.0,r2000
FDMT,4D Molecular Therapeutics Inc. Common Stock,825348512.0,Health Care,Biotechnology: Biological Products (No Diagnostic Substances),2020.0,United States,1650648.0,Nasdaq,False,True,2155.0,r2000
HSHP,Himalaya Shipping Ltd. Common Shares,825137500.0,Consumer Discretionary,Marine Transportation,2023.0,,1959455.0,NYSE,False,False,,
AHCO,AdaptHealth Corp. Common Stock,823518944.0,Health Care,Medical/Nursing Services,2018.0,United States,1725255.0,Nasdaq,False,True,2156.0,r2000
HTZ,Hertz Global Holdings Inc Common Stock,823402718.0,Consumer Discretionary,Rental/Leasing Companies,,United States,1657853.0,Nasdaq,False,True,2157.0,r2000
PSIX,Power Solutions International Inc. Common Stock,823205911.0,Industrials,Industrial Machinery/Components,,United States,1137091.0,Nasdaq,False,True,2158.0,r2000
TXO,TXO Partners L.P. Common Units Representing Limited Partner Interests,822824680.0,Energy,Oil & Gas Production,2023.0,United States,1559432.0,NYSE,False,True,2159.0,r2000
ODD,ODDITY Tech Ltd. Class A Ordinary Shares,820955366.0,Consumer Discretionary,Package Goods/Cosmetics,2023.0,Israel,1907085.0,Nasdaq,False,False,,
TROX,Tronox Holdings plc Ordinary Shares (UK),817664148.0,Basic Materials,Major Chemicals,,United States,1530804.0,NYSE,False,True,2160.0,r2000
VPG,Vishay Precision Group Inc. Common Stock,817208381.0,Technology,Electrical Products,,United States,1487952.0,NYSE,False,True,2161.0,r2000
BLZE,Backblaze Inc. Class A Common Stock,817080000.0,Technology,Computer Software: Prepackaged Software,2021.0,United States,1462056.0,Nasdaq,False,True,2162.0,r2000
BBSI,Barrett Business Services Inc. Common Stock,816967918.0,Consumer Discretionary,Professional Services,1993.0,United States,902791.0,Nasdaq,False,True,2163.0,r2000
IBCP,Independent Bank Corporation Common Stock,815824091.0,Finance,Major Banks,,United States,39311.0,Nasdaq,False,True,2164.0,r2000
DC,Dakota Gold Corp. Common Stock,813088325.0,Basic Materials,Metal Mining,2022.0,United States,1852353.0,NYSE,False,True,2165.0,r2000
FINV,FinVolution Group American Depositary Shares,812163367.0,Finance,Finance: Consumer Services,2017.0,United States,1691445.0,NYSE,False,True,2166.0,r2000
MTUS,Metallus Inc. Common Shares,811991474.0,Industrials,Steel/Iron Ore,2014.0,United States,1598428.0,NYSE,False,True,2167.0,r2000
CTMX,CytomX Therapeutics Inc. Common Stock,810585336.0,Health Care,Biotechnology: Pharmaceutical Preparations,2015.0,United States,1501989.0,Nasdaq,False,True,2168.0,r2000
MITK,Mitek Systems Inc. Common Stock,810397837.0,Technology,Computer peripheral equipment,,United States,807863.0,Nasdaq,False,True,2169.0,r2000
MOMO,Hello Group Inc. American Depositary Shares,810394494.0,Technology,Computer Software: Prepackaged Software,2014.0,China,1610601.0,Nasdaq,False,False,,
SUPV,Grupo Supervielle S.A. American Depositary Shares each Representing five Class B shares,809311951.0,Finance,Commercial Banks,2016.0,,1517399.0,NYSE,False,False,,
SWIM,Latham Group Inc. Common Stock,808228611.0,Industrials,Plastic Products,2021.0,United States,1833197.0,Nasdaq,False,True,2170.0,r2000
BFS,Saul Centers Inc. Common Stock,806766177.0,Real Estate,Real Estate Investment Trusts,1993.0,United States,907254.0,NYSE,False,True,2171.0,r2000
OBE,Obsidian Energy Ltd. Common Shares,806044886.0,Energy,Oil & Gas Production,2022.0,Canada,1334388.0,NYSE,False,False,,
PGC,Peapack-Gladstone Financial Corporation Common Stock,805558139.0,Finance,Commercial Banks,,United States,1050743.0,Nasdaq,False,True,2172.0,r2000
DBVT,DBV Technologies S.A. American Depositary Shares,805481106.0,Health Care,Biotechnology: Biological Products (No Diagnostic Substances),2014.0,France,1613780.0,Nasdaq,False,False,,
RJET,Republic Airways Holdings Inc. Common Stock,804827205.0,Consumer Discretionary,Air Freight/Delivery Services,2018.0,United States,810332.0,Nasdaq,False,True,2173.0,r2000
FISI,Financial Institutions Inc. Common Stock,804807742.0,Finance,Major Banks,1999.0,United States,862831.0,Nasdaq,False,True,2174.0,r2000
SMBC,Southern Missouri Bancorp Inc. Common Stock,804251292.0,Finance,Banks,,United States,916907.0,Nasdaq,False,True,2175.0,r2000
CTO,CTO Realty Growth Inc. Common Stock,803313279.0,Real Estate,Real Estate Investment Trusts,1992.0,United States,23795.0,NYSE,False,True,2176.0,r2000
SG,Sweetgreen Inc. Class A Common Stock,801148050.0,Consumer Discretionary,Restaurants,2021.0,United States,1477815.0,NYSE,False,True,2177.0,r2000
TRNS,Transcat Inc. Common Stock,800825600.0,Industrials,Electrical Products,,United States,99302.0,Nasdaq,False,True,2178.0,r2000
CYRX,CryoPort Inc. Common Stock,799242798.0,Health Care,Biotechnology: Pharmaceutical Preparations,,United States,1124524.0,Nasdaq,False,True,2179.0,r2000
KOPN,Kopin Corporation Common Stock,797393514.0,Technology,Semiconductors,1992.0,United States,771266.0,Nasdaq,False,True,2180.0,r2000
GOOS,Canada Goose Holdings Inc. Subordinate Voting Shares,795942855.0,Consumer Discretionary,Apparel,2017.0,,1690511.0,NYSE,False,False,,
CGBD,Carlyle Secured Lending Inc. Common Stock,795380956.0,Finance,Finance: Consumer Services,2017.0,United States,1544206.0,Nasdaq,False,True,2181.0,r2000
APOG,Apogee Enterprises Inc. Common Stock,794247270.0,Consumer Discretionary,Auto Parts:O.E.M.,,United States,6845.0,Nasdaq,False,True,2182.0,r2000
UAMY,United States Antimony Corporation Common Stock,791751041.0,Industrials,Metal Fabrications,,United States,101538.0,NYSE,False,True,2183.0,r2000
PUBM,PubMatic Inc. Class A Common Stock,791660060.0,Technology,Computer Software: Programming Data Processing,2020.0,United States,1422930.0,Nasdaq,False,True,2184.0,r2000
COLL,Collegium Pharmaceutical Inc. Common Stock,791101396.0,Health Care,Biotechnology: Pharmaceutical Preparations,2015.0,United States,1267565.0,Nasdaq,False,True,2185.0,r2000
PHAR,Pharming Group N.V. ADS each representing 10 ordinary shares,791002576.0,Health Care,Biotechnology: Pharmaceutical Preparations,,Netherlands,1828316.0,Nasdaq,False,False,,
LINC,Lincoln Educational Services Corporation Common Stock,785423820.0,Real Estate,Other Consumer Services,2005.0,United States,1286613.0,Nasdaq,False,True,2186.0,r2000
BAK,Braskem SA ADR,785249716.0,Industrials,Major Chemicals,,Brazil,1071438.0,NYSE,False,False,,
HTB,HomeTrust Bancshares Inc. Common Stock,785247187.0,Finance,Savings Institutions,,United States,1538263.0,NYSE,False,True,2187.0,r2000
MNPR,Monopar Therapeutics Inc. Common Stock,780491360.0,Health Care,Biotechnology: Pharmaceutical Preparations,2019.0,United States,1645469.0,Nasdaq,False,True,2188.0,r2000
NVCT,Nuvectis Pharma Inc. Common Stock,780128459.0,Health Care,Biotechnology: Pharmaceutical Preparations,2022.0,United States,1875558.0,Nasdaq,False,True,2189.0,r2000
WLKP,Westlake Chemical Partners LP Common Units representing limited partner interests,779286385.0,Industrials,Major Chemicals,2014.0,United States,1604665.0,NYSE,False,True,2190.0,r2000
LWLG,Lightwave Logic Inc. Common Stock,778544638.0,Industrials,Containers/Packaging,,United States,1325964.0,Nasdaq,False,True,2191.0,r2000
AURA,Aura Biosciences Inc. Common Stock,777786068.0,Health Care,Biotechnology: Biological Products (No Diagnostic Substances),2021.0,United States,1501796.0,Nasdaq,False,True,2192.0,r2000
VREX,Varex Imaging Corporation Common Stock,777587000.0,Technology,Industrial Machinery/Components,,United States,1681622.0,Nasdaq,False,True,2193.0,r2000
PAR,PAR Technology Corporation Common Stock,775550775.0,Miscellaneous,Office Equipment/Supplies/Services,,United States,708821.0,NYSE,False,True,2194.0,r2000
GROY,Gold Royalty Corp. Common Shares,775518915.0,Basic Materials,Precious Metals,2021.0,Canada,1834026.0,NYSE,False,False,,
EVC,Entravision Communications Corporation Common Stock,775221762.0,Industrials,Broadcasting,2000.0,United States,1109116.0,NYSE,False,True,2195.0,r2000
GFR,Greenfire Resources Ltd. Common Shares,773894024.0,Energy,Oil & Gas Production,,Canada,1966287.0,NYSE,False,False,,
SHBI,Shore Bancshares Inc Common Stock,771233298.0,Finance,Major Banks,,United States,1035092.0,Nasdaq,False,True,2196.0,r2000
HNRG,Hallador Energy Company Common Stock,770793887.0,Utilities,Electric Utilities: Central,,United States,788965.0,Nasdaq,False,True,2197.0,r2000
EVEX,Eve Holding Inc. Common Stock,770154796.0,Industrials,Aerospace,2022.0,United States,1823652.0,NYSE,False,True,2198.0,r2000
IVR,INVESCO MORTGAGE CAPITAL INC Common Stock,768552577.0,Real Estate,Real Estate Investment Trusts,2009.0,United States,1437071.0,NYSE,False,True,2199.0,r2000
MAX,MediaAlpha Inc. Class A Common Stock,767637644.0,Consumer Discretionary,Business Services,2020.0,United States,1818383.0,NYSE,False,True,2200.0,r2000
NGNE,Neurogene Inc. Common Stock ,767636614.0,Health Care,Biotechnology: Pharmaceutical Preparations,2014.0,Canada,1404644.0,Nasdaq,False,False,,
BCSF,Bain Capital Specialty Finance Inc. Common Stock,767394438.0,Finance,Finance/Investors Services,2018.0,United States,1655050.0,NYSE,False,True,2201.0,r2000
RXT,Rackspace Technology Inc. Common Stock,767167279.0,Technology,Computer Software: Programming Data Processing,2020.0,United States,1810019.0,Nasdaq,False,True,2202.0,r2000
RILYN,BRC Group Holdings Inc. 6.50% Senior Notes Due 2026,767001210.0,Finance,Investment Managers,,United States,1464790.0,Nasdaq,False,True,2203.0,r2000
VLRS,Controladora Vuela Compania de Aviacion S.A.B. de C.V. American Depositary Shares each representing ten (10) Ordinary Participation Certificates,766893079.0,Consumer Discretionary,Air Freight/Delivery Services,2013.0,,1520504.0,NYSE,False,False,,
WHK,WhiteHawk Minerals Corp Class A Common Stock,766589874.0,Energy,Oil & Gas Production,2026.0,,1921603.0,NYSE,False,False,,
GRPN,Groupon Inc. Common Stock,765727524.0,Consumer Discretionary,Advertising,2011.0,United States,1490281.0,Nasdaq,False,True,2204.0,r2000
WEST,Westrock Coffee Company Common Stock,765398714.0,Consumer Staples,Beverages (Production/Distribution),,United States,1806347.0,Nasdaq,False,True,2205.0,r2000
LOT,Lotus Technology Inc. American Depositary Shares,764086951.0,Industrials,Auto Manufacturing,,China,1962746.0,Nasdaq,False,False,,
GILT,Gilat Satellite Networks Ltd. Ordinary Shares,763765994.0,Technology,Radio And Television Broadcasting And Communications Equipment,,Israel,897322.0,Nasdaq,False,False,,
SMWB,Similarweb Ltd. Ordinary Shares,761826120.0,Technology,Computer Software: Programming Data Processing,2021.0,,1842731.0,NYSE,False,False,,
GPRK,Geopark Ltd Common Shares,758631353.0,Energy,Oil & Gas Production,2014.0,Bermuda,1464591.0,NYSE,False,False,,
GDOT,Green Dot Corporation Class A Common Stock $0.001 par value,757902881.0,Finance,Finance: Consumer Services,2010.0,United States,1386278.0,NYSE,False,True,2206.0,r2000
ESRT,Empire State Realty Trust Inc. Class A Common Stock,755807173.0,Real Estate,Real Estate Investment Trusts,2013.0,United States,1541401.0,NYSE,False,True,2207.0,r2000
WASH,Washington Trust Bancorp Inc. Common Stock,752672707.0,Finance,Major Banks,,United States,737468.0,Nasdaq,False,True,2208.0,r2000
GLAS,Glass House Brands Inc. Subordinate Voting Shares,752382763.0,Health Care, Medicinal Chemicals and Botanical Products ,,,1848731.0,NYSE,False,False,,
MOV,Movado Group Inc. Common Stock,751922657.0,Consumer Discretionary,Consumer Specialties,,United States,72573.0,NYSE,False,True,2209.0,r2000
MITN,TPG Mortgage Investment Trust Inc. 9.500% Senior Notes due 2029,751776162.0,Real Estate,Real Estate Investment Trusts,2024.0,United States,1514281.0,NYSE,False,True,2210.0,r2000
NABL,N-able Inc. Common Stock,749957019.0,Technology,Computer Software: Prepackaged Software,2021.0,United States,1834488.0,NYSE,False,True,2211.0,r2000
PHAT,Phathom Pharmaceuticals Inc. Common Stock,749142649.0,Health Care,Biotechnology: Pharmaceutical Preparations,2019.0,United States,1783183.0,Nasdaq,False,True,2212.0,r2000
ASMB,Assembly Biosciences Inc. Common Stock,747641085.0,Health Care,Biotechnology: Pharmaceutical Preparations,2010.0,United States,1426800.0,Nasdaq,False,True,2213.0,r2000
FWRG,First Watch Restaurant Group Inc. Common Stock,747337588.0,Consumer Discretionary,Restaurants,2021.0,United States,1789940.0,Nasdaq,False,True,2214.0,r2000
FPH,Five Point Holdings LLC Class A Common Shares,746792303.0,Finance,Real Estate,2017.0,United States,1574197.0,NYSE,False,True,2215.0,r2000
TCBX,Third Coast Bancshares Inc. Common Stock,746642305.0,Finance,Banks,,United States,1781730.0,NYSE,False,True,2216.0,r2000
OFRM,Once Upon a Farm PBC Common Stock,746593810.0,Consumer Staples,Packaged Foods,2026.0,,1696556.0,NYSE,False,False,,
RPD,Rapid7 Inc. Common Stock,746125085.0,Technology,Computer Software: Prepackaged Software,2015.0,United States,1560327.0,Nasdaq,False,True,2217.0,r2000
HIVE,HIVE Digital Technologies Ltd. Common Shares,746034359.0,Finance,Finance: Consumer Services,,Canada,1720424.0,Nasdaq,False,False,,
PZZA,Papa John's International Inc. Common Stock,745017777.0,Consumer Discretionary,Restaurants,1993.0,United States,901491.0,Nasdaq,False,True,2218.0,r2000
AOSL,Alpha and Omega Semiconductor Limited Common Shares,744982858.0,Technology,Semiconductors,2010.0,Bermuda,1387467.0,Nasdaq,False,False,,
FDUS,Fidus Investment Corporation Common Stock,743905534.0,Finance,Finance/Investors Services,2011.0,United States,1513363.0,Nasdaq,False,True,2219.0,r2000
VTS,Vitesse Energy Inc. Common Stock,741878066.0,Energy,Oil & Gas Production,2023.0,United States,1944558.0,NYSE,False,True,2220.0,r2000
CCB,Coastal Financial Corporation Common Stock,741692586.0,Finance,Major Banks,2018.0,United States,1437958.0,Nasdaq,False,True,2221.0,r2000
HELP,Cybin Inc. Common Stock,740709732.0,Health Care,Biotechnology: Pharmaceutical Preparations,,Canada,1833141.0,Nasdaq,False,False,,
CEVA,CEVA Inc. Common Stock,739044390.0,Technology,Computer Software: Programming Data Processing,,United States,1173489.0,Nasdaq,False,True,2222.0,r2000
TASK,TaskUs Inc. Class A Common Stock,738997389.0,Technology,EDP Services,2021.0,United States,1829864.0,Nasdaq,False,True,2223.0,r2000
BWMN,Bowman Consulting Group Ltd. Common Stock,738492811.0,Consumer Discretionary,Professional Services,2021.0,United States,1847590.0,Nasdaq,False,True,2224.0,r2000
CSHR,CoinShares PLC Ordinary Shares,737969170.0,Finance,Investment Bankers/Brokers/Service,,Jersey,2087587.0,Nasdaq,False,False,,
ASC,Ardmore Shipping Corporation Common Stock,737303235.0,Consumer Discretionary,Marine Transportation,2013.0,,1577437.0,NYSE,False,False,,
PFLT,PennantPark Floating Rate Capital Ltd. Common Stock,737188967.0,Finance,Finance: Consumer Services,2022.0,United States,1504619.0,NYSE,False,True,2225.0,r2000
TRON,Tron Inc. Common Stock,735292199.0,Finance,Finance: Consumer Services,2023.0,United States,1956744.0,Nasdaq,False,True,2226.0,r2000
OABI,OmniAb Inc. Common Stock,732767606.0,Health Care,Biotechnology: Commercial Physical & Biological Resarch,2021.0,United States,1846253.0,Nasdaq,False,True,2227.0,r2000
PHR,Phreesia Inc. Common Stock,732470885.0,Consumer Discretionary,Business Services,2019.0,United States,1412408.0,NYSE,False,True,2228.0,r2000
MLAB,Mesa Laboratories Inc. Common Stock,731100285.0,Industrials,Industrial Machinery/Components,,United States,724004.0,Nasdaq,False,True,2229.0,r2000
LYTS,LSI Industries Inc. Common Stock,730943964.0,Consumer Discretionary,Building Products,1985.0,United States,763532.0,Nasdaq,False,True,2230.0,r2000
ENVX,Enovix Corporation Common Stock,730763622.0,Miscellaneous,Industrial Machinery/Components,2021.0,United States,1828318.0,Nasdaq,False,True,2231.0,r2000
ZVRA,Zevra Therapeutics Inc. Common Stock,730420506.0,Health Care,Biotechnology: Pharmaceutical Preparations,,United States,1434647.0,Nasdaq,False,True,2232.0,r2000
MTW,Manitowoc Company Inc. (The) Common Stock,729173013.0,Industrials,Construction/Ag Equipment/Trucks,,United States,61986.0,NYSE,False,True,2233.0,r2000
IRWD,Ironwood Pharmaceuticals Inc. Class A Common Stock,728708166.0,Health Care,Biotechnology: Pharmaceutical Preparations,2010.0,United States,1446847.0,Nasdaq,False,True,2234.0,r2000
AHG,Akso Health Group ADS,728198550.0,Consumer Discretionary,Business Services,2017.0,China,1702318.0,Nasdaq,False,False,,
SCHL,Scholastic Corporation Common Stock,728057290.0,Consumer Discretionary,Books,1992.0,United States,866729.0,Nasdaq,False,True,2235.0,r2000
SATL,Satellogic Inc. Class A Common Stock,727189779.0,Technology,Radio And Television Broadcasting And Communications Equipment,,Uruguay,1874315.0,Nasdaq,False,False,,
MAMA,Mama's Creations Inc. Common Stock,726752658.0,Consumer Staples,Specialty Foods,,United States,1520358.0,Nasdaq,False,True,2236.0,r2000
VSTM,Verastem Inc. Common Stock,726318797.0,Health Care,Biotechnology: Pharmaceutical Preparations,2012.0,United States,1526119.0,Nasdaq,False,True,2237.0,r2000
IPX,IperionX Limited American Depositary Share,723906221.0,Basic Materials,Other Metals and Minerals,,United States,1898601.0,Nasdaq,False,True,2238.0,r2000
NIE,Virtus Equity & Convertible Income Fund Common Shares of Beneficial Interest,722372718.0,Finance,Investment Managers,2007.0,United States,1383441.0,NYSE,False,True,2239.0,r2000
NEWTP,NewtekOne Inc. Depositary Shares Non-Cumulative Perpetual Preferred Stock Series B,722121163.0,Finance,Major Banks,,United States,1587987.0,Nasdaq,False,True,2240.0,r2000
PSTL,Postal Realty Trust Inc. Class A Common Stock,721435621.0,Real Estate,Real Estate Investment Trusts,2019.0,United States,1759774.0,NYSE,False,True,2241.0,r2000
CASS,Cass Information Systems Inc Common Stock,720473943.0,Consumer Discretionary,Business Services,,United States,708781.0,Nasdaq,False,True,2242.0,r2000
AROW,Arrow Financial Corporation Common Stock,719090927.0,Finance,Major Banks,,United States,717538.0,Nasdaq,False,True,2243.0,r2000
KDK,Kodiak AI Inc. Common Stock ,716206867.0,Technology,EDP Services,,United States,1853138.0,Nasdaq,False,True,2244.0,r2000
VEL,Velocity Financial Inc. Common Stock,715798815.0,Finance,Finance: Consumer Services,2020.0,United States,1692376.0,NYSE,False,True,2245.0,r2000
ISOU,IsoEnergy Ltd. Common Shares,715697708.0,,,2025.0,,1997377.0,NYSE,False,False,,
GEGGL,Great Elm Group Inc.  7.25% Notes due 2027,715089764.0,Technology,Computer Software: Prepackaged Software,,United States,1831096.0,Nasdaq,False,True,2246.0,r2000
BBOT,BridgeBio Oncology Therapeutics Inc. Common Stock  ,712749234.0,Health Care,Biotechnology: Pharmaceutical Preparations,2024.0,United States,1869105.0,Nasdaq,False,True,2247.0,r2000
CWBC,Community West Bancshares Common Stock,711919487.0,Finance,Major Banks,,United States,1127371.0,Nasdaq,False,True,2248.0,r2000
TBLD,Thornburg Income Builder Opportunities Trust Common Stock,711896984.0,Finance,Investment Managers,2021.0,United States,1820378.0,Nasdaq,False,True,2249.0,r2000
NFGC,New Found Gold Corp Common Shares,711061466.0,Basic Materials,Precious Metals,2021.0,,1840616.0,NYSE,False,False,,
AAC,Ares Acquisition Corporation III Class A Ordinary Shares,710984898.0,Industrials,Metal Fabrications,2026.0,,2128115.0,NYSE,False,False,,
HPP,Hudson Pacific Properties Inc. Common Stock,709835132.0,Finance,Real Estate,2010.0,United States,1482512.0,NYSE,False,True,2250.0,r2000
GYRE,Gyre Therapeutics Inc. Common Stock,709202640.0,Health Care,Biotechnology: Pharmaceutical Preparations,2006.0,United States,1124105.0,Nasdaq,False,True,2251.0,r2000
PAYS,Paysign Inc. Common Stock,707470815.0,Technology,EDP Services,,United States,1496443.0,Nasdaq,False,True,2252.0,r2000
FBRT,Franklin BSP Realty Trust Inc. Common Stock,706716490.0,Real Estate,Real Estate Investment Trusts,2021.0,United States,1562528.0,NYSE,False,True,2253.0,r2000
SMC,Summit Midstream Corporation Common Stock,706112115.0,Utilities,Natural Gas Distribution,2012.0,United States,2024218.0,NYSE,False,True,2254.0,r2000
PRAA,PRA Group Inc. Common Stock,705900113.0,Finance,Finance Companies,2002.0,United States,1185348.0,Nasdaq,False,True,2255.0,r2000
PFIS,Peoples Financial Services Corp. Common Stock,705030148.0,Finance,Major Banks,,United States,1056943.0,Nasdaq,False,True,2256.0,r2000
SOPH,SOPHiA GENETICS SA Ordinary Shares,704858391.0,Technology,EDP Services,2021.0,Switzerland,1840706.0,Nasdaq,False,False,,
ALOY,REalloys Inc. Common Stock,704363825.0,Basic Materials,Metal Mining,,United States,1567900.0,Nasdaq,False,True,2257.0,r2000
ARRY,Array Technologies Inc. Common Stock,703815152.0,Technology,Semiconductors,2020.0,United States,1820721.0,Nasdaq,False,True,2258.0,r2000
DRUG,Bright Minds Biosciences Inc. Common Stock,701532018.0,Health Care,Biotechnology: Pharmaceutical Preparations,,Canada,1827401.0,Nasdaq,False,False,,
HOV,Hovnanian Enterprises Inc. Class A Common Stock,701419454.0,Consumer Discretionary,Homebuilding,1983.0,United States,357294.0,NYSE,False,True,2259.0,r2000
CWH,Camping World Holdings Inc. Class A Common Stock,701372480.0,Consumer Discretionary,Retail-Auto Dealers and Gas Stations,2016.0,United States,1669779.0,NYSE,False,True,2260.0,r2000
CARE,Carter Bankshares Inc. Common Stock,700601859.0,Finance,Major Banks,,United States,1829576.0,Nasdaq,False,True,2261.0,r2000
OCS,Oculis Holding AG Ordinary shares,696972945.0,Health Care,Biotechnology: Pharmaceutical Preparations,,Switzerland,1953530.0,Nasdaq,False,False,,
STTK,Shattuck Labs Inc. Common Stock,693510078.0,Health Care,Biotechnology: Pharmaceutical Preparations,2020.0,United States,1680367.0,Nasdaq,False,True,2262.0,r2000
KRNT,Kornit Digital Ltd. Ordinary Shares,693479859.0,Industrials,Industrial Machinery/Components,2015.0,Israel,1625791.0,Nasdaq,False,False,,
SLRC,SLR Investment Corp. Common Stock,692843852.0,Finance,Finance/Investors Services,2010.0,United States,1418076.0,Nasdaq,False,True,2263.0,r2000
BCAL,California BanCorp Common Stock,692201148.0,Finance,Major Banks,,United States,1795815.0,Nasdaq,False,True,2264.0,r2000
SLN,Silence Therapeutics Plc American Depository Share,692172000.0,Health Care,Biotechnology: Pharmaceutical Preparations,,United Kingdom,1479615.0,Nasdaq,False,False,,
GMRS,GMR Solutions Inc. Class A Common Stock,690937684.0,Consumer Discretionary,Transportation Services,2026.0,,1898718.0,NYSE,False,False,,
MSBI,Midland States Bancorp Inc. Common Stock,689385161.0,Finance,Major Banks,2016.0,United States,1466026.0,Nasdaq,False,True,2265.0,r2000
MATV,Mativ Holdings Inc. Common Stock,688772423.0,Basic Materials,Paper,,United States,1000623.0,NYSE,False,True,2266.0,r2000
CBIO,Crescent Biopharma Inc. Common Stock,688648648.0,Health Care,Biotechnology: Pharmaceutical Preparations,2014.0,United States,1253689.0,Nasdaq,False,True,2267.0,r2000
SPT,Sprout Social Inc Class A Common Stock,687115684.0,Technology,Computer Software: Prepackaged Software,2019.0,United States,1517375.0,Nasdaq,False,True,2268.0,r2000
TIPT,Tiptree Inc. Common Stock,685210333.0,Finance,Property-Casualty Insurers,,United States,1393726.0,Nasdaq,False,True,2269.0,r2000
CNNE,Cannae Holdings Inc. Common Stock,684879044.0,Consumer Discretionary,Restaurants,2017.0,United States,1704720.0,NYSE,False,True,2270.0,r2000
IMC,IMC Rare Earths Ltd Ordinary Shares,684201000.0,Basic Materials,Metal Mining,2026.0,,2098395.0,NYSE,False,False,,
ALLO,Allogene Therapeutics Inc. Common Stock,684071944.0,Health Care,Biotechnology: Biological Products (No Diagnostic Substances),2018.0,United States,1737287.0,Nasdaq,False,True,2271.0,r2000
CTEV,Claritev Corporation Class A Common Stock,681796436.0,Consumer Discretionary,Business Services,2020.0,United States,1793229.0,NYSE,False,True,2272.0,r2000
SSII,SS Innovations International Inc. Common Stock,681310479.0,Health Care,Medical/Dental Instruments,,India,1676163.0,Nasdaq,False,False,,
PKE,Park Aerospace Corp. Common Stock,681030416.0,Industrials,Military/Government/Technical,,United States,76267.0,NYSE,False,True,2273.0,r2000
GRNT,Granite Ridge Resources Inc. Common Stock,680605249.0,Energy,Oil & Gas Production,2022.0,United States,1928446.0,NYSE,False,True,2274.0,r2000
BSTZ,BlackRock Science and Technology Term Trust Common Shares of Beneficial Interest,679802224.0,Finance,Trusts Except Educational Religious and Charitable,2019.0,United States,1768666.0,NYSE,False,True,2275.0,r2000
RRBI,Red River Bancshares Inc. Common Stock,676911938.0,Finance,Major Banks,2019.0,United States,1071236.0,Nasdaq,False,True,2276.0,r2000
SGMT,Sagimet Biosciences Inc. Series A Common Stock,676886837.0,Health Care,Biotechnology: Pharmaceutical Preparations,2023.0,United States,1400118.0,Nasdaq,False,True,2277.0,r2000
EVO,Evotec SE American Depositary Shares,675935572.0,Health Care,Biotechnology: Pharmaceutical Preparations,2021.0,Germany,1412558.0,Nasdaq,False,False,,
VALN,Valneva SE American Depositary Shares,675585607.0,Health Care,Biotechnology: Biological Products (No Diagnostic Substances),2021.0,France,1836564.0,Nasdaq,False,False,,
BLDP,Ballard Power Systems Inc. Common Shares,675374547.0,Energy,Industrial Machinery/Components,,Canada,1453015.0,Nasdaq,False,False,,
AQST,Aquestive Therapeutics Inc. Common Stock,675252666.0,Health Care,Biotechnology: Pharmaceutical Preparations,2018.0,United States,1398733.0,Nasdaq,False,True,2278.0,r2000
SHEN,Shenandoah Telecommunications Co Common Stock,673995908.0,Telecommunications,Telecommunications Equipment,,United States,354963.0,Nasdaq,False,True,2279.0,r2000
AGMB,AgomAb Therapeutics NV American Depositary Shares,672727339.0,Health Care,Biotechnology: Biological Products (No Diagnostic Substances),2026.0,Belgium,2020932.0,Nasdaq,False,False,,
WYFI,WhiteFiber Inc. Ordinary Shares,672460923.0,Finance,Finance: Consumer Services,2025.0,United States,2042022.0,Nasdaq,False,True,2280.0,r2000
XFLT,XAI Floating Rate & Alternative Income Trust Common Shares of Beneficial Interest,671419311.0,Finance,Investment Managers,2017.0,United States,1703079.0,NYSE,False,True,2281.0,r2000
CRMD,CorMedix Inc. Common Stock,671100630.0,Health Care,Biotechnology: Pharmaceutical Preparations,,United States,1410098.0,Nasdaq,False,True,2282.0,r2000
NSLRL,Neostellar Capital Corp. 6.00% Notes due 2026,668184123.0,Finance,Finance: Consumer Services,,United States,1509470.0,Nasdaq,False,True,2283.0,r2000
BHB,Bar Harbor Bankshares Inc. Common Stock,667457645.0,Finance,Major Banks,1997.0,United States,743367.0,NYSE,False,True,2284.0,r2000
AGNT,AGNT Inc. Common Stock,666800569.0,Finance,Real Estate,,United States,1495932.0,Nasdaq,False,True,2285.0,r2000
HELE,Helen of Troy Limited Common Stock,665920024.0,Consumer Discretionary,Home Furnishings,,Bermuda,916789.0,Nasdaq,False,False,,
JBI,Janus International Group Inc. Common Stock,665806655.0,Industrials,Building Products,2021.0,United States,1839839.0,NYSE,False,True,2286.0,r2000
PRME,Prime Medicine Inc. Common Stock,665653062.0,Health Care,Biotechnology: Biological Products (No Diagnostic Substances),2022.0,United States,1894562.0,Nasdaq,False,True,2287.0,r2000
MDXG,MiMedx Group Inc Common Stock,663210129.0,Health Care,Medical/Dental Instruments,,United States,1376339.0,Nasdaq,False,True,2288.0,r2000
ACNB,ACNB Corporation Common Stock,663079436.0,Finance,Major Banks,,United States,715579.0,Nasdaq,False,True,2289.0,r2000
DLY,DoubleLine Yield Opportunities Fund Common Shares of Beneficial Interest,661651750.0,Finance,Investment Managers,2020.0,United States,1788399.0,NYSE,False,True,2290.0,r2000
NXP,Nuveen Select Tax Free Income Portfolio Common Stock,661271467.0,Finance,Trusts Except Educational Religious and Charitable,1992.0,United States,883618.0,NYSE,False,True,2291.0,r2000
LEGH,Legacy Housing Corporation Common Stock (TX),660415060.0,Consumer Discretionary,Homebuilding,2018.0,United States,1436208.0,Nasdaq,False,True,2292.0,r2000
FEIM,Frequency Electronics Inc. Common Stock,660256697.0,Industrials,Electrical Products,,United States,39020.0,Nasdaq,False,True,2293.0,r2000
THM,International Tower Hill Mines Ltd. Ordinary Shares (Canada),659326432.0,Basic Materials,Metal Mining,,Canada,1134115.0,NYSE,False,False,,
FOF,Cohen & Steers Closed-End Opportunity Fund Inc. Common Stock,657474843.0,Finance,Investment Managers,2006.0,United States,1375340.0,NYSE,False,True,2294.0,r2000
YEXT,Yext Inc. Common Stock,656625160.0,Technology,EDP Services,2017.0,United States,1614178.0,NYSE,False,True,2295.0,r2000
CTGO,Contango Silver & Gold Inc. Common Stock,655771951.0,Basic Materials,Precious Metals,2021.0,United States,1502377.0,NYSE,False,True,2296.0,r2000
JKS,JinkoSolar Holding Company Limited American Depositary Shares (each representing 4 Common Shares),652532542.0,Technology,Semiconductors,2010.0,China,1481513.0,NYSE,False,False,,
SSYS,Stratasys Ltd. Ordinary Shares (Israel),652326120.0,Technology,Computer peripheral equipment,1994.0,United States,1517396.0,Nasdaq,False,True,2297.0,r2000
KRNY,Kearny Financial Corp Common Stock,651890995.0,Finance,Savings Institutions,2005.0,United States,1617242.0,Nasdaq,False,True,2298.0,r2000
MATW,Matthews International Corporation Class A Common Stock,650170394.0,Telecommunications,Metal Fabrications,1994.0,United States,63296.0,Nasdaq,False,True,2299.0,r2000
CTNM,Contineum Therapeutics Inc. Class A Common Stock,648588316.0,Health Care,Biotechnology: Pharmaceutical Preparations,2024.0,United States,1855175.0,Nasdaq,False,True,2300.0,r2000
VINP,Vinci Compass Investments Ltd. Class A Common Shares,647678770.0,Finance,Investment Managers,2021.0,Brazil,1826286.0,Nasdaq,False,False,,
PKOH,Park-Ohio Holdings Corp. Common Stock,647558547.0,Industrials,Industrial Specialties,,United States,76282.0,Nasdaq,False,True,2301.0,r2000
RSVR,Reservoir Media Inc. Common Stock,646121281.0,Consumer Discretionary,Services-Misc. Amusement & Recreation,2021.0,United States,1824403.0,Nasdaq,False,True,2302.0,r2000
EGY,VAALCO Energy Inc.  Common Stock,645877517.0,Energy,Oil & Gas Production,,United States,894627.0,NYSE,False,True,2303.0,r2000
ANGO,AngioDynamics Inc. Common Stock,645611916.0,Health Care,Medical/Dental Instruments,2004.0,United States,1275187.0,Nasdaq,False,True,2304.0,r2000
NRGV,Energy Vault Holdings Inc. Common Stock,645530474.0,Miscellaneous,Industrial Machinery/Components,2021.0,United States,1828536.0,NYSE,False,True,2305.0,r2000
ENRD,Einride AB American Depositary Shares,642978005.0,Technology,EDP Services,,Sweden,2095096.0,Nasdaq,False,False,,
NVRI,Enviri Corporation Common Stock,642452812.0,Miscellaneous,Diversified Commercial Services,2026.0,,2104052.0,NYSE,False,False,,
MEI,Methode Electronics Inc. Common Stock,642039689.0,Technology,Electrical Products,,United States,65270.0,NYSE,False,True,2306.0,r2000
CARS,Cars.com Inc. Common Stock ,641857241.0,Technology,EDP Services,2017.0,United States,1683606.0,NYSE,False,True,2307.0,r2000
VMO,Invesco Municipal Opportunity Trust Common Stock,638663287.0,Finance,Trusts Except Educational Religious and Charitable,,United States,884152.0,NYSE,False,True,2308.0,r2000
VRRM,Verra Mobility Corporation Class A Common Stock,638327777.0,Consumer Discretionary,Transportation Services,2017.0,United States,1682745.0,Nasdaq,False,True,2309.0,r2000
ALT,Altimmune Inc. Common Stock,638018059.0,Health Care,Biotechnology: Pharmaceutical Preparations,,United States,1326190.0,Nasdaq,False,True,2310.0,r2000
NRDS,NerdWallet Inc. Class A Common Stock,637953277.0,Technology,EDP Services,2021.0,United States,1625278.0,Nasdaq,False,True,2311.0,r2000
RMT,Royce Micro-Cap Trust Inc. Common Stock,637125603.0,Finance,Investment Managers,,United States,912147.0,NYSE,False,True,2312.0,r2000
GDYN,Grid Dynamics Holdings Inc. Class A Common Stock,636846016.0,Technology,Computer Software: Prepackaged Software,2018.0,United States,1743725.0,Nasdaq,False,True,2313.0,r2000
HYLN,Hyliion Holdings Corp. Class A Common Stock,635806096.0,Consumer Discretionary,Construction/Ag Equipment/Trucks,2019.0,United States,1759631.0,NYSE,False,True,2314.0,r2000
VLGEA,Village Super Market Inc. Class A Common Stock,635179069.0,Consumer Staples,Food Chains,,United States,103595.0,Nasdaq,False,True,2315.0,r2000
DDI,DoubleDown Interactive Co. Ltd. American Depository Shares,633788498.0,Technology,EDP Services,2021.0,South Korea,1799567.0,Nasdaq,False,False,,
RGNX,REGENXBIO Inc. Common Stock,633726643.0,Health Care,Biotechnology: Biological Products (No Diagnostic Substances),2015.0,United States,1590877.0,Nasdaq,False,True,2316.0,r2000
YB,Yuanbao Inc. American Depositary Shares,631759556.0,Finance,Specialty Insurers,2025.0,China,1995520.0,Nasdaq,False,False,,
ETD,Ethan Allen Interiors Inc. Common Stock,628779037.0,Consumer Discretionary,Home Furnishings,,United States,896156.0,NYSE,False,True,2317.0,r2000
UROY,Uranium Royalty Corp. Common Stock,628409955.0,Finance,Investment Bankers/Brokers/Service,,Canada,2143673.0,Nasdaq,False,False,,
ARVN,Arvinas Inc. Common Stock,627053572.0,Health Care,Biotechnology: Pharmaceutical Preparations,2018.0,United States,1655759.0,Nasdaq,False,True,2318.0,r2000
MLR,Miller Industries Inc. Common Stock,626981122.0,Consumer Discretionary,Construction/Ag Equipment/Trucks,,United States,924822.0,NYSE,False,True,2319.0,r2000
BMM,Blue Moon Metals Inc. Common Shares,624983486.0,,,,Canada,1732379.0,Nasdaq,False,False,,
VBNK,VersaBank Common Shares,624980615.0,Finance,Commercial Banks,,Canada,1690639.0,Nasdaq,False,False,,
RMR,The RMR Group Inc. Class A Common Stock,624922802.0,Consumer Discretionary,Professional Services,,United States,1644378.0,Nasdaq,False,True,2320.0,r2000
ENHA,Enhanced Group Inc. Class A Common Stock,624694178.0,Consumer Discretionary,Services-Misc. Amusement & Recreation,,Singapore,1956439.0,NYSE,False,False,,
FBIOP,Fortress Biotech Inc. 9.375% Series A Cumulative Redeemable Perpetual Preferred Stock,624330589.0,Health Care,Biotechnology: Pharmaceutical Preparations,,United States,1429260.0,Nasdaq,False,True,2321.0,r2000
INN,Summit Hotel Properties Inc. Common Stock,623393016.0,Real Estate,Real Estate Investment Trusts,2011.0,United States,1497645.0,NYSE,False,True,2322.0,r2000
DCBO,Docebo Inc. Common Shares,622984239.0,Technology,Computer Software: Prepackaged Software,,Canada,1829959.0,Nasdaq,False,False,,
VTEX,VTEX Class A Common Shares,622776524.0,Technology,Computer Software: Prepackaged Software,2021.0,United Kingdom,1793663.0,NYSE,False,False,,
NCDL,Nuveen Churchill Direct Lending Corp. Common Stock,622277019.0,,,2024.0,United States,1737924.0,NYSE,False,True,2323.0,r2000
CGNT,Cognyte Software Ltd. Ordinary Shares,622241208.0,Technology,Computer Software: Prepackaged Software,,Israel,1824814.0,Nasdaq,False,False,,
NGVC,Natural Grocers by Vitamin Cottage Inc. Common Stock,622237977.0,Consumer Staples,Food Chains,2012.0,United States,1547459.0,NYSE,False,True,2324.0,r2000
STLN,Starling Oncology Inc. Common Stock,620669140.0,Health Care,Medical/Nursing Services,2020.0,United States,1799191.0,Nasdaq,False,True,2325.0,r2000
OOMA,Ooma Inc. Common Stock,619575000.0,Technology,EDP Services,2015.0,United States,1327688.0,NYSE,False,True,2326.0,r2000
MG,Mistras Group Inc Common Stock,617569425.0,Consumer Discretionary,Military/Government/Technical,2009.0,United States,1436126.0,NYSE,False,True,2327.0,r2000
OPFI,OppFi Inc. Class A Common Stock,616907708.0,Finance,Finance: Consumer Services,2020.0,United States,1818502.0,NYSE,False,True,2328.0,r2000
EIKN,Eikon Therapeutics Inc. Common Stock,616398041.0,Health Care,Biotechnology: Biological Products (No Diagnostic Substances),2026.0,United States,1861123.0,Nasdaq,False,True,2329.0,r2000
NXRT,NexPoint Residential Trust Inc. Common Stock,615750493.0,Real Estate,Real Estate Investment Trusts,2015.0,United States,1620393.0,NYSE,False,True,2330.0,r2000
CCSI,Consensus Cloud Solutions Inc. Common Stock,615534130.0,Technology,Computer Software: Prepackaged Software,,United States,1866633.0,Nasdaq,False,True,2331.0,r2000
HNST,The Honest Company Inc. Common Stock,613666648.0,Consumer Discretionary,Catalog/Specialty Distribution,2021.0,United States,1530979.0,Nasdaq,False,True,2332.0,r2000
ADTN,ADTRAN Holdings Inc. Common Stock,612740181.0,Utilities,Telecommunications Equipment,1994.0,United States,926282.0,Nasdaq,False,True,2333.0,r2000
BWMX,Betterware de Mexico S.A.P.I. de C.V. Ordinary Shares,612018322.0,Consumer Discretionary,Catalog/Specialty Distribution,,Mexico,1788257.0,NYSE,False,False,,
CLDT,Chatham Lodging Trust (REIT) Common Shares of Beneficial Interest,611872168.0,Real Estate,Real Estate Investment Trusts,2010.0,United States,1476045.0,NYSE,False,True,2334.0,r2000
BME,Blackrock Health Sciences Trust,610652224.0,Finance,Trusts Except Educational Religious and Charitable,2005.0,United States,1314966.0,NYSE,False,True,2335.0,r2000
CTKB,Cytek Biosciences Inc. Common Stock,609621457.0,Industrials,Biotechnology: Laboratory Analytical Instruments,2021.0,United States,1831915.0,Nasdaq,False,True,2336.0,r2000
ONT,Onterris Inc. Common Stock,608584958.0,Consumer Discretionary,Professional Services,2020.0,United States,1643615.0,NYSE,False,True,2337.0,r2000
RGR,Sturm Ruger & Company Inc. Common Stock,606854163.0,Industrials,Ordnance And Accessories,,United States,95029.0,NYSE,False,True,2338.0,r2000
ALTI,AlTi Global Inc. Class A Common Stock,606619950.0,Finance,Investment Managers,2021.0,United States,1838615.0,Nasdaq,False,True,2339.0,r2000
CABA,Cabaletta Bio Inc. Common Stock,605277239.0,Health Care,Biotechnology: Biological Products (No Diagnostic Substances),2019.0,United States,1759138.0,Nasdaq,False,True,2340.0,r2000
DNUT,Krispy Kreme Inc. Common Stock,603780000.0,Consumer Staples,Food Chains,2021.0,United States,1857154.0,Nasdaq,False,True,2341.0,r2000
NB,NioCorp Developments Ltd. Common Stock,602730379.0,Basic Materials,Metal Mining,,United States,1512228.0,Nasdaq,False,True,2342.0,r2000
ASPI,ASP Isotopes Inc. Common Stock,602505863.0,Industrials,Major Chemicals,2022.0,United States,1921865.0,Nasdaq,False,True,2343.0,r2000
FBIZ,First Business Financial Services Inc. Common Stock,601263792.0,Finance,Major Banks,,United States,1521951.0,Nasdaq,False,True,2344.0,r2000
TMQ,Trilogy Metals Inc. Common Stock,601154824.0,Basic Materials,Precious Metals,,Canada,1543418.0,NYSE,False,False,,
HY,Hyster-Yale Inc. Class A common stock,599592141.0,Industrials,Construction/Ag Equipment/Trucks,,United States,1173514.0,NYSE,False,True,2345.0,r2000
LPTH,LightPath Technologies Inc. Class A Common Stock,599010943.0,Technology,Semiconductors,1996.0,United States,889971.0,Nasdaq,False,True,2346.0,r2000
TRTX,TPG RE Finance Trust Inc. Common Stock,598798270.0,Real Estate,Real Estate Investment Trusts,2017.0,United States,1630472.0,NYSE,False,True,2347.0,r2000
EOLS,Evolus Inc. Common Stock,598416986.0,Health Care,Biotechnology: Pharmaceutical Preparations,2018.0,United States,1570562.0,Nasdaq,False,True,2348.0,r2000
AUTL,Autolus Therapeutics plc American Depositary Share,596204090.0,Health Care,Biotechnology: Biological Products (No Diagnostic Substances),2018.0,United Kingdom,1730463.0,Nasdaq,False,False,,
OSPN,OneSpan Inc. Common Stock,595899637.0,Technology,EDP Services,,United States,1044777.0,Nasdaq,False,True,2349.0,r2000
BXC,Bluelinx Holdings Inc. Common Stock,595804449.0,Consumer Discretionary,Wholesale Distributors,2004.0,United States,1301787.0,NYSE,False,True,2350.0,r2000
KIDS,OrthoPediatrics Corp. Common Stock,595303166.0,Health Care,Medical/Dental Instruments,2017.0,United States,1425450.0,Nasdaq,False,True,2351.0,r2000
OIO,OIO Group Ordinary Shares,595117805.0,Utilities,Environmental Services,,Singapore,1957538.0,Nasdaq,False,False,,
BWB,Bridgewater Bancshares Inc. Common Stock,595040783.0,Finance,Major Banks,2018.0,United States,1341317.0,Nasdaq,False,True,2352.0,r2000
SLI,Standard Lithium Ltd. Common Shares,594749830.0,Industrials,Major Chemicals,2021.0,Canada,1537137.0,NYSE,False,False,,
TECX,Tectonic Therapeutic Inc. Common Stock,593909739.0,Health Care,Biotechnology: Biological Products (No Diagnostic Substances),2018.0,United States,1681087.0,Nasdaq,False,True,2353.0,r2000
CBNK,Capital Bancorp Inc. Common Stock,593461312.0,Finance,Major Banks,2018.0,United States,1419536.0,Nasdaq,False,True,2354.0,r2000
BRSP,BrightSpire Capital Inc. Class A Common Stock,593398404.0,Real Estate,Real Estate Investment Trusts,2018.0,United States,1717547.0,NYSE,False,True,2355.0,r2000
SFST,Southern First Bancshares Inc. Common Stock,592647710.0,Finance,Major Banks,,United States,1090009.0,Nasdaq,False,True,2356.0,r2000
GCBC,Greene County Bancorp Inc. Common Stock,591465349.0,Finance,Banks,,United States,1070524.0,Nasdaq,False,True,2357.0,r2000
GAU,Galiano Gold Inc.,591197387.0,Industrials,Mining & Quarrying of Nonmetallic Minerals (No Fuels),,Canada,1377757.0,NYSE,False,False,,
UNTY,Unity Bancorp Inc. Common Stock,590403161.0,Finance,Major Banks,,United States,920427.0,Nasdaq,False,True,2358.0,r2000
IIM,Invesco Value Municipal Income Trust Common Stock,587414119.0,Finance,Investment Managers,,United States,885601.0,NYSE,False,True,2359.0,r2000
IIIN,Insteel Industries Inc. Common Stock,587329214.0,Industrials,Steel/Iron Ore,,United States,764401.0,NYSE,False,True,2360.0,r2000
BLSM,BlossomHill Therapeutics Inc. Common Stock,586303818.0,Health Care,Biotechnology: Pharmaceutical Preparations,2026.0,United States,1839970.0,Nasdaq,False,True,2361.0,r2000
WEAV,Weave Communications Inc. Common Stock,584793560.0,Technology,Computer Software: Prepackaged Software,2021.0,United States,1609151.0,NYSE,False,True,2362.0,r2000
NPB,Northpointe Bancshares Inc. Common Stock,584087311.0,Finance,Major Banks,2025.0,United States,1336706.0,NYSE,False,True,2363.0,r2000
SCTX,Scribe Therapeutics Inc. Common Stock,582909527.0,Health Care,Biotechnology: Biological Products (No Diagnostic Substances),2026.0,United States,1853921.0,Nasdaq,False,True,2364.0,r2000
WHFCL,WhiteHorse Finance Inc. 7.875% Notes due 2028,582239354.0,,,,United States,1552198.0,Nasdaq,False,True,2365.0,r2000
RYAM,Rayonier Advanced Materials Inc. Common Stock,581063747.0,Basic Materials,Paper,2014.0,United States,1597672.0,NYSE,False,True,2366.0,r2000
KE,Kimball Electronics Inc. Common Stock,580240949.0,Technology,Electrical Products,,United States,1606757.0,Nasdaq,False,True,2367.0,r2000
WTI,W&T Offshore Inc. Common Stock,579620936.0,Energy,Oil & Gas Production,2005.0,United States,1288403.0,NYSE,False,True,2368.0,r2000
LMB,Limbach Holdings Inc. Common Stock,579316160.0,Consumer Discretionary,Engineering & Construction,,United States,1606163.0,Nasdaq,False,True,2369.0,r2000
WNC,Wabash National Corporation Common Stock,579282600.0,Industrials,Construction/Ag Equipment/Trucks,1991.0,United States,879526.0,NYSE,False,True,2370.0,r2000
SPRY,ARS Pharmaceuticals Inc. Common Stock,578783536.0,Health Care,Biotechnology: Pharmaceutical Preparations,2020.0,United States,1671858.0,Nasdaq,False,True,2371.0,r2000
NDMO,Nuveen Dynamic Municipal Opportunities Fund Common Shares of Beneficial Interest,578002074.0,Finance,Trusts Except Educational Religious and Charitable,2020.0,,1793129.0,NYSE,False,False,,
PROK,ProKidney Corp. Class A Ordinary Shares,577436271.0,Health Care,Biotechnology: Biological Products (No Diagnostic Substances),2021.0,United States,1850270.0,Nasdaq,False,True,2372.0,r2000
DCTH,Delcath Systems Inc. Common Stock,575306021.0,Health Care,Medical/Dental Instruments,,United States,872912.0,Nasdaq,False,True,2373.0,r2000
CAPR,Capricor Therapeutics Inc. Common Stock,574994601.0,Health Care,Biotechnology: Pharmaceutical Preparations,,United States,1133869.0,Nasdaq,False,True,2374.0,r2000
UHT,Universal Health Realty Income Trust Common Stock,574293623.0,Real Estate,Real Estate Investment Trusts,,United States,798783.0,NYSE,False,True,2375.0,r2000
NRIM,Northrim BanCorp Inc Common Stock,573692515.0,Finance,Savings Institutions,,United States,1163370.0,Nasdaq,False,True,2376.0,r2000
CLB,Core Laboratories Inc. Common Stock,573097930.0,Energy,Oilfield Services/Equipment,2023.0,Netherlands,1958086.0,NYSE,False,False,,
ABTC,American Bitcoin Corp. Class A Common Stock,573091141.0,Finance,Finance: Consumer Services,2018.0,United States,1755953.0,Nasdaq,False,True,2377.0,r2000
SWBI,Smith & Wesson Brands Inc. Common Stock,573051110.0,Industrials,Ordnance And Accessories,,United States,1092796.0,Nasdaq,False,True,2378.0,r2000
NKLR,Terra Innovatum Global N.V. Ordinary shares,572394703.0,Industrials,Metal Fabrications,,Italy,2067627.0,Nasdaq,False,False,,
BWAY,BrainsWay Ltd. American Depositary Shares,571671611.0,Health Care,Medical/Dental Instruments,2019.0,Israel,1505065.0,Nasdaq,False,False,,
MPLT,MapLight Therapeutics Inc. Common Stock,570073192.0,Health Care,Biotechnology: Pharmaceutical Preparations,2025.0,United States,1770069.0,Nasdaq,False,True,2379.0,r2000
CIVB,Civista Bancshares Inc. Common Stock,569970064.0,Finance,Major Banks,,United States,944745.0,Nasdaq,False,True,2380.0,r2000
MSIF,MSC Income Fund Inc. Common Stock,569536076.0,Finance,Finance/Investors Services,2025.0,,1535778.0,NYSE,False,False,,
NTGR,NETGEAR Inc. Common Stock,569400490.0,Utilities,Telecommunications Equipment,2003.0,United States,1122904.0,Nasdaq,False,True,2381.0,r2000
ITRG,Integra Resources Corp. Common Shares,568044596.0,Basic Materials,Precious Metals,,,1722387.0,NYSE,False,False,,
XMAX,XMAX Inc. Common Stock,566515680.0,Consumer Discretionary,Home Furnishings,,United States,1473334.0,Nasdaq,False,True,2382.0,r2000
SDHC,Smith Douglas Homes Corp. Class A Common Stock,564195029.0,Consumer Discretionary,Homebuilding,2024.0,United States,1982518.0,NYSE,False,True,2383.0,r2000
OXM,Oxford Industries Inc. Common Stock,563493374.0,Industrials,Garments and Clothing,,United States,75288.0,NYSE,False,True,2384.0,r2000
CTRN,Citi Trends Inc. Common Stock,562264740.0,Consumer Discretionary,Clothing/Shoe/Accessory Stores,2005.0,United States,1318484.0,Nasdaq,False,True,2385.0,r2000
DDD,3D Systems Corporation Common Stock,561576951.0,Technology,Computer Software: Prepackaged Software,,United States,910638.0,NYSE,False,True,2386.0,r2000
SLDP,Solid Power Inc. Class A Common Stock,561325782.0,Miscellaneous,Industrial Machinery/Components,2021.0,United States,1844862.0,Nasdaq,False,True,2387.0,r2000
NOAH,Noah Holdings Limited American Depositary Shares,559210819.0,Finance,Investment Managers,2010.0,China,1499543.0,NYSE,False,False,,
BRBI,BRBI BR Partners S.A. ADSs,556264978.0,Finance,Finance: Consumer Services,,Brazil,2058601.0,Nasdaq,False,False,,
GEMI,Gemini Space Station Inc. Class A Common Stock,556207947.0,Finance,Finance: Consumer Services,2025.0,United States,2055592.0,Nasdaq,False,True,2388.0,r2000
IPI,Intrepid Potash Inc Common Stock,555087803.0,Industrials,Mining & Quarrying of Nonmetallic Minerals (No Fuels),2008.0,United States,1421461.0,NYSE,False,True,2389.0,r2000
RFI,Cohen & Steers Total Return Realty Fund Inc. Common Stock,553792338.0,Finance,Investment Managers,1993.0,United States,891290.0,NYSE,False,True,2390.0,r2000
YORW,York Water Company (The) Common Stock,553070040.0,Utilities,Water Supply,,United States,108985.0,Nasdaq,False,True,2391.0,r2000
ARTV,Artiva Biotherapeutics Inc. Common Stock,552947269.0,Health Care,Biotechnology: Biological Products (No Diagnostic Substances),2024.0,United States,1817241.0,Nasdaq,False,True,2392.0,r2000
FLGT,Fulgent Genetics Inc. Common Stock,551406472.0,Health Care,Medical Specialities,2016.0,United States,1674930.0,Nasdaq,False,True,2393.0,r2000
ITIC,Investors Title Company Common Stock,550747313.0,Finance,Specialty Insurers,,United States,720858.0,Nasdaq,False,True,2394.0,r2000
NEXN,Nexxen International Ltd. Ordinary Shares,548849673.0,Technology,Computer Software: Programming Data Processing,2021.0,Israel,1849396.0,Nasdaq,False,False,,
ILPT,Industrial Logistics Properties Trust Common Shares of Beneficial Interest,548651142.0,Real Estate,Real Estate Investment Trusts,2018.0,United States,1717307.0,Nasdaq,False,True,2395.0,r2000
AGCC,Agencia Comercial Spirits Ltd Class A Ordinary Shares,548484415.0,Consumer Staples,Beverages (Production/Distribution),2025.0,Taiwan,2060016.0,Nasdaq,False,False,,
NUAI,New Era Energy & Digital Inc. Common Stock,547715002.0,Energy,Oil & Gas Production,,United States,2028336.0,Nasdaq,False,True,2396.0,r2000
WRN,Western Copper and Gold Corporation Common Stock,547344531.0,Basic Materials,Metal Mining,2011.0,Canada,1364125.0,NYSE,False,False,,
VGM,Invesco Trust for Investment Grade Municipals Common Stock (DE),546658237.0,Finance,Trusts Except Educational Religious and Charitable,,United States,880892.0,NYSE,False,True,2397.0,r2000
HBCP,Home Bancorp Inc. Common Stock,545757805.0,Finance,Banks,2008.0,United States,1436425.0,Nasdaq,False,True,2398.0,r2000
KRUS,Kura Sushi USA Inc. Class A Common Stock,545649135.0,Consumer Discretionary,Restaurants,2019.0,United States,1772177.0,Nasdaq,False,True,2399.0,r2000
TITN,Titan Machinery Inc. Common Stock,545037990.0,Consumer Discretionary,Other Specialty Stores,2007.0,United States,1409171.0,Nasdaq,False,True,2400.0,r2000
PANL,Pangaea Logistics Solutions Ltd. Common Shares,544087045.0,Consumer Discretionary,Marine Transportation,2013.0,United States,1606909.0,Nasdaq,False,True,2401.0,r2000
ESEA,Euroseas Ltd. Common Stock (Marshall Islands),544008425.0,Consumer Discretionary,Marine Transportation,,Greece,1341170.0,Nasdaq,False,False,,
ZURA,Zura Bio Limited Class A Ordinary Shares,543351207.0,Health Care,Biotechnology: Biological Products (No Diagnostic Substances),,Cayman Islands,1855644.0,Nasdaq,False,False,,
URG,Ur Energy Inc Common Shares (Canada),541094659.0,Basic Materials,Precious Metals,,Canada,1375205.0,NYSE,False,False,,
OIS,Oil States International Inc. Common Stock,540490666.0,Consumer Discretionary,Oil and Gas Field Machinery,2001.0,United States,1121484.0,NYSE,False,True,2402.0,r2000
FWRD,Forward Air Corporation Common Stock,539818175.0,Industrials,Integrated Freight & Logistics,,United States,912728.0,Nasdaq,False,True,2403.0,r2000
IMSR,Terrestrial Energy Inc. Common Stock  ,539210443.0,Industrials,Metal Fabrications,2024.0,United States,2019804.0,Nasdaq,False,True,2404.0,r2000
HQL,abrdn Life Sciences Investors Shares of Beneficial Interest,538758763.0,Finance,Investment Managers,1992.0,United States,884121.0,NYSE,False,True,2405.0,r2000
SD,SandRidge Energy Inc. Common Stock,536479533.0,Energy,Oil & Gas Production,2016.0,United States,1349436.0,NYSE,False,True,2406.0,r2000
NMCO,Nuveen Municipal Credit Opportunities Fund Common Shares,535117301.0,Finance,Finance/Investors Services,2019.0,,1774342.0,NYSE,False,False,,
QUAD,Quad Graphics Inc Class A Common Stock,534682928.0,Consumer Discretionary,Publishing,,United States,1481792.0,NYSE,False,True,2407.0,r2000
DDL,Dingdong (Cayman) Limited American Depositary Shares (each two representing three Ordinary Shares),533874568.0,Consumer Discretionary,Catalog/Specialty Distribution,2021.0,Cayman Islands,1854545.0,NYSE,False,False,,
EBF,Ennis Inc. Common Stock,533540556.0,Consumer Discretionary,Office Equipment/Supplies/Services,,United States,33002.0,NYSE,False,True,2408.0,r2000
KYTX,Kyverna Therapeutics Inc. Common Stock,532781270.0,Health Care,Biotechnology: Biological Products (No Diagnostic Substances),2024.0,United States,1994702.0,Nasdaq,False,True,2409.0,r2000
MBUU,Malibu Boats Inc. Class A Common Stock,532467089.0,Industrials,Marine Transportation,2014.0,United States,1590976.0,Nasdaq,False,True,2410.0,r2000
ARKO,ARKO Corp. Common Stock,531760318.0,Consumer Staples,Food Chains,,United States,1823794.0,Nasdaq,False,True,2411.0,r2000
FAC,Factorial Energy Inc. Class A Common Stock,529765063.0,Miscellaneous,Industrial Machinery/Components,2025.0,United States,2049662.0,Nasdaq,False,True,2412.0,r2000
CSV,Carriage Services Inc. Common Stock,529674572.0,Consumer Discretionary,Other Consumer Services,,United States,1016281.0,NYSE,False,True,2413.0,r2000
OVID,Ovid Therapeutics Inc. Common Stock,529257192.0,Health Care,Biotechnology: Pharmaceutical Preparations,2017.0,United States,1636651.0,Nasdaq,False,True,2414.0,r2000
VKQ,Invesco Municipal Trust Common Stock,529007523.0,Finance,Trusts Except Educational Religious and Charitable,,United States,877463.0,NYSE,False,True,2415.0,r2000
BDN,Brandywine Realty Trust Common Stock,528967998.0,Real Estate,Real Estate Investment Trusts,,United States,790816.0,NYSE,False,True,2416.0,r2000
IQI,Invesco Quality Municipal Income Trust Common Stock,527251456.0,Finance,Finance Companies,,United States,885125.0,NYSE,False,True,2417.0,r2000
TLRY,Tilray Brands Inc. Common Stock ,526682152.0,Health Care, Medicinal Chemicals and Botanical Products ,2018.0,United States,1731348.0,Nasdaq,False,True,2418.0,r2000
LAES,SEALSQ Corp Ordinary Shares,525746638.0,Technology,Semiconductors,,Switzerland,1951222.0,Nasdaq,False,False,,
SENS,Senseonics Holdings Inc. Common Stock,525568087.0,Health Care,Medical/Dental Instruments,,United States,1616543.0,Nasdaq,False,True,2419.0,r2000
BWFG,Bankwell Financial Group Inc. Common Stock,525193515.0,Finance,Major Banks,2014.0,United States,1505732.0,Nasdaq,False,True,2420.0,r2000
GORO,Goldgroup Mining Inc. Common Shares,524944676.0,Basic Materials,Precious Metals,2026.0,Canada,1515964.0,NYSE,False,False,,
CERS,Cerus Corporation Common Stock,523964735.0,Health Care,Medical/Dental Instruments,1997.0,United States,1020214.0,Nasdaq,False,True,2421.0,r2000
BSRR,Sierra Bancorp Common Stock,523461971.0,Finance,Major Banks,,United States,1130144.0,Nasdaq,False,True,2422.0,r2000
CCOI,Cogent Communications Holdings Inc.,523424822.0,Consumer Discretionary,Telecommunications Equipment,,United States,1158324.0,Nasdaq,False,True,2423.0,r2000
GOTU,Gaotu Techedu Inc. American Depositary Shares,522187634.0,Real Estate,Other Consumer Services,2019.0,China,1768259.0,NYSE,False,False,,
AMCX,AMC Global Media Inc. Class A Common Stock,521812133.0,Telecommunications,Cable & Other Pay Television Services,,United States,1514991.0,Nasdaq,False,True,2424.0,r2000
NPCE,Neuropace Inc. Common Stock,521385722.0,Health Care,Medical/Dental Instruments,2021.0,United States,1528287.0,Nasdaq,False,True,2425.0,r2000
IBEX,IBEX Limited Common Shares,521372177.0,Technology,EDP Services,2020.0,Bermuda,1720420.0,Nasdaq,False,False,,
OLP,One Liberty Properties Inc. Common Stock,520308572.0,Real Estate,Real Estate Investment Trusts,1986.0,United States,712770.0,NYSE,False,True,2426.0,r2000
CMDB,Costamare Bulkers Holdings Limited Common Stock,519880148.0,Consumer Discretionary,Marine Transportation,2025.0,,2033535.0,NYSE,False,False,,
ETO,Eaton Vance Tax-Advantage Global Dividend Opp Common Stock,516472169.0,Finance,Investment Managers,2004.0,United States,1281926.0,NYSE,False,True,2427.0,r2000
TYG,Tortoise Energy Infrastructure Corporation Common Stock,515166131.0,Finance,Investment Managers,2004.0,United States,1268533.0,NYSE,False,True,2428.0,r2000
VHI,Valhi Inc. Common Stock,513463229.0,Basic Materials,Major Chemicals,,United States,59255.0,NYSE,False,True,2429.0,r2000
CLMB,Climb Global Solutions Inc. Common Stock,511488115.0,Technology,Retail: Computer Software & Peripheral Equipment,,United States,945983.0,Nasdaq,False,True,2430.0,r2000
AII,American Integrity Insurance Group Inc. Common Stock,511388445.0,Finance,Property-Casualty Insurers,2025.0,United States,2007587.0,NYSE,False,True,2431.0,r2000
ROMA,Roma Green Finance Limited Class A Ordinary Shares,509765512.0,Consumer Discretionary,Professional Services,2024.0,Hong Kong,1945240.0,Nasdaq,False,False,,
PBAM,Private Bancorp of America Inc. Common Stock,507928015.0,Finance,Major Banks,,United States,1705284.0,Nasdaq,False,True,2432.0,r2000
GTN,Gray Media Inc. Common Stock,507713008.0,Industrials,Broadcasting,,United States,43196.0,NYSE,False,True,2433.0,r2000
TCMD,Tactile Systems Technology Inc. Common Stock,507637729.0,Health Care,Medical/Dental Instruments,2016.0,United States,1027838.0,Nasdaq,False,True,2434.0,r2000
ENTX,Entera Bio Ltd. Ordinary Shares,507596071.0,Health Care,Biotechnology: Biological Products (No Diagnostic Substances),2018.0,Israel,1638097.0,Nasdaq,False,False,,
SWMR,Swarmer Inc Common Stock,506795996.0,Technology,Computer Software: Prepackaged Software,2026.0,United States,2092574.0,Nasdaq,False,True,2435.0,r2000
OBT,Orange County Bancorp Inc. Common Stock,506418763.0,Finance,Major Banks,,United States,1754226.0,Nasdaq,False,True,2436.0,r2000
CMCO,Columbus McKinnon Corporation Common Stock,506278840.0,Industrials,Construction/Ag Equipment/Trucks,1996.0,United States,1005229.0,Nasdaq,False,True,2437.0,r2000
COFS,ChoiceOne Financial Services Inc. Common Stock,504449690.0,Finance,Major Banks,,United States,803164.0,Nasdaq,False,True,2438.0,r2000
IDR,Idaho Strategic Resources Inc. Common Stock,504063515.0,Basic Materials,Precious Metals,2022.0,United States,1030192.0,NYSE,False,True,2439.0,r2000
BTBT,Bit Digital Inc. Ordinary Shares,501280569.0,Finance,Finance: Consumer Services,2018.0,United States,1710350.0,Nasdaq,False,True,2440.0,r2000
PBYI,Puma Biotechnology Inc Common Stock,500198440.0,Health Care,Biotechnology: Pharmaceutical Preparations,,United States,1401667.0,Nasdaq,False,True,2441.0,r2000
GRVY,GRAVITY Co. Ltd. American Depository Shares,499417443.0,Technology,EDP Services,2005.0,South Korea,1313310.0,Nasdaq,False,False,,
BALY,Bally's Corporation Common Stock,498638877.0,Consumer Discretionary,Hotels/Resorts,2024.0,United States,1747079.0,NYSE,False,True,2442.0,r2000
BSVN,Bank7 Corp. Common stock,497630717.0,Finance,Major Banks,2018.0,United States,1746129.0,Nasdaq,False,True,2443.0,r2000
PRTA,Prothena Corporation plc Ordinary Shares,497198593.0,Health Care,Biotechnology: Pharmaceutical Preparations,,United States,1559053.0,Nasdaq,False,True,2444.0,r2000
GLRE,Greenlight Capital Re Ltd. Class A Ordinary Shares,497127669.0,Finance,Property-Casualty Insurers,2007.0,Cayman Islands,1385613.0,Nasdaq,False,False,,
CMCL,Caledonia Mining Corporation Plc Common Shares,495171373.0,Basic Materials,Precious Metals,,Canada,766011.0,NYSE,False,False,,
ARQQ,Arqit Quantum Inc. Ordinary Shares,494820616.0,Technology,Computer Software: Prepackaged Software,,United Kingdom,1859690.0,Nasdaq,False,False,,
BUUU,BUUU Group Limited Class A Ordinary Share,493580000.0,Consumer Discretionary,Services-Misc. Amusement & Recreation,2025.0,Hong Kong,2047273.0,Nasdaq,False,False,,
VCV,Invesco California Value Municipal Income Trust Common Stock,492793502.0,Finance,Trusts Except Educational Religious and Charitable,,United States,895531.0,NYSE,False,True,2445.0,r2000
ADUR,Aduro Clean Technologies Inc. Common Stock,492725522.0,Industrials,Major Chemicals,,Canada,1863934.0,Nasdaq,False,False,,
PDLB,Ponce Financial Group Inc. Common Stock,491981906.0,Finance,Savings Institutions,2017.0,United States,1874071.0,Nasdaq,False,True,2446.0,r2000
TWI,Titan International Inc. (DE) Common Stock,491167299.0,Industrials,Steel/Iron Ore,,United States,899751.0,NYSE,False,True,2447.0,r2000
EPRX,Eupraxia Pharmaceuticals Inc. Common Stock,491004408.0,Health Care,Pharmaceuticals and Biotechnology,,Canada,1581178.0,Nasdaq,False,False,,
MEC,Mayville Engineering Company Inc. Common Stock,490371365.0,Industrials,Industrial Specialties,2019.0,United States,1766368.0,NYSE,False,True,2448.0,r2000
FTHY,First Trust High Yield Opportunities 2027 Term Fund Common Stock,488713024.0,Finance,Investment Managers,2020.0,United States,1810523.0,NYSE,False,True,2449.0,r2000
WTBA,West Bancorporation Common Stock,488644112.0,Finance,Major Banks,,United States,1166928.0,Nasdaq,False,True,2450.0,r2000
XRN,Chiron Real Estate Inc. Common Stock,488475927.0,Real Estate,Real Estate Investment Trusts,2016.0,United States,1533615.0,NYSE,False,True,2451.0,r2000
GFUZ,General Fusion Group Ltd. Common Shares,484846763.0,Utilities,Electric Utilities: Central,2025.0,United States,2074850.0,Nasdaq,False,True,2452.0,r2000
KMDA,Kamada Ltd. Ordinary Shares,484562870.0,Health Care,Biotechnology: Pharmaceutical Preparations,2013.0,Israel,1567529.0,Nasdaq,False,False,,
AMSF,AMERISAFE Inc. Common Stock,484532556.0,Finance,Property-Casualty Insurers,2005.0,United States,1018979.0,Nasdaq,False,True,2453.0,r2000
RLMD,Relmada Therapeutics Inc. Common Stock,484281101.0,Health Care,Biotechnology: Pharmaceutical Preparations,,United States,1553643.0,Nasdaq,False,True,2454.0,r2000
SPIR,Spire Global Inc. Class A Common Stock,483812439.0,Consumer Discretionary,Telecommunications Equipment,2020.0,United States,1816017.0,NYSE,False,True,2455.0,r2000
ELMT,The Elmet Group Co. Common Stock,483087638.0,Industrials,Metal Fabrications,2026.0,United States,2101698.0,Nasdaq,False,True,2456.0,r2000
AHRT,AH Realty Trust Inc. Common Stock,482616658.0,Finance,Real Estate,2013.0,United States,1569187.0,NYSE,False,True,2457.0,r2000
GUT,Gabelli Utility Trust (The) Common Stock,481497630.0,Finance,Trusts Except Educational Religious and Charitable,,United States,1080720.0,NYSE,False,True,2458.0,r2000
BTQ,BTQ Technologies Corp. Common Stock,480953814.0,,,,Canada,1821866.0,Nasdaq,False,False,,
RMNI,Rimini Street Inc. (DE) Common Stock,480783400.0,Consumer Discretionary,Business Services,2015.0,United States,1635282.0,Nasdaq,False,True,2459.0,r2000
TATT,TAT Technologies Ltd. Ordinary Shares,480765563.0,Industrials,Aerospace,,Israel,808439.0,Nasdaq,False,False,,
JOUT,Johnson Outdoors Inc. Class A Common Stock,479130512.0,Consumer Discretionary,Recreational Games/Products/Toys,,United States,788329.0,Nasdaq,False,True,2460.0,r2000
EVH,Evolent Health Inc Class A Common Stock,478240987.0,Consumer Discretionary,Other Consumer Services,2015.0,United States,1628908.0,NYSE,False,True,2461.0,r2000
ULH,Universal Logistics Holdings Inc. Common Stock,478048305.0,Industrials,Trucking Freight/Courier Services,2005.0,United States,1308208.0,Nasdaq,False,True,2462.0,r2000
BRCB,Black Rock Coffee Bar Inc. Class A Common Stock,477693358.0,Consumer Discretionary,Restaurants,2025.0,United States,2068577.0,Nasdaq,False,True,2463.0,r2000
VOGX,Vogenx Inc Common Stock,476848293.0,Health Care,Biotechnology: Pharmaceutical Preparations,2026.0,United States,1903784.0,Nasdaq,False,True,2464.0,r2000
SRTA,Strata Critical Medical Inc. Class A Common Stock,476836084.0,Health Care,Medical/Nursing Services,2019.0,United States,1779128.0,Nasdaq,False,True,2465.0,r2000
NVEC,NVE Corporation Common Stock,476460851.0,Technology,Semiconductors,,United States,724910.0,Nasdaq,False,True,2466.0,r2000
ATNI,ATN International Inc. Common Stock,476117765.0,Telecommunications,Telecommunications Equipment,,United States,879585.0,Nasdaq,False,True,2467.0,r2000
FMAO,Farmers & Merchants Bancorp Inc. Common Stock,476000479.0,Finance,Savings Institutions,,United States,792966.0,Nasdaq,False,True,2468.0,r2000
ARCT,Arcturus Therapeutics Holdings Inc. Common Stock,475802175.0,Health Care,Biotechnology: Pharmaceutical Preparations,2013.0,Israel,1768224.0,Nasdaq,False,False,,
ASIX,AdvanSix Inc. Common Stock ,475760897.0,Industrials,Major Chemicals,2016.0,United States,1673985.0,NYSE,False,True,2469.0,r2000
HUYA,HUYA Inc. American depositary shares each  representing one Class A ordinary share,475001473.0,Technology,Computer Software: Programming Data Processing,2018.0,United States,1728190.0,NYSE,False,True,2470.0,r2000
EDIT,Editas Medicine Inc. Common Stock,473026508.0,Health Care,Biotechnology: Biological Products (No Diagnostic Substances),2016.0,United States,1650664.0,Nasdaq,False,True,2471.0,r2000
CBK,Commercial Bancgroup Inc. Common Stock,471186675.0,Finance,Major Banks,2025.0,United States,1981546.0,Nasdaq,False,True,2472.0,r2000
NMG,Nouveau Monde Graphite Inc. Common Shares,470694267.0,Basic Materials,Other Metals and Minerals,,Canada,1649752.0,NYSE,False,False,,
LOCO,El Pollo Loco Holdings Inc. Common Stock,467145583.0,Consumer Discretionary,Restaurants,2014.0,United States,1606366.0,Nasdaq,False,True,2473.0,r2000
CCCC,C4 Therapeutics Inc. Common Stock,466265265.0,Health Care,Biotechnology: Biological Products (No Diagnostic Substances),2020.0,United States,1662579.0,Nasdaq,False,True,2474.0,r2000
MFI,mF International Limited Class A Ordinary Shares,466139546.0,Technology,EDP Services,2024.0,Hong Kong,1940941.0,Nasdaq,False,False,,
FVR,FrontView REIT Inc. Common Stock,465396786.0,Real Estate,Real Estate Investment Trusts,2024.0,United States,1988494.0,NYSE,False,True,2475.0,r2000
OTLY,Oatly Group AB American Depositary Shares,464961599.0,Consumer Staples,Packaged Foods,2021.0,Sweden,1843586.0,Nasdaq,False,False,,
OPTU,Optimum Communications Inc. Class A common stock,464696552.0,Telecommunications,Cable & Other Pay Television Services,2017.0,United States,1702780.0,NYSE,False,True,2476.0,r2000
ZKH,ZKH Group Limited American Depositary Shares each representing thirty-five (35) Class A Ordinary Shares,464044406.0,Consumer Discretionary,RETAIL: Building Materials,2023.0,Cayman Islands,1862044.0,NYSE,False,False,,
CWCO,Consolidated Water Co. Ltd. Ordinary Shares,463892699.0,Utilities,Water Supply,,Cayman Islands,928340.0,Nasdaq,False,False,,
SGHT,Sight Sciences Inc. Common Stock,463840876.0,Health Care,Medical/Dental Instruments,2021.0,United States,1531177.0,Nasdaq,False,True,2477.0,r2000
CZNC,Citizens & Northern Corp Common Stock,463257615.0,Finance,Major Banks,,United States,810958.0,Nasdaq,False,True,2478.0,r2000
FWDI,Forward Industries Inc. Common Stock,462281488.0,Finance,Finance: Consumer Services,,United States,38264.0,Nasdaq,False,True,2479.0,r2000
ASTL,Algoma Steel Group Inc. Common Shares,462129094.0,Industrials,Steel/Iron Ore,,Canada,1860805.0,Nasdaq,False,False,,
STRZ,Starz Entertainment Corp. Common Shares,460640200.0,Consumer Discretionary,Movies/Entertainment,,United States,929351.0,Nasdaq,False,True,2480.0,r2000
LXFR,Luxfer Holdings PLC Ordinary Shares,459991353.0,Basic Materials,Major Chemicals,2012.0,United Kingdom,1096056.0,NYSE,False,False,,
ETB,Eaton Vance Tax-Managed Buy-Write Income Fund Eaton Vance Tax-Managed Buy-Write Income Fund Common Shares of Beneficial Interest,459662379.0,Finance,Investment Bankers/Brokers/Service,2005.0,United States,1308927.0,NYSE,False,True,2481.0,r2000
CPS,Cooper-Standard Holdings Inc. Common Stock,457557106.0,Consumer Discretionary,Auto Parts:O.E.M.,,United States,1320461.0,NYSE,False,True,2482.0,r2000
AVIR,Atea Pharmaceuticals Inc. Common Stock,457166784.0,Health Care,Biotechnology: Pharmaceutical Preparations,2020.0,United States,1593899.0,Nasdaq,False,True,2483.0,r2000
FPI,Farmland Partners Inc. Common Stock,455941045.0,Real Estate,Real Estate Investment Trusts,2014.0,United States,1591670.0,NYSE,False,True,2484.0,r2000
NGS,Natural Gas Services Group Inc. Common Stock,455309461.0,Energy,Oilfield Services/Equipment,2002.0,United States,1084991.0,NYSE,False,True,2485.0,r2000
GLAD,Gladstone Capital Corporation Common Stock,453894756.0,Consumer Discretionary,Textiles,2001.0,United States,1143513.0,Nasdaq,False,True,2486.0,r2000
EVMN,Evommune Inc. Common Stock,452925570.0,Health Care,Biotechnology: Pharmaceutical Preparations,2025.0,United States,2044725.0,NYSE,False,True,2487.0,r2000
DNA,Ginkgo Bioworks Holdings Inc. Class A Common Stock,452312147.0,Health Care,Biotechnology: Biological Products (No Diagnostic Substances),2021.0,United States,1830214.0,NYSE,False,True,2488.0,r2000
ACTG,Acacia Research Corporation (Acacia Tech) Common Stock,451826907.0,Miscellaneous,Multi-Sector Companies,,United States,934549.0,Nasdaq,False,True,2489.0,r2000
GALT,Galectin Therapeutics Inc. Common Stock,451806405.0,Health Care,Biotechnology: Pharmaceutical Preparations,,United States,1133416.0,Nasdaq,False,True,2490.0,r2000
CBAN,Colony Bankcorp Inc. Common Stock,451794345.0,Finance,Major Banks,,United States,711669.0,NYSE,False,True,2491.0,r2000
BLW,Blackrock Limited Duration Income Trust,451390238.0,Consumer Discretionary,Other Consumer Services,2003.0,United States,1233681.0,NYSE,False,True,2492.0,r2000
CINT,CI&T Inc Class A Common Shares,451114136.0,Technology,EDP Services,2021.0,,1868995.0,NYSE,False,False,,
PBFS,Pioneer Bancorp Inc. Common Stock,450379350.0,Finance,Banks,2019.0,United States,1769663.0,Nasdaq,False,True,2493.0,r2000
MAGN,Magnera Corporation Common Stock,450364000.0,Basic Materials,Paper,2000.0,United States,41719.0,NYSE,False,True,2494.0,r2000
CURR,Currenc Group Inc. Ordinary Shares,450250359.0,Consumer Discretionary,Business Services,,Singapore,1862935.0,Nasdaq,False,False,,
OCGN,Ocugen Inc. Common Stock,447625729.0,Health Care,Biotechnology: Biological Products (No Diagnostic Substances),2014.0,United States,1372299.0,Nasdaq,False,True,2495.0,r2000
BBCP,Concrete Pumping Holdings Inc. Common Stock,447493570.0,Consumer Discretionary,Engineering & Construction,2017.0,United States,1703956.0,Nasdaq,False,True,2496.0,r2000
SPCE,Virgin Galactic Holdings Inc. Common Stock,447207914.0,Consumer Discretionary,Transportation Services,2017.0,United States,1706946.0,NYSE,False,True,2497.0,r2000
RBB,RBB Bancorp Common Stock,446581450.0,Finance,Major Banks,2017.0,United States,1499422.0,Nasdaq,False,True,2498.0,r2000
BIOA,BioAge Labs Inc. Common Stock,446576925.0,Health Care,Biotechnology: Pharmaceutical Preparations,2024.0,United States,1709941.0,Nasdaq,False,True,2499.0,r2000
CARL,Carlsmed Inc. Common Stock,446126821.0,Health Care,Medical/Dental Instruments,2025.0,United States,1794546.0,Nasdaq,False,True,2500.0,r2000
KREF,KKR Real Estate Finance Trust Inc. Common Stock,444606625.0,Real Estate,Real Estate Investment Trusts,2017.0,United States,1631596.0,NYSE,False,True,2501.0,r2000
ACIC,American Coastal Insurance Corporation Common Stock,444355183.0,Finance,Property-Casualty Insurers,,United States,1401521.0,Nasdaq,False,True,2502.0,r2000
PRTH,Priority Technology Holdings Inc. Common Stock,444353605.0,Consumer Discretionary,Business Services,2016.0,United States,1653558.0,Nasdaq,False,True,2503.0,r2000
AXG,Solowin Holdings Class A Ordinary Share,444138802.0,Finance,Investment Bankers/Brokers/Service,2023.0,Hong Kong,1959224.0,Nasdaq,False,False,,
PHOE,Phoenix Asia Holdings Limited Ordinary Shares,443880000.0,Consumer Discretionary,Engineering & Construction,2025.0,Hong Kong,2035709.0,Nasdaq,False,False,,
NRC,NRC Health Common Stock,442612516.0,Health Care,Biotechnology: Commercial Physical & Biological Resarch,,United States,70487.0,Nasdaq,False,True,2504.0,r2000
AVBC,Avidia Bancorp Inc. Common Stock,442541981.0,Finance,Banks,2025.0,United States,2058758.0,NYSE,False,True,2505.0,r2000
BNTC,Benitec Biopharma Inc. Common Stock,442483822.0,Health Care,Biotechnology: Pharmaceutical Preparations,2015.0,United States,1808898.0,Nasdaq,False,True,2506.0,r2000
IIIV,i3 Verticals Inc. Class A Common Stock,442209751.0,Technology,Computer Software: Prepackaged Software,2018.0,United States,1728688.0,Nasdaq,False,True,2507.0,r2000
GBLI,Global Indemnity Group LLC Class A Common Stock ,439218420.0,Finance,Property-Casualty Insurers,,United States,1494904.0,Nasdaq,False,True,2508.0,r2000
RZLT,Rezolute Inc. Common Stock (NV),439093029.0,Health Care,Biotechnology: Pharmaceutical Preparations,,United States,1509261.0,Nasdaq,False,True,2509.0,r2000
TMS,Teamshares Inc. Common Stock,439016675.0,,,2025.0,United States,2048951.0,Nasdaq,False,True,2510.0,r2000
BMRC,Bank of Marin Bancorp Common Stock,437892466.0,Finance,Major Banks,,United States,1403475.0,Nasdaq,False,True,2511.0,r2000
CMPX,Compass Therapeutics Inc. Common Stock,437613633.0,Health Care,Biotechnology: Biological Products (No Diagnostic Substances),,United States,1738021.0,Nasdaq,False,True,2512.0,r2000
PRE,Prenetics Global Limited Class A Ordinary Share,437102250.0,Finance,Blank Checks,,Hong Kong,1876431.0,Nasdaq,False,False,,
CLPT,ClearPoint Neuro Inc. Common Stock,436515488.0,Health Care,Medical/Dental Instruments,,United States,1285550.0,Nasdaq,False,True,2513.0,r2000
CIX,CompX International Inc. Common Stock,436100825.0,Consumer Discretionary,Industrial Machinery/Components,1998.0,United States,1049606.0,NYSE,False,True,2514.0,r2000
TRC,Tejon Ranch Co Common Stock,435315463.0,Finance,Real Estate,2000.0,United States,96869.0,NYSE,False,True,2515.0,r2000
HVT,Haverty Furniture Companies Inc. Common Stock,435062165.0,Consumer Discretionary,Other Specialty Stores,,United States,216085.0,NYSE,False,True,2516.0,r2000
SBC,SBC Medical Group Holdings Incorporated Common Stock,435042569.0,Health Care,Medical/Nursing Services,2022.0,United States,1930313.0,Nasdaq,False,True,2517.0,r2000
IMXI,International Money Express Inc. Common Stock,434594254.0,Consumer Discretionary,Business Services,2017.0,United States,1683695.0,Nasdaq,False,True,2518.0,r2000
VITL,Vital Farms Inc. Common Stock,434467003.0,Consumer Staples,Packaged Foods,2020.0,United States,1579733.0,Nasdaq,False,True,2519.0,r2000
PLBC,Plumas Bancorp,433964238.0,Finance,Finance Companies,,United States,1168455.0,Nasdaq,False,True,2520.0,r2000
PRLD,Prelude Therapeutics Incorporated Common Stock,433332924.0,Health Care,Biotechnology: Pharmaceutical Preparations,2020.0,United States,1678660.0,Nasdaq,False,True,2521.0,r2000
FENC,Fennec Pharmaceuticals Inc. Common Stock,431268540.0,Health Care,Biotechnology: Biological Products (No Diagnostic Substances),,United States,1211583.0,Nasdaq,False,True,2522.0,r2000
SI,Shoulder Innovations Inc. Common Stock,429703272.0,Health Care,Medical/Dental Instruments,2025.0,United States,1699350.0,NYSE,False,True,2523.0,r2000
WEYS,Weyco Group Inc. Common Stock,428075058.0,Consumer Staples,Apparel,,United States,106532.0,Nasdaq,False,True,2524.0,r2000
MASS,908 Devices Inc. Common Stock,426977173.0,Industrials,Industrial Machinery/Components,2020.0,United States,1555279.0,Nasdaq,False,True,2525.0,r2000
CHCT,Community Healthcare Trust Incorporated Common Stock,426942246.0,Real Estate,Real Estate Investment Trusts,2015.0,United States,1631569.0,NYSE,False,True,2526.0,r2000
FRPH,FRP Holdings Inc. Common Stock,425434350.0,Finance,Real Estate,,United States,844059.0,Nasdaq,False,True,2527.0,r2000
RCKT,Rocket Pharmaceuticals Inc. Common Stock,423729944.0,Health Care,Biotechnology: Pharmaceutical Preparations,2015.0,United States,1281895.0,Nasdaq,False,True,2528.0,r2000
HBB,Hamilton Beach Brands Holding Company Class A Common Stock ,423567881.0,Consumer Discretionary,Home Furnishings,2017.0,United States,1709164.0,NYSE,False,True,2529.0,r2000
GEVO,Gevo Inc. Common Stock,422775448.0,Industrials,Major Chemicals,2011.0,United States,1392380.0,Nasdaq,False,True,2530.0,r2000
SERV,Serve Robotics Inc. Common Stock,422265559.0,Industrials,Industrial Machinery/Components,,United States,1832483.0,Nasdaq,False,True,2531.0,r2000
SGU,Star Group L.P. Common Stock,421952238.0,Consumer Discretionary,Other Specialty Stores,,United States,1002590.0,NYSE,False,True,2532.0,r2000
EVN,Eaton Vance Municipal Income Trust Common Stock,420471928.0,Finance,Investment Managers,1999.0,United States,1074540.0,NYSE,False,True,2533.0,r2000
BNED,Barnes & Noble Education Inc Common Stock,420139558.0,Consumer Discretionary,Other Specialty Stores,2015.0,United States,1634117.0,NYSE,False,True,2534.0,r2000
USCB,USCB Financial Holdings Inc. Class A Common Stock,419739958.0,Finance,Major Banks,2021.0,United States,1901637.0,Nasdaq,False,True,2535.0,r2000
ISTR,Investar Holding Corporation Common Stock,418821590.0,Finance,Major Banks,2014.0,United States,1602658.0,Nasdaq,False,True,2536.0,r2000
MTLS,Materialise NV American Depositary Shares,417605005.0,Technology,Computer Software: Prepackaged Software,2014.0,Belgium,1091223.0,Nasdaq,False,False,,
XRX,Xerox Holdings Corporation Common Stock,417580145.0,Technology,Computer peripheral equipment,,United States,1770450.0,Nasdaq,False,True,2537.0,r2000
RR,Richtech Robotics Inc. Class B Common Stock,416438595.0,Industrials,Industrial Machinery/Components,2023.0,United States,1963685.0,Nasdaq,False,True,2538.0,r2000
GMTL,Guardian Metal Resources PLC ADS,415953109.0,Basic Materials,Metal Mining,2026.0,,2039972.0,NYSE,False,False,,
BOC,Boston Omaha Corporation Class A Common Stock,415746611.0,Finance,Real Estate,2022.0,United States,1494582.0,NYSE,False,True,2539.0,r2000
DIN,Dine Brands Global Inc. Common Stock,415473303.0,Consumer Discretionary,Restaurants,,United States,49754.0,NYSE,False,True,2540.0,r2000
TRVG,trivago N.V. American Depositary Shares,413125093.0,Technology,EDP Services,2016.0,Germany,1683825.0,Nasdaq,False,False,,
EYPT,EyePoint Inc. Common Stock,412956141.0,Industrials,Biotechnology: Laboratory Analytical Instruments,,United States,1314102.0,Nasdaq,False,True,2541.0,r2000
QNC,Quantum eMotion Corp. Common Shares,412508980.0,,,2026.0,,2106613.0,NYSE,False,False,,
SFIX,Stitch Fix Inc. Class A Common Stock,412285895.0,Consumer Discretionary,Catalog/Specialty Distribution,2017.0,United States,1576942.0,Nasdaq,False,True,2542.0,r2000
CAL,Caleres Inc. Common Stock,410802569.0,Consumer Discretionary,Shoe Manufacturing,,United States,14707.0,NYSE,False,True,2543.0,r2000
FISN,Deep Fission Inc. Common Stock,410574388.0,Utilities,Electric Utilities: Central,2026.0,United States,1918102.0,Nasdaq,False,True,2544.0,r2000
ENTA,Enanta Pharmaceuticals Inc. Common Stock,410376914.0,Health Care,Biotechnology: Pharmaceutical Preparations,2013.0,United States,1177648.0,Nasdaq,False,True,2545.0,r2000
PACB,Pacific Biosciences of California Inc. Common Stock,410296602.0,Industrials,Biotechnology: Laboratory Analytical Instruments,2010.0,United States,1299130.0,Nasdaq,False,True,2546.0,r2000
CGC,Canopy Growth Corporation Common Shares,409542773.0,Health Care, Medicinal Chemicals and Botanical Products ,,Canada,1737927.0,Nasdaq,False,False,,
ADV,Advantage Solutions Inc. Class A Common Stock,409285582.0,Consumer Discretionary,Business Services,2019.0,United States,1776661.0,Nasdaq,False,True,2547.0,r2000
CYH,Community Health Systems Inc. Common Stock,408927135.0,Health Care,Hospital/Nursing Management,2000.0,United States,1108109.0,NYSE,False,True,2548.0,r2000
ASPN,Aspen Aerogels Inc. Common Stock,408304817.0,Consumer Discretionary,RETAIL: Building Materials,2014.0,United States,1145986.0,NYSE,False,True,2549.0,r2000
QTTB,Q32 Bio Inc. Common Stock,404567043.0,Health Care,Biotechnology: Pharmaceutical Preparations,2018.0,United States,1661998.0,Nasdaq,False,True,2550.0,r2000
CHMG,Chemung Financial Corp Common Stock,404521501.0,Finance,Major Banks,,United States,763563.0,Nasdaq,False,True,2551.0,r2000
ECX,ECARX Holdings Inc. Class A Ordinary shares,403923583.0,Technology,EDP Services,,China,1861974.0,Nasdaq,False,False,,
SHIP,Seanergy Maritime Holdings Corp. Common Stock,403028483.0,Consumer Discretionary,Marine Transportation,,Greece,1448397.0,Nasdaq,False,False,,
AIOT,PowerFleet Inc. Common Stock,402677754.0,Telecommunications,Telecommunications Equipment,,United States,1774170.0,Nasdaq,False,True,2552.0,r2000
MOBI,Mobia Medical Inc. Common Stock,402489351.0,Health Care,Medical/Dental Instruments,2026.0,United States,1489993.0,Nasdaq,False,True,2553.0,r2000
LRMR,Larimar Therapeutics Inc. Common Stock,402026966.0,Health Care,Biotechnology: Pharmaceutical Preparations,2014.0,United States,1374690.0,Nasdaq,False,True,2554.0,r2000
GNE,Genie Energy Ltd. Class B Common Stock Stock,401637447.0,Utilities,Power Generation,2011.0,United States,1528356.0,NYSE,False,True,2555.0,r2000
NATH,Nathan's Famous Inc. Common Stock,400997105.0,Consumer Discretionary,Restaurants,1993.0,United States,69733.0,Nasdaq,False,True,2556.0,r2000
XFOR,X4 Pharmaceuticals Inc. Common Stock,400552842.0,Health Care,Biotechnology: Biological Products (No Diagnostic Substances),2017.0,United States,1501697.0,Nasdaq,False,True,2557.0,r2000
MOVE,Corvex Inc. Common Stock,400332976.0,Technology,EDP Services,2021.0,United States,1734750.0,Nasdaq,False,True,2558.0,r2000
RNGR,Ranger Energy Services Inc. Class A Common Stock,400174593.0,Energy,Oilfield Services/Equipment,2017.0,United States,1699039.0,NYSE,False,True,2559.0,r2000
MVBF,MVB Financial Corp. Common Stock,400047591.0,Finance,Major Banks,,United States,1277902.0,Nasdaq,False,True,2560.0,r2000
PKBK,Parke Bancorp Inc. Common Stock,399889980.0,Finance,Major Banks,,United States,1315399.0,Nasdaq,False,True,2561.0,r2000
ACCO,Acco Brands Corporation Common Stock,399691769.0,Consumer Discretionary,Publishing,,United States,712034.0,NYSE,False,True,2562.0,r2000
FIP,FTAI Infrastructure Inc. Common Stock ,399454271.0,Industrials,Railroads,,United States,1899883.0,Nasdaq,False,True,2563.0,r2000
HCMA,HCM III Acquisition Corp. Class A Ordinary Share,399380625.0,Consumer Discretionary,Hotels/Resorts,2025.0,United States,2069856.0,Nasdaq,False,True,2564.0,r2000
TKNO,Alpha Teknova Inc. Common Stock,398903668.0,Health Care,Biotechnology: In Vitro & In Vivo Diagnostic Substances,2021.0,United States,1850902.0,Nasdaq,False,True,2565.0,r2000
NPWR,NET Power Inc. Class A Common Stock,397999653.0,Energy,Industrial Machinery/Components,2021.0,United States,1845437.0,NYSE,False,True,2566.0,r2000
CZFS,Citizens Financial Services Inc. Common Stock,397294023.0,Finance,Major Banks,,United States,739421.0,Nasdaq,False,True,2567.0,r2000
FRST,Primis Financial Corp. Common Stock,396785152.0,Finance,Major Banks,2006.0,United States,1325670.0,Nasdaq,False,True,2568.0,r2000
HTT,High Templar Tech Limited American depositary shares each representing one Class A ordinary share,395972935.0,Finance,Finance: Consumer Services,2017.0,China,1692705.0,NYSE,False,False,,
LWAY,Lifeway Foods Inc. Common Stock,395645704.0,Consumer Staples,Packaged Foods,,United States,814586.0,Nasdaq,False,True,2569.0,r2000
CDRO,Codere Online Luxembourg S.A. Ordinary Shares,395588261.0,Consumer Discretionary,Services-Misc. Amusement & Recreation,,Luxembourg,1866782.0,Nasdaq,False,False,,
DSC,DSC Holdings Ltd. American Depositary Shares,395572687.0,Technology,Computer Software: Programming Data Processing,2026.0,China,1966041.0,Nasdaq,False,False,,
FCBM,First Carolina Financial Services Inc. Common Stock,395506486.0,Finance,Major Banks,2026.0,,1531193.0,NYSE,False,False,,
REAX,Real REMAX Group Inc. Common Stock,395217600.0,Finance,Real Estate,,Canada,2136387.0,Nasdaq,False,False,,
CNCK,Coincheck Group N.V. Ordinary Shares,395103824.0,Finance,Finance: Consumer Services,,Netherlands,1913847.0,Nasdaq,False,False,,
SUJA,Suja Life Inc. Class A Common Stock,394747623.0,Consumer Staples,Beverages (Production/Distribution),2026.0,United States,1934114.0,Nasdaq,False,True,2570.0,r2000
SAZ,Saratoga Investment Corp 8.50% Notes due 2028,394523539.0,Finance,Investment Managers,2023.0,United States,1377936.0,NYSE,False,True,2571.0,r2000
LND,Brasilagro Brazilian Agric Real Estate Co Sponsored ADR (Brazil),393277591.0,Consumer Staples,Farming/Seeds/Milling,,Brazil,1499849.0,NYSE,False,False,,
EVGO,EVgo Inc. Class A Common Stock,393144650.0,Consumer Discretionary,Automotive Aftermarket,,United States,1821159.0,Nasdaq,False,True,2572.0,r2000
SDHY,PGIM Short Duration High Yield Opportunities Fund Common Shares,393041782.0,Finance,Finance/Investors Services,2020.0,,1812923.0,NYSE,False,False,,
MKDW,MKDWELL Tech Inc. Ordinary Share,392256130.0,Technology,Consumer Electronics/Appliances,,Taiwan,1991332.0,Nasdaq,False,False,,
LXEO,Lexeo Therapeutics Inc. Common Stock,392181099.0,Health Care,Biotechnology: Biological Products (No Diagnostic Substances),2023.0,United States,1907108.0,Nasdaq,False,True,2573.0,r2000
GTE,Gran Tierra Energy Inc. Common Stock,391296000.0,Energy,Oil & Gas Production,,Canada,1273441.0,NYSE,False,False,,
FNLC,First Bancorp Inc  (ME) Common Stock,391045904.0,Finance,Major Banks,,United States,765207.0,Nasdaq,False,True,2574.0,r2000
REI,Ring Energy Inc. Common Stock,390809411.0,Energy,Oil & Gas Production,,United States,1384195.0,NYSE,False,True,2575.0,r2000
TREE,LendingTree Inc. Common Stock,390580587.0,Finance,Finance: Consumer Services,,United States,1434621.0,Nasdaq,False,True,2576.0,r2000
FSTR,L.B. Foster Company Common Stock,390388405.0,Industrials,Metal Fabrications,,United States,352825.0,Nasdaq,False,True,2577.0,r2000
PCB,PCB Bancorp Common Stock,390159044.0,Finance,Major Banks,2018.0,United States,1423869.0,Nasdaq,False,True,2578.0,r2000
CLFD,Clearfield Inc. Common Stock,390131188.0,Utilities,Telecommunications Equipment,,United States,796505.0,Nasdaq,False,True,2579.0,r2000
VKI,Invesco Advantage Municipal Income Trust II Common Shares of Beneficial Interest (DE),388996735.0,Finance,Finance Companies,1993.0,United States,908993.0,NYSE,False,True,2580.0,r2000
MNRO,Monro Inc. Common Stock,387986985.0,Consumer Discretionary,Automotive Aftermarket,1991.0,United States,876427.0,Nasdaq,False,True,2581.0,r2000
OPI,Office Properties Income Trust Common shares of beneficial interest,387700170.0,Finance,Real Estate,,United States,1456772.0,Nasdaq,False,True,2582.0,r2000
SOR,Source Capital Inc. Cmn Shs of BI,387350901.0,Finance,Investment Managers,,United States,91847.0,NYSE,False,True,2583.0,r2000
MRAM,Everspin Technologies Inc. Common Stock,387165143.0,Technology,Semiconductors,2016.0,United States,1438423.0,Nasdaq,False,True,2584.0,r2000
VOXR,Vox Royalty Corp. Common Stock,387088732.0,Basic Materials,Precious Metals,,Canada,1907909.0,Nasdaq,False,False,,
ERII,Energy Recovery Inc. Common Stock,386920153.0,Technology,Industrial Machinery/Components,2008.0,United States,1421517.0,Nasdaq,False,True,2585.0,r2000
AUNA,Auna SA Class A Ordinary Shares,386347677.0,Health Care,Medical/Nursing Services,2024.0,Peru,1799207.0,NYSE,False,False,,
MCI,Barings Corporate Investors Common Stock,385580513.0,Finance,Trusts Except Educational Religious and Charitable,,United States,275694.0,NYSE,False,True,2586.0,r2000
GREEL,Vulcan Infrastructure and Power Inc. 8.50% Senior Notes due 2026,385566058.0,Finance,Finance: Consumer Services,,United States,1844971.0,Nasdaq,False,True,2587.0,r2000
CRNC,Cerence Inc. Common Stock,384909487.0,Technology,Computer Software: Prepackaged Software,,United States,1768267.0,Nasdaq,False,True,2588.0,r2000
LZM,Lifezone Metals Limited Ordinary Shares,384834304.0,Basic Materials,Metal Mining,,Isle of Man,1958217.0,NYSE,False,False,,
CCAP,Crescent Capital BDC Inc. Common stock,383197901.0,Finance,Finance: Consumer Services,,United States,1633336.0,Nasdaq,False,True,2589.0,r2000
TRX,TRX Gold Corporation Common Stock,383144591.0,Basic Materials,Precious Metals,,Canada,1173643.0,NYSE,False,False,,
RLGT,Radiant Logistics Inc. Common Stock,383083028.0,Industrials,Integrated Freight & Logistics,,United States,1171155.0,NYSE,False,True,2590.0,r2000
MTC,MMTec Inc. Common Shares,382915133.0,Technology,Computer Software: Prepackaged Software,2019.0,China,1742518.0,Nasdaq,False,False,,
PESI,Perma-Fix Environmental Services Inc. Common Stock,382566869.0,Industrials,Environmental Services,,United States,891532.0,Nasdaq,False,True,2591.0,r2000
OFIX,Orthofix Medical Inc. Common Stock (DE),382071863.0,Health Care,Medical/Dental Instruments,1992.0,Curacao,884624.0,Nasdaq,False,False,,
IPSC,Century Therapeutics Inc. Common Stock,382068927.0,Health Care,Biotechnology: Biological Products (No Diagnostic Substances),2021.0,United States,1850119.0,Nasdaq,False,True,2592.0,r2000
TACO,Berto Acquisition Corp. Ordinary Shares,381914591.0,Finance,Blank Checks,2025.0,United States,2033122.0,Nasdaq,False,True,2593.0,r2000
MCFT,MasterCraft Boat Holdings Inc. Common Stock,381763421.0,Industrials,Marine Transportation,2015.0,United States,1638290.0,Nasdaq,False,True,2594.0,r2000
WSBF,Waterstone Financial Inc. Common Stock (MD),381652304.0,Finance,Savings Institutions,2005.0,United States,1569994.0,Nasdaq,False,True,2595.0,r2000
ALIT,Alight Inc. Class A Common Stock,381457557.0,Consumer Discretionary,Business Services,2021.0,United States,1809104.0,NYSE,False,True,2596.0,r2000
LEO,BNY Mellon Strategic Municipals Inc. Common Stock,381220026.0,Finance,Trusts Except Educational Religious and Charitable,1987.0,United States,818972.0,NYSE,False,True,2597.0,r2000
GRRR,Gorilla Technology Group Inc. Ordinary shares,380832543.0,Technology,Computer Software: Prepackaged Software,,Taiwan,1903145.0,Nasdaq,False,False,,
ABAT,American Battery Technology Company Common Stock,380596201.0,Industrials,Mining & Quarrying of Nonmetallic Minerals (No Fuels),,United States,1576873.0,Nasdaq,False,True,2598.0,r2000
KNOP,KNOT Offshore Partners LP Common Units representing Limited Partner Interests,380025261.0,Consumer Discretionary,Marine Transportation,2013.0,United Kingdom,1564180.0,NYSE,False,False,,
IHRT,iHeartMedia Inc. Class A Common Stock,379705521.0,Consumer Discretionary,Broadcasting,,United States,1400891.0,Nasdaq,False,True,2599.0,r2000
CLNE,Clean Energy Fuels Corp. Common Stock,379165426.0,Utilities,Natural Gas Distribution,2007.0,United States,1368265.0,Nasdaq,False,True,2600.0,r2000
PACK,Ranpak Holdings Corp Class A Common Stock,379051637.0,Consumer Discretionary,Containers/Packaging,2018.0,United States,1712463.0,NYSE,False,True,2601.0,r2000
BBW,Build-A-Bear Workshop Inc. Common Stock,377627783.0,Consumer Discretionary,Recreational Games/Products/Toys,2004.0,United States,1113809.0,NYSE,False,True,2602.0,r2000
NWFL,Norwood Financial Corp. Common Stock,377320781.0,Finance,Major Banks,,United States,1013272.0,Nasdaq,False,True,2603.0,r2000
DSX,Diana Shipping inc. common stock,374485240.0,Consumer Discretionary,Marine Transportation,2005.0,Greece,1318885.0,NYSE,False,False,,
LSAK,Lesaka Technologies Inc. Common Stock,374074022.0,Finance,Investment Bankers/Brokers/Service,,South Africa,1041514.0,Nasdaq,False,False,,
VELO,Velo3D Inc. Common stock,373572751.0,Technology,Industrial Machinery/Components,,United States,1825079.0,Nasdaq,False,True,2604.0,r2000
BMBL,Bumble Inc. Class A Common Stock,373470329.0,Technology,Computer Software: Programming Data Processing,2021.0,United States,1830043.0,Nasdaq,False,True,2605.0,r2000
SLP,Simulations Plus Inc. Common Stock,372743764.0,Technology,EDP Services,,United States,1023459.0,Nasdaq,False,True,2606.0,r2000
GCO,Genesco Inc. Common Stock,372305735.0,Consumer Discretionary,Clothing/Shoe/Accessory Stores,,United States,18498.0,NYSE,False,True,2607.0,r2000
AIV,Apartment Investment and Management Company Common Stock,371806459.0,Real Estate,Real Estate Investment Trusts,1994.0,United States,922864.0,NYSE,False,True,2608.0,r2000
TMCR,The Metals Royalty Company Inc. Common Stock,371358274.0,Basic Materials,Precious Metals,,Canada,2087398.0,Nasdaq,False,False,,
IRD,Opus Genetics Inc. Common Stock,370221412.0,Health Care,Biotechnology: Pharmaceutical Preparations,,United States,1228627.0,Nasdaq,False,True,2609.0,r2000
PERI,Perion Network Ltd. Ordinary Shares,369704999.0,Technology,EDP Services,2006.0,Israel,1338940.0,Nasdaq,False,False,,
ARTNA,Artesian Resources Corporation Class A Common Stock,369194576.0,Utilities,Water Supply,,United States,863110.0,Nasdaq,False,True,2610.0,r2000
MSC,Studio City International Holdings Limited American depositary shares each representing four  Class A ordinary shares,368753201.0,Consumer Discretionary,Hotels/Resorts,2018.0,,1713334.0,NYSE,False,False,,
XLAB,Exascale Labs Holdings Inc. Class A Common Stock,368448000.0,Technology,Computer Software: Prepackaged Software,,United States,2109869.0,Nasdaq,False,True,2611.0,r2000
NECB,NorthEast Community Bancorp Inc. Common Stock,368104418.0,Finance,Banks,2021.0,United States,1847398.0,Nasdaq,False,True,2612.0,r2000
NOA,North American Construction Group Ltd. Common Shares (no par),367717831.0,Energy,Oilfield Services/Equipment,2006.0,Canada,1368519.0,NYSE,False,False,,
ORN,Orion Group Holdings Inc. Common,367697233.0,Industrials,Military/Government/Technical,,United States,1402829.0,NYSE,False,True,2613.0,r2000
CION,CION Investment Corporation Common Stock,366560145.0,Finance,Finance/Investors Services,2021.0,United States,1534254.0,NYSE,False,True,2614.0,r2000
LYEL,Lyell Immunopharma Inc. Common Stock,366474384.0,Health Care,Biotechnology: Pharmaceutical Preparations,2021.0,United States,1806952.0,Nasdaq,False,True,2615.0,r2000
SHOE,Shoe Station Group Inc. Common Stock,366271145.0,Consumer Discretionary,Clothing/Shoe/Accessory Stores,,United States,895447.0,Nasdaq,False,True,2616.0,r2000
ALLT,Allot Ltd. Ordinary Shares,364966319.0,Telecommunications,Computer Communications Equipment,2006.0,Israel,1365767.0,Nasdaq,False,False,,
AGEN,Agenus Inc. Common Stock,364215093.0,Health Care,Biotechnology: Biological Products (No Diagnostic Substances),2000.0,United States,1098972.0,Nasdaq,False,True,2617.0,r2000
DMAC,DiaMedica Therapeutics Inc. Common Stock,363998455.0,Health Care,Biotechnology: Pharmaceutical Preparations,2018.0,United States,1401040.0,Nasdaq,False,True,2618.0,r2000
SUPX,SuperX AI Technology Limited Ordinary Shares,361290233.0,,,2024.0,Hong Kong,1897087.0,Nasdaq,False,False,,
MGPI,MGP Ingredients Inc.,360398899.0,Consumer Staples,Beverages (Production/Distribution),,United States,835011.0,Nasdaq,False,True,2619.0,r2000
ORBS,Eightco Holdings Inc. Common Stock,359981550.0,Finance,Finance Companies,,United States,1892492.0,Nasdaq,False,True,2620.0,r2000
VALU,Value Line Inc. Common Stock,357420296.0,Finance,Investment Managers,1983.0,United States,717720.0,Nasdaq,False,True,2621.0,r2000
ELA,Envela Corporation Common Stock,357257430.0,Consumer Discretionary,Consumer Specialties,,United States,701719.0,NYSE,False,True,2622.0,r2000
BLND,Blend Labs Inc. Class A Common Stock,357135112.0,Technology,Computer Software: Programming Data Processing,2021.0,United States,1855747.0,NYSE,False,True,2623.0,r2000
ZNTL,Zentalis Pharmaceuticals Inc. Common Stock,356900501.0,Health Care,Biotechnology: Pharmaceutical Preparations,2020.0,United States,1725160.0,Nasdaq,False,True,2624.0,r2000
NEGG,Newegg Commerce Inc. Common Shares,356548191.0,Consumer Discretionary,Other Specialty Stores,2010.0,China,1474627.0,Nasdaq,False,False,,
TDUP,ThredUp Inc. Class A Common Stock,355914192.0,Consumer Discretionary,Catalog/Specialty Distribution,2021.0,United States,1484778.0,Nasdaq,False,True,2625.0,r2000
SOHU,Sohu.com Limited American Depositary Shares,355320770.0,Technology,EDP Services,,China,1734107.0,Nasdaq,False,False,,
HLLY,Holley Inc. Common Stock,355216039.0,Consumer Discretionary,Auto Parts:O.E.M.,2020.0,United States,1822928.0,NYSE,False,True,2626.0,r2000
TSBK,Timberland Bancorp Inc. Common Stock,355037001.0,Finance,Banks,,United States,1046050.0,Nasdaq,False,True,2627.0,r2000
UPB,Upstream Bio Inc. Common Stock,354916346.0,Health Care,Biotechnology: Pharmaceutical Preparations,2024.0,United States,2022626.0,Nasdaq,False,True,2628.0,r2000
BRBS,Blue Ridge Bankshares Inc. Common Stock,354270969.0,Finance,Major Banks,,United States,842717.0,NYSE,False,True,2629.0,r2000
CATX,Perspective Therapeutics Inc. Common Stock,353870155.0,Health Care,Biotechnology: Pharmaceutical Preparations,,United States,728387.0,NYSE,False,True,2630.0,r2000
VFF,Village Farms International Inc. Common Shares,353407398.0,Consumer Staples,Farming/Seeds/Milling,,Canada,1584549.0,Nasdaq,False,False,,
SNDL,SNDL Inc. Common Shares,353100266.0,Health Care, Medicinal Chemicals and Botanical Products ,2019.0,Canada,1766600.0,Nasdaq,False,False,,
GASS,StealthGas Inc. Common Stock,352892160.0,Consumer Discretionary,Marine Transportation,2005.0,Greece,1328919.0,Nasdaq,False,False,,
CD,Chaince Digital Holdings Inc. Ordinary Shares,352012160.0,Finance,Finance: Consumer Services,2015.0,China,1527762.0,Nasdaq,False,False,,
TLS,Telos Corporation Common Stock,352010276.0,Technology,EDP Services,2020.0,United States,320121.0,Nasdaq,False,True,2631.0,r2000
ZIP,ZipRecruiter Inc. Class A Common Stock,351105716.0,Technology,Computer Software: Programming Data Processing,2021.0,United States,1617553.0,NYSE,False,True,2632.0,r2000
RBBN,Ribbon Communications Inc. Common Stock,350493770.0,Technology,EDP Services,,United States,1708055.0,Nasdaq,False,True,2633.0,r2000
WDH,Waterdrop Inc. American Depositary Shares (each representing the right to receive 10 Class A Ordinary Shares),349744521.0,Finance,Specialty Insurers,2021.0,Cayman Islands,1823986.0,NYSE,False,False,,
IKT,Inhibikase Therapeutics Inc. Common Stock,348839750.0,Health Care,Biotechnology: Biological Products (No Diagnostic Substances),2020.0,United States,1750149.0,Nasdaq,False,True,2634.0,r2000
OEC,Orion S.A. Common Shares,348745053.0,Industrials,Major Chemicals,2014.0,Luxembourg,1609804.0,NYSE,False,False,,
DGXX,Digi Power X Inc. Subordinate Voting Shares,347779208.0,Finance,Finance: Consumer Services,,Canada,1854368.0,Nasdaq,False,False,,
OPAL,OPAL Fuels Inc. Class A Common Stock,347765596.0,Utilities,Natural Gas Distribution,2021.0,United States,1842279.0,Nasdaq,False,True,2635.0,r2000
CVEO,Civeo Corporation (Canada) Common Shares,347215094.0,Consumer Discretionary,Hotels/Resorts,2014.0,,1590584.0,NYSE,False,False,,
PALI,Palisade Bio Inc. Common Stock,346798410.0,Health Care,Biotechnology: Biological Products (No Diagnostic Substances),,United States,1357459.0,Nasdaq,False,True,2636.0,r2000
AVBH,Avidbank Holdings Inc. Common stock,346528794.0,Finance,Commercial Banks,,United States,1443575.0,Nasdaq,False,True,2637.0,r2000
LE,Lands' End Inc. Common Stock,346449571.0,Consumer Discretionary,Clothing/Shoe/Accessory Stores,,United States,799288.0,Nasdaq,False,True,2638.0,r2000
API,Agora Inc. American Depositary Shares,345990750.0,Technology,Computer Software: Prepackaged Software,2020.0,China,1802883.0,Nasdaq,False,False,,
PSFE,Paysafe Limited Common Shares,345666425.0,Consumer Discretionary,Business Services,2021.0,United Kingdom,1833835.0,NYSE,False,False,,
CUB,Lionheart Holdings Class A Ordinary Shares,345642107.0,Industrials,Industrial Machinery/Components,2024.0,United States,2015955.0,Nasdaq,False,True,2639.0,r2000
PMO,Franklin Municipal Opportunities Trust Shares of Beneficial Interest,345252721.0,Finance,Finance Companies,1993.0,United States,900422.0,NYSE,False,True,2640.0,r2000
RPAY,Repay Holdings Corporation Class A Common Stock,344166278.0,Consumer Discretionary,Business Services,2018.0,United States,1720592.0,Nasdaq,False,True,2641.0,r2000
GOGO,Gogo Inc. Common Stock,342834891.0,Consumer Discretionary,Telecommunications Equipment,2013.0,United States,1537054.0,Nasdaq,False,True,2642.0,r2000
EH,EHang Holdings Limited ADS,342821036.0,Industrials,Aerospace,2019.0,China,1759783.0,Nasdaq,False,False,,
PINE,Alpine Income Property Trust Inc. Common Stock,342722848.0,Real Estate,Real Estate Investment Trusts,2019.0,United States,1786117.0,NYSE,False,True,2643.0,r2000
TCPC,BlackRock TCP Capital Corp. Common Stock,342323322.0,Finance,Finance/Investors Services,2012.0,United States,1370755.0,Nasdaq,False,True,2644.0,r2000
VMD,Viemed Healthcare Inc. Common Shares,342032287.0,Health Care,Misc Health and Biotechnology Services,,United States,1729149.0,Nasdaq,False,True,2645.0,r2000
PNRG,PrimeEnergy Resources Corporation Common Stock,341904904.0,Energy,Oil & Gas Production,,United States,56868.0,Nasdaq,False,True,2646.0,r2000
PTLO,Portillo's Inc. Class A Common Stock,341744508.0,Consumer Discretionary,Restaurants,2021.0,United States,1871509.0,Nasdaq,False,True,2647.0,r2000
OPRT,Oportun Financial Corporation Common Stock,341685290.0,Finance,Finance: Consumer Services,2019.0,United States,1538716.0,Nasdaq,False,True,2648.0,r2000
FTW,Presidio Production Company Class A Common Stock,341451384.0,Energy,Oil & Gas Production,,,2083125.0,NYSE,False,False,,
SABS,SAB Biotherapeutics Inc. Common Stock,341198880.0,Health Care,Biotechnology: Biological Products (No Diagnostic Substances),2021.0,United States,1833214.0,Nasdaq,False,True,2649.0,r2000
KTF,DWS Municipal Income Trust,340893095.0,Finance,Finance Companies,1988.0,United States,839533.0,NYSE,False,True,2650.0,r2000
PPT,Franklin Premier Income Trust Shares of Beneficial Interest,340386659.0,Finance,Finance Companies,1988.0,United States,827773.0,NYSE,False,True,2651.0,r2000
RDIB,Reading International Inc Class B Common Stock,340376188.0,Consumer Discretionary,Movies/Entertainment,,United States,716634.0,Nasdaq,False,True,2652.0,r2000
ABEO,Abeona Therapeutics Inc. Common Stock,340244901.0,Health Care,Biotechnology: Pharmaceutical Preparations,,United States,318306.0,Nasdaq,False,True,2653.0,r2000
STRO,Sutro Biopharma Inc. Common Stock,339416570.0,Health Care,Biotechnology: Biological Products (No Diagnostic Substances),2018.0,United States,1382101.0,Nasdaq,False,True,2654.0,r2000
FVRR,Fiverr International Ltd. Ordinary Shares no par value,339015365.0,Consumer Discretionary,Business Services,2019.0,,1762301.0,NYSE,False,False,,
FSBW,FS Bancorp Inc. Common Stock,338937200.0,Finance,Banks,2012.0,United States,1530249.0,Nasdaq,False,True,2655.0,r2000
IFRX,InflaRx N.V. Common Stock,337473226.0,Health Care,Biotechnology: Pharmaceutical Preparations,2017.0,Germany,1708688.0,Nasdaq,False,False,,
CLW,Clearwater Paper Corporation Common Stock,337392823.0,Basic Materials,Paper,,United States,1441236.0,NYSE,False,True,2656.0,r2000
SEG,Seaport Entertainment Group Inc. Common Stock,337275083.0,Consumer Discretionary,Services-Misc. Amusement & Recreation,2024.0,United States,2009684.0,NYSE,False,True,2657.0,r2000
FNKO,Funko Inc. Class A Common Stock,335414638.0,Consumer Discretionary,Recreational Games/Products/Toys,2017.0,United States,1704711.0,Nasdaq,False,True,2658.0,r2000
BKKT,Bakkt Inc. Class A Common Stock,334866073.0,Finance,Finance: Consumer Services,,United States,1820302.0,NYSE,False,True,2659.0,r2000
PMTS,CPI Card Group Inc. Common Stock,334389401.0,Consumer Discretionary,Publishing,,United States,1641614.0,Nasdaq,False,True,2660.0,r2000
VNDA,Vanda Pharmaceuticals Inc. Common Stock,334358659.0,Health Care,Biotechnology: Pharmaceutical Preparations,2006.0,United States,1347178.0,Nasdaq,False,True,2661.0,r2000
NNDM,Nano Dimension Ltd. American Depositary Shares,333125637.0,Technology,Electrical Products,,Israel,1643303.0,Nasdaq,False,False,,
RCEL,Avita Medical Inc. Common Stock,332772874.0,Health Care,Medical/Dental Instruments,,United States,1762303.0,Nasdaq,False,True,2662.0,r2000
FLXS,Flexsteel Industries Inc. Common Stock,332494874.0,Consumer Discretionary,Home Furnishings,,United States,37472.0,Nasdaq,False,True,2663.0,r2000
RCKY,Rocky Brands Inc. Common Stock,332191334.0,Consumer Discretionary,Shoe Manufacturing,1993.0,United States,895456.0,Nasdaq,False,True,2664.0,r2000
BCML,BayCom Corp Common Stock,332080758.0,Finance,Major Banks,2018.0,United States,1730984.0,Nasdaq,False,True,2665.0,r2000
FVCB,FVCBankcorp Inc. Common Stock,331649030.0,Finance,Major Banks,,United States,1675644.0,Nasdaq,False,True,2666.0,r2000
EBS,Emergent BioSolutions Inc. Common Stock,331225751.0,Health Care,Biotechnology: Pharmaceutical Preparations,2006.0,United States,1367644.0,NYSE,False,True,2667.0,r2000
NREF,NexPoint Real Estate Finance Inc. Common Stock,330971389.0,Real Estate,Real Estate Investment Trusts,2020.0,United States,1786248.0,NYSE,False,True,2668.0,r2000
SION,Sionna Therapeutics Inc. Common Stock,330502637.0,Health Care,Biotechnology: Pharmaceutical Preparations,2025.0,United States,2036042.0,Nasdaq,False,True,2669.0,r2000
NL,NLI Holdings Inc. Common Stock,330066455.0,Basic Materials,Major Chemicals,,United States,72162.0,NYSE,False,True,2670.0,r2000
TWIN,Twin Disc Incorporated Common Stock,329417369.0,Industrials,Industrial Machinery/Components,,United States,100378.0,Nasdaq,False,True,2671.0,r2000
CHSCP,CHS Inc. 8%  Cumulative Redeemable Preferred Stock,327313955.0,Industrials,Farming/Seeds/Milling,,United States,823277.0,Nasdaq,False,True,2672.0,r2000
TCI,Transcontinental Realty Investors Inc. Common Stock,327005676.0,Real Estate,Real Estate Investment Trusts,,United States,733590.0,NYSE,False,True,2673.0,r2000
VGZ,Vista Gold Corp Common Stock,326975815.0,Basic Materials,Precious Metals,1986.0,United States,783324.0,NYSE,False,True,2674.0,r2000
CLLS,Cellectis S.A. American Depositary Shares,326713647.0,Health Care,Biotechnology: Pharmaceutical Preparations,2015.0,France,1627281.0,Nasdaq,False,False,,
MLP,Maui Land & Pineapple Company Inc. Common Stock,325292959.0,Finance,Real Estate,1998.0,United States,63330.0,NYSE,False,True,2675.0,r2000
COSO,CoastalSouth Bancshares Inc. Common Stock,325160931.0,Finance,Major Banks,2025.0,United States,1297107.0,NYSE,False,True,2676.0,r2000
AIRJ,AirJoule Technologies Corporation Class A Common Stock,324928955.0,Industrials,Industrial Machinery/Components,2022.0,United States,1855474.0,Nasdaq,False,True,2677.0,r2000
PLAY,Dave & Buster's Entertainment Inc. Common Stock,324926402.0,Consumer Discretionary,Restaurants,2014.0,United States,1525769.0,Nasdaq,False,True,2678.0,r2000
JMSB,John Marshall Bancorp Inc. Common Stock,324861325.0,Finance,Major Banks,,United States,1710482.0,Nasdaq,False,True,2679.0,r2000
IMRX,Immuneering Corporation Class A Common Stock,324780958.0,Health Care,Biotechnology: Pharmaceutical Preparations,2021.0,United States,1790340.0,Nasdaq,False,True,2680.0,r2000
FRD,Friedman Industries Inc. Common Stock,324575595.0,Industrials,Steel/Iron Ore,,United States,39092.0,Nasdaq,False,True,2681.0,r2000
IA,Innovative Solutions and Support Inc. Common Stock,324333015.0,Technology,EDP Services,,United States,836690.0,Nasdaq,False,True,2682.0,r2000
ELVA,Electrovaya Inc. Common Shares,323492864.0,Miscellaneous,Industrial Machinery/Components,,Canada,1844450.0,Nasdaq,False,False,,
MSB,Mesabi Trust Common Stock,323014646.0,Industrials,Precious Metals,,United States,65172.0,NYSE,False,True,2683.0,r2000
EMBC,Embecta Corp. Common Stock,322393118.0,Health Care,Medical/Dental Instruments,,United States,1872789.0,Nasdaq,False,True,2684.0,r2000
FUND,Sprott Focus Trust Inc. Common Stock,319746080.0,Finance,Investment Managers,,United States,825202.0,Nasdaq,False,True,2685.0,r2000
SMTI,Sanara MedTech Inc. Common Stock,319743618.0,Health Care,Industrial Specialties,,United States,714256.0,Nasdaq,False,True,2686.0,r2000
ALTO,Alto Ingredients Inc. Common Stock,318802688.0,Industrials,Major Chemicals,,United States,778164.0,Nasdaq,False,True,2687.0,r2000
FCCO,First Community Corporation Common Stock,318086897.0,Finance,Major Banks,,United States,932781.0,Nasdaq,False,True,2688.0,r2000
FINS,Angel Oak Financial Strategies Income Term Trust Common Shares of Beneficial Interest,317543623.0,Finance,Finance/Investors Services,2019.0,,1745059.0,NYSE,False,False,,
MPTI,M-tron Industries Inc. Common Stock,317336213.0,Technology,Industrial Machinery/Components,2022.0,United States,1902314.0,NYSE,False,True,2689.0,r2000
TLSI,TriSalus Life Sciences Inc. Common Stock,316493444.0,Health Care,Medical Specialities,2021.0,United States,1826667.0,Nasdaq,False,True,2690.0,r2000
NC,NACCO Industries Inc. Common Stock,314621715.0,Energy,Coal Mining,,United States,789933.0,NYSE,False,True,2691.0,r2000
RFMZ,RiverNorth Flexible Municipal Income Fund II Inc. Common Stock,314137652.0,Finance,Finance/Investors Services,2021.0,,1817159.0,NYSE,False,False,,
PHOS,First Phosphate Corp. American Depositary Shares,313412486.0,Industrials,Mining & Quarrying of Nonmetallic Minerals (No Fuels),,Canada,1490078.0,Nasdaq,False,False,,
NODK,NI Holdings Inc. Common Stock,313008451.0,Finance,Property-Casualty Insurers,2017.0,United States,1681206.0,Nasdaq,False,True,2692.0,r2000
FDBC,Fidelity D & D Bancorp Inc. Common Stock,312846241.0,Finance,Major Banks,,United States,1098151.0,Nasdaq,False,True,2693.0,r2000
PYXS,Pyxis Oncology Inc. Common Stock,312780188.0,Health Care,Biotechnology: Pharmaceutical Preparations,2021.0,United States,1782223.0,Nasdaq,False,True,2694.0,r2000
FXHO,UTime Limited Class A Ordinary Shares,312688339.0,Technology,Consumer Electronics/Appliances,2021.0,China,1789299.0,Nasdaq,False,False,,
GPRO,GoPro Inc. Class A Common Stock,311812451.0,Consumer Discretionary,Industrial Machinery/Components,2014.0,United States,1500435.0,Nasdaq,False,True,2695.0,r2000
TBI,TrueBlue Inc. Common Stock,310532309.0,Consumer Discretionary,Professional Services,,United States,768899.0,NYSE,False,True,2696.0,r2000
CUVL,Clinuvel Pharmaceuticals Limited American Depositary Shares,310376340.0,Miscellaneous,Miscellaneous,,Australia,1290877.0,Nasdaq,False,False,,
EFT,Eaton Vance Floating Rate Income Trust Common Shares of Beneficial Interest,310103824.0,Finance,Finance Companies,2004.0,United States,1288992.0,NYSE,False,True,2697.0,r2000
SWKHL,SWK Holdings Corporation 9.00% Senior Notes due 2027,309271360.0,,,,United States,1089907.0,Nasdaq,False,True,2698.0,r2000
MYGN,Myriad Genetics Inc. Common Stock,308948353.0,Health Care,Biotechnology: In Vitro & In Vivo Diagnostic Substances,1995.0,United States,899923.0,Nasdaq,False,True,2699.0,r2000
FGBIP,First Guaranty Bancshares Inc. 6.75% Series A Fixed-Rate Non-Cumulative Perpetual Preferred Stock,307379062.0,Finance,Savings Institutions,,United States,1408534.0,Nasdaq,False,True,2700.0,r2000
CBNA,Chain Bridge Bancorp Inc. Class A Common Stock,307093036.0,Finance,Major Banks,2024.0,,1392272.0,NYSE,False,False,,
FHTX,Foghorn Therapeutics Inc. Common Stock,307022079.0,Health Care,Biotechnology: Pharmaceutical Preparations,2020.0,United States,1822462.0,Nasdaq,False,True,2701.0,r2000
ZUMZ,Zumiez Inc. Common Stock,306399424.0,Consumer Discretionary,Clothing/Shoe/Accessory Stores,2005.0,United States,1318008.0,Nasdaq,False,True,2702.0,r2000
TMCI,Treace Medical Concepts Inc. Common Stock,305662394.0,Health Care,Medical/Dental Instruments,2021.0,United States,1630627.0,Nasdaq,False,True,2703.0,r2000
MTRX,Matrix Service Company Common Stock,305533611.0,Consumer Discretionary,Engineering & Construction,1990.0,United States,866273.0,Nasdaq,False,True,2704.0,r2000
LDI,loanDepot Inc. Class A Common Stock,305151314.0,Finance,Finance: Consumer Services,2021.0,United States,1831631.0,NYSE,False,True,2705.0,r2000
TII,Titan Mining Corporation Common Shares,304859404.0,,,2025.0,,1791703.0,NYSE,False,False,,
GBAB,Guggenheim Taxable Municipal Bond & Investment Grade Debt Trust Common Shares of Beneficial Interest,304821877.0,Finance,Investment Managers,2010.0,United States,1495825.0,NYSE,False,True,2706.0,r2000
RM,Regional Management Corp. Common Stock,304820234.0,Finance,Finance: Consumer Services,2012.0,United States,1519401.0,NYSE,False,True,2707.0,r2000
JACK,Jack In The Box Inc. Common Stock,304184174.0,Consumer Discretionary,Restaurants,,United States,807882.0,Nasdaq,False,True,2708.0,r2000
ISBA,Isabella Bank Corporation Common stock,304010589.0,Finance,Major Banks,,United States,842517.0,Nasdaq,False,True,2709.0,r2000
ALEC,Alector Inc. Common Stock,303706820.0,Health Care,Biotechnology: Biological Products (No Diagnostic Substances),2019.0,United States,1653087.0,Nasdaq,False,True,2710.0,r2000
PRQR,ProQR Therapeutics N.V. Ordinary Shares,303411173.0,Health Care,Biotechnology: Pharmaceutical Preparations,2014.0,Netherlands,1612940.0,Nasdaq,False,False,,
OPTX,Syntec Optics Holdings Inc. Class A Common Stock,303307481.0,Technology,Electronic Components,2022.0,United States,1866816.0,Nasdaq,False,True,2711.0,r2000
MNTK,Montauk Renewables Inc. Common Stock,303186626.0,Utilities,Natural Gas Distribution,2021.0,United States,1826600.0,Nasdaq,False,True,2712.0,r2000
XYF,X Financial American Depositary Shares each representing six Class A Ordinary Shares,302949105.0,Finance,Finance: Consumer Services,2018.0,Cayman Islands,1725033.0,NYSE,False,False,,
MYFW,First Western Financial Inc. Common Stock,302914302.0,Finance,Major Banks,2018.0,United States,1327607.0,Nasdaq,False,True,2713.0,r2000
LEGO,Legato Merger Corp. IV Ordinary Shares,302464219.0,Industrials,Military/Government/Technical,2026.0,,2087450.0,NYSE,False,False,,
SSP,E.W. Scripps Company (The) Class A Common Stock,301174221.0,Industrials,Broadcasting,,United States,832428.0,Nasdaq,False,True,2714.0,r2000
BCYC,Bicycle Therapeutics plc American Depositary Shares,300969345.0,Health Care,Biotechnology: Pharmaceutical Preparations,2019.0,United Kingdom,1761612.0,Nasdaq,False,False,,
AFRI,Forafric Global PLC Ordinary Shares,299298347.0,Consumer Staples,Packaged Foods,,Gibraltar,1903870.0,Nasdaq,False,False,,
PMM,Franklin Managed Municipal Income Trust Shares of Beneficial Interest,299256287.0,Finance,Investment Managers,1989.0,United States,844790.0,NYSE,False,True,2715.0,r2000
FOA,Finance of America Companies Inc. Class A Common Stock,299236128.0,Finance,Finance: Consumer Services,2021.0,United States,1828937.0,NYSE,False,True,2716.0,r2000
ALCO,Alico Inc. Common Stock,298671266.0,Consumer Staples,Farming/Seeds/Milling,,United States,3545.0,Nasdaq,False,True,2717.0,r2000
FOSL,Fossil Group Inc. Common Stock,298055782.0,Consumer Discretionary,Consumer Specialties,1993.0,United States,883569.0,Nasdaq,False,True,2718.0,r2000
CFFI,C&F Financial Corporation Common Stock,297887413.0,Finance,Major Banks,,United States,913341.0,Nasdaq,False,True,2719.0,r2000
OBIO,Orchestra BioMed Holdings Inc. Ordinary Shares,297519993.0,Health Care, Medicinal Chemicals and Botanical Products ,2020.0,United States,1814114.0,Nasdaq,False,True,2720.0,r2000
KLC,KinderCare Learning Companies Inc. Common Stock,297477753.0,Consumer Discretionary,Other Consumer Services,2024.0,United States,1873529.0,NYSE,False,True,2721.0,r2000
CV,CapsoVision Inc. Common Stock,296778194.0,Health Care,Biotechnology: Electromedical & Electrotherapeutic Apparatus,2025.0,United States,1378325.0,Nasdaq,False,True,2722.0,r2000
RCMT,RCM Technologies Inc. Common Stock,295309821.0,Consumer Discretionary,Professional Services,,United States,700841.0,Nasdaq,False,True,2723.0,r2000
NXDT,NexPoint Diversified Real Estate Trust Common Stock,294738450.0,Real Estate,Real Estate Investment Trusts,,United States,1356115.0,NYSE,False,True,2724.0,r2000
CNDT,Conduent Incorporated Common Stock ,293934312.0,Consumer Discretionary,Business Services,,United States,1677703.0,Nasdaq,False,True,2725.0,r2000
FULC,Fulcrum Therapeutics Inc. Common Stock,293744439.0,Health Care,Biotechnology: Pharmaceutical Preparations,2019.0,United States,1680581.0,Nasdaq,False,True,2726.0,r2000
FATE,Fate Therapeutics Inc. Common Stock,293560259.0,Health Care,Biotechnology: Biological Products (No Diagnostic Substances),2013.0,United States,1434316.0,Nasdaq,False,True,2727.0,r2000
GLOO,Gloo Holdings Inc. Class A Common Stock,293052235.0,Technology,EDP Services,2025.0,United States,2069785.0,Nasdaq,False,True,2728.0,r2000
BPRN,Princeton Bancorp Inc. Common Stock (PA),292831379.0,Finance,Major Banks,,United States,1913971.0,Nasdaq,False,True,2729.0,r2000
RXST,RxSight Inc. Common Stock,292400590.0,Health Care,Ophthalmic Goods,2021.0,United States,1111485.0,Nasdaq,False,True,2730.0,r2000
STRT,STRATTEC SECURITY CORPORATION Common Stock,291184900.0,Consumer Discretionary,Auto Parts:O.E.M.,,United States,933034.0,Nasdaq,False,True,2731.0,r2000
OCCIN,OFS Credit Company Inc. 5.25% Series E Term Preferred Stock Due 2026,289483429.0,Finance,Trusts Except Educational Religious and Charitable,,United States,1716951.0,Nasdaq,False,True,2732.0,r2000
AMRN,Amarin Corporation plc,289382826.0,Health Care,Biotechnology: Pharmaceutical Preparations,,Ireland,897448.0,Nasdaq,False,False,,
KWY,Kingsway Corporation Common Stock,289310000.0,Finance,Property-Casualty Insurers,,Canada,1072627.0,NYSE,False,False,,
RC,Ready Capital Corporation Common Stock,289084236.0,Real Estate,Real Estate Investment Trusts,2013.0,United States,1527590.0,NYSE,False,True,2733.0,r2000
ACIU,AC Immune SA Common Stock,289036947.0,Health Care,Biotechnology: Pharmaceutical Preparations,2016.0,Switzerland,1651625.0,Nasdaq,False,False,,
OVLY,Oak Valley Bancorp (CA) Common Stock,288892393.0,Finance,Major Banks,,United States,1431567.0,Nasdaq,False,True,2734.0,r2000
ANIK,Anika Therapeutics Inc. Common Stock,288402917.0,Health Care,Medical/Dental Instruments,,United States,898437.0,Nasdaq,False,True,2735.0,r2000
TTRX,Turn Therapeutics Inc. Common Stock,288050347.0,Health Care,Biotechnology: Pharmaceutical Preparations,,United States,2023016.0,Nasdaq,False,True,2736.0,r2000
MRLN,Merlin Inc. Common Stock,288043184.0,Technology,EDP Services,2024.0,United States,2028707.0,Nasdaq,False,True,2737.0,r2000
GBFH,GBank Financial Holdings Inc. Common Stock,288006507.0,Finance,Major Banks,,United States,1791145.0,Nasdaq,False,True,2738.0,r2000
ELLO,Ellomay Capital Ltd Ordinary Shares (Israel),287931675.0,Utilities,Electric Utilities: Central,,Israel,946394.0,NYSE,False,False,,
ALXO,ALX Oncology Holdings Inc. Common Stock,287616154.0,Health Care,Biotechnology: Pharmaceutical Preparations,2020.0,United States,1810182.0,Nasdaq,False,True,2739.0,r2000
PPHC,Public Policy Holding Company Inc. Common Stock,287541872.0,,,2026.0,United States,1903508.0,Nasdaq,False,True,2740.0,r2000
AIIO,Robo.ai Inc. Class B Ordinary Shares,287410910.0,Industrials,Auto Manufacturing,,United Arab Emirates,1932737.0,Nasdaq,False,False,,
KINS,Kingstone Companies Inc. Common Stock,287351240.0,Finance,Property-Casualty Insurers,,United States,33992.0,Nasdaq,False,True,2741.0,r2000
RMMZ,RiverNorth Managed Duration Municipal Income Fund II Inc. Common Stock,287014191.0,Finance,Investment Managers,2022.0,,1870833.0,NYSE,False,False,,
JILL,J. Jill Inc. Common Stock,286618626.0,Consumer Discretionary,Apparel,2017.0,United States,1687932.0,NYSE,False,True,2742.0,r2000
BDSX,Biodesix Inc. Common Stock,286568365.0,Health Care,Medical Specialities,2020.0,United States,1439725.0,Nasdaq,False,True,2743.0,r2000
ONIT,Onity Group Inc. Common Stock,284889132.0,Finance,Finance: Consumer Services,,United States,873860.0,NYSE,False,True,2744.0,r2000
XPER,Xperi Inc. Common Stock ,284827440.0,Technology,Computer Software: Prepackaged Software,2022.0,United States,1788999.0,NYSE,False,True,2745.0,r2000
TRDA,Entrada Therapeutics Inc. Common Stock,284237684.0,Health Care,Biotechnology: Pharmaceutical Preparations,2021.0,United States,1689375.0,Nasdaq,False,True,2746.0,r2000
FRAF,Franklin Financial Services Corporation Common Stock,284013616.0,Finance,Major Banks,,United States,723646.0,Nasdaq,False,True,2747.0,r2000
LTBR,Lightbridge Corporation Common Stock,283557749.0,Basic Materials,Major Chemicals,,United States,1084554.0,Nasdaq,False,True,2748.0,r2000
OIA,Invesco Municipal Income Opportunities Trust Common Stock,283253255.0,Finance,Finance Companies,,United States,835333.0,NYSE,False,True,2749.0,r2000
ARDC,Ares Dynamic Credit Allocation Fund Inc. Common Shares,282999497.0,Finance,Investment Managers,2012.0,United States,1515324.0,NYSE,False,True,2750.0,r2000
SY,So-Young International Inc. American Depository Shares,282852122.0,Technology,EDP Services,2019.0,China,1758530.0,Nasdaq,False,False,,
FUNC,First United Corporation Common Stock,282613478.0,Finance,Major Banks,,United States,763907.0,Nasdaq,False,True,2751.0,r2000
MKTW,MarketWise Inc. Class A Common Stock,281574557.0,Technology,Computer Software: Prepackaged Software,,United States,1805651.0,Nasdaq,False,True,2752.0,r2000
ATLO,Ames National Corporation Common Stock,281216735.0,Finance,Major Banks,,United States,1132651.0,Nasdaq,False,True,2753.0,r2000
PRHIZ,Presurance Holdings Inc. 9.75% Senior Unsecured Notes due 2028,281126263.0,Finance,Property-Casualty Insurers,,United States,1502292.0,Nasdaq,False,True,2754.0,r2000
NNBR,NN Inc. Common Stock,280774938.0,Industrials,Industrial Machinery/Components,1994.0,United States,918541.0,Nasdaq,False,True,2755.0,r2000
JAKK,JAKKS Pacific Inc. Common Stock,280746144.0,Consumer Discretionary,Recreational Games/Products/Toys,1996.0,United States,1009829.0,Nasdaq,False,True,2756.0,r2000
LCTX,Lineage Cell Therapeutics Inc. Common Stock,280727285.0,Health Care,Biotechnology: Biological Products (No Diagnostic Substances),,United States,876343.0,NYSE,False,True,2757.0,r2000
BGS,B&G Foods Inc. Common Stock,280401065.0,Consumer Staples,Packaged Foods,,United States,1278027.0,NYSE,False,True,2758.0,r2000
FXNC,First National Corporation Common Stock,279326810.0,Finance,Major Banks,,United States,719402.0,Nasdaq,False,True,2759.0,r2000
RMM,RiverNorth Managed Duration Municipal Income Fund Inc. Common Stock,279315736.0,Finance,Trusts Except Educational Religious and Charitable,2019.0,,1771226.0,NYSE,False,False,,
LAW,CS Disco Inc. Common Stock,279154990.0,Technology,Computer Software: Prepackaged Software,2021.0,United States,1625641.0,NYSE,False,True,2760.0,r2000
ESCA,Escalade Incorporated Common Stock,278900659.0,Consumer Discretionary,Recreational Games/Products/Toys,,United States,33488.0,Nasdaq,False,True,2761.0,r2000
REFI,Chicago Atlantic Real Estate Finance Inc. Common Stock,278758068.0,Real Estate,Real Estate Investment Trusts,2021.0,United States,1867949.0,Nasdaq,False,True,2762.0,r2000
FNRN,First Northern Community Bancorp Common stock,278228292.0,Finance,Savings Institutions,,United States,1114927.0,Nasdaq,False,True,2763.0,r2000
MIN,Aberdeen Intermediate Income Fund Common Shares of Beneficial Interest,278052606.0,Finance,Trusts Except Educational Religious and Charitable,1988.0,United States,826735.0,NYSE,False,True,2764.0,r2000
BKTI,BK Technologies Corporation Common Stock,277427030.0,Technology,Radio And Television Broadcasting And Communications Equipment,,United States,2186.0,NYSE,False,True,2765.0,r2000
TTGT,TechTarget Inc. Common Stock,275587435.0,Telecommunications,Telecommunications Equipment,,United States,2018064.0,Nasdaq,False,True,2766.0,r2000
WNEB,Western New England Bancorp Inc. Common Stock,275229823.0,Finance,Savings Institutions,,United States,1157647.0,Nasdaq,False,True,2767.0,r2000
MGNX,MacroGenics Inc. Common Stock,275184808.0,Health Care,Biotechnology: Pharmaceutical Preparations,2013.0,United States,1125345.0,Nasdaq,False,True,2768.0,r2000
RNAC,Cartesian Therapeutics Inc. Common Stock,274718596.0,Health Care,Biotechnology: Pharmaceutical Preparations,2016.0,United States,1453687.0,Nasdaq,False,True,2769.0,r2000
MFIN,Medallion Financial Corp. Common Stock,274145373.0,Finance,Finance: Consumer Services,,United States,1000209.0,Nasdaq,False,True,2770.0,r2000
LCNB,LCNB Corporation Common Stock,273695770.0,Finance,Major Banks,,United States,1074902.0,Nasdaq,False,True,2771.0,r2000
QNBC,QNB Corp. Common Stock,273396223.0,Finance,Major Banks,,United States,750558.0,Nasdaq,False,True,2772.0,r2000
HCKT,Hackett Group Inc (The). Common Stock,272412709.0,Consumer Discretionary,Professional Services,,United States,1057379.0,Nasdaq,False,True,2773.0,r2000
BRT,BRT Apartments Corp. (MD) Common Stock,272314584.0,Real Estate,Real Estate Investment Trusts,,United States,14846.0,NYSE,False,True,2774.0,r2000
AKBA,Akebia Therapeutics Inc. Common Stock,271647252.0,Health Care,Biotechnology: Pharmaceutical Preparations,2014.0,United States,1517022.0,Nasdaq,False,True,2775.0,r2000
DVLT,Datavault AI Inc. Common Stock,271052544.0,Consumer Discretionary,Business Services,2018.0,United States,1682149.0,Nasdaq,False,True,2776.0,r2000
DUOT,Duos Technologies Group Inc. Common Stock,270978216.0,Technology,Computer Software: Prepackaged Software,,United States,1396536.0,Nasdaq,False,True,2777.0,r2000
ACV,Virtus Diversified Income & Convertible Fund Common Shares of Beneficial Interest,270162211.0,Finance,Finance/Investors Services,2015.0,United States,1636289.0,NYSE,False,True,2778.0,r2000
HWBK,Hawthorn Bancshares Inc. Common Stock,269471476.0,Finance,Major Banks,,United States,893847.0,Nasdaq,False,True,2779.0,r2000
USNA,USANA Health Sciences Inc. Common Stock,269018335.0,Health Care, Medicinal Chemicals and Botanical Products ,,United States,896264.0,NYSE,False,True,2780.0,r2000
PDYN,Palladyne AI Corp. Common Stock,268894880.0,Technology,Computer Software: Prepackaged Software,,United States,1826681.0,Nasdaq,False,True,2781.0,r2000
PCYO,Pure Cycle Corporation Common Stock,268685676.0,Utilities,Water Supply,,United States,276720.0,Nasdaq,False,True,2782.0,r2000
WHWK,Whitehawk Therapeutics Inc. Common Stock,268512437.0,Health Care,Biotechnology: Pharmaceutical Preparations,,United States,1422142.0,Nasdaq,False,True,2783.0,r2000
LMNR,Limoneira Co Common Stock,268353704.0,Consumer Staples,Farming/Seeds/Milling,,United States,1342423.0,Nasdaq,False,True,2784.0,r2000
AVXL,Anavex Life Sciences Corp. Common Stock,267893873.0,Health Care,Biotechnology: Biological Products (No Diagnostic Substances),,United States,1314052.0,Nasdaq,False,True,2785.0,r2000
TG,Tredegar Corporation Common Stock,267672296.0,Industrials,Metal Fabrications,,United States,850429.0,NYSE,False,True,2786.0,r2000
MMT,Aberdeen Multi-Market Income Fund Common Shares of Beneficial Interest,266776406.0,Finance,Trusts Except Educational Religious and Charitable,1987.0,United States,809173.0,NYSE,False,True,2787.0,r2000
GENC,Gencor Industries Inc. Common Stock,266770176.0,Industrials,Construction/Ag Equipment/Trucks,,United States,64472.0,NYSE,False,True,2788.0,r2000
MVST,Microvast Holdings Inc. Common Stock,266713119.0,Miscellaneous,Industrial Machinery/Components,2019.0,United States,1760689.0,Nasdaq,False,True,2789.0,r2000
DBI,Designer Brands Inc. Class A Common Stock,266579665.0,Consumer Discretionary,Clothing/Shoe/Accessory Stores,,United States,1319947.0,NYSE,False,True,2790.0,r2000
RMBI,Richmond Mutual Bancorporation Inc. Common Stock,266468831.0,Finance,Major Banks,2019.0,United States,1767837.0,Nasdaq,False,True,2791.0,r2000
USAU,U.S. Gold Corp. Common Stock,266401748.0,Basic Materials,Metal Mining,,United States,27093.0,Nasdaq,False,True,2792.0,r2000
YDES,YD Bio Limited Ordinary Shares,266325861.0,Health Care,Medical Specialities,,United States,2011674.0,Nasdaq,False,True,2793.0,r2000
SRZN,Surrozen Inc. Common Stock,265630411.0,Health Care,Biotechnology: Biological Products (No Diagnostic Substances),,United States,1824893.0,Nasdaq,False,True,2794.0,r2000
SMHI,SEACOR Marine Holdings Inc. Common Stock ,265359038.0,Consumer Discretionary,Marine Transportation,2017.0,United States,1690334.0,NYSE,False,True,2795.0,r2000
VPV,Invesco Pennsylvania Value Municipal Income Trust Common Stock (DE),265222825.0,Finance,Trusts Except Educational Religious and Charitable,,United States,895528.0,NYSE,False,True,2796.0,r2000
EOT,Eaton Vance Municipal Income Trust EATON VANCE NATIONAL MUNICIPAL OPPORTUNITIES TRUST,264842411.0,Finance,Investment Bankers/Brokers/Service,2009.0,United States,1454741.0,NYSE,False,True,2797.0,r2000
LAB,Standard BioTools Inc. Common Stock,264323311.0,Industrials,Biotechnology: Laboratory Analytical Instruments,2011.0,United States,1162194.0,Nasdaq,False,True,2798.0,r2000
NKSH,National Bankshares Inc. Common Stock,264189611.0,Finance,Major Banks,,United States,796534.0,Nasdaq,False,True,2799.0,r2000
PAMT,PAMT CORP Common Stock,263663016.0,Industrials,Trucking Freight/Courier Services,,United States,798287.0,Nasdaq,False,True,2800.0,r2000
GWRS,Global Water Resources Inc. Common Stock,263342605.0,Utilities,Water Supply,2016.0,United States,1434728.0,Nasdaq,False,True,2801.0,r2000
OFLX,Omega Flex Inc. Common Stock,262351429.0,Industrials,Industrial Specialties,,United States,1317945.0,Nasdaq,False,True,2802.0,r2000
TROO,TROOPS Inc. Ordinary Shares ,262033556.0,Finance,Diversified Financial Services,,China,1412095.0,Nasdaq,False,False,,
AIAI,AIAI Holdings Corporation Class A Common Stock,261452216.0,Technology,EDP Services,,United States,2096362.0,Nasdaq,False,True,2803.0,r2000
ASLE,AerSale Corporation Common Stock,261065394.0,Consumer Discretionary,Industrial Specialties,2019.0,United States,1754170.0,Nasdaq,False,True,2804.0,r2000
AREC,American Resources Corporation Class A Common Stock,261009904.0,Energy,Coal Mining,,United States,1590715.0,Nasdaq,False,True,2805.0,r2000
SMRT,SmartRent Inc. Class A Common Stock,260592047.0,Technology,EDP Services,,United States,1837014.0,NYSE,False,True,2806.0,r2000
ASUR,Asure Software Inc Common Stock,260491539.0,Technology,EDP Services,,United States,884144.0,Nasdaq,False,True,2807.0,r2000
AZ,A2Z Cust2Mate Solutions Corp. Common Shares,259756155.0,Industrials,Industrial Machinery/Components,,Canada,1866030.0,Nasdaq,False,False,,
NMRA,Neumora Therapeutics Inc. Common Stock,259296359.0,Health Care,Biotechnology: Biological Products (No Diagnostic Substances),2023.0,United States,1885522.0,Nasdaq,False,True,2808.0,r2000
CPZ,Calamos Long/Short Equity & Dynamic Income Trust Common Stock,257967029.0,Finance,Trusts Except Educational Religious and Charitable,2019.0,United States,1717457.0,Nasdaq,False,True,2809.0,r2000
ARL,American Realty Investors Inc. Common Stock,257625086.0,Finance,Real Estate,,United States,1102238.0,NYSE,False,True,2810.0,r2000
ASYS,Amtech Systems Inc. Common Stock,255618275.0,Technology,Industrial Machinery/Components,,United States,720500.0,Nasdaq,False,True,2811.0,r2000
AENT,Alliance Entertainment Holding Corporation Class A Common Stock,254898150.0,Consumer Discretionary,Durable Goods,,United States,1823584.0,Nasdaq,False,True,2812.0,r2000
SBMT,Silver Bow Mining Corp. Common Shares,253945100.0,Basic Materials,Precious Metals,2026.0,,2067674.0,NYSE,False,False,,
AIBZ,Bitzero Holdings Inc. Common Shares,253717425.0,Consumer Discretionary,Services-Misc. Amusement & Recreation,,Canada,2100457.0,Nasdaq,False,False,,
VABK,Virginia National Bankshares Corporation Common Stock,253631934.0,Finance,Major Banks,,United States,1572334.0,Nasdaq,False,True,2813.0,r2000
CRDL,Cardiol Therapeutics Inc. Class A Common Shares,253505196.0,Health Care,Biotechnology: Biological Products (No Diagnostic Substances),,Canada,1702123.0,Nasdaq,False,False,,
DCX,Digital Currency X Technology Inc. Class A Ordinary Shares,252783995.0,Industrials,Auto Manufacturing,,Cayman Islands,1957413.0,Nasdaq,False,False,,
RELL,Richardson Electronics Ltd. Common Stock,252543064.0,Technology,Electronic Components,1983.0,United States,355948.0,Nasdaq,False,True,2814.0,r2000
ACRE,Ares Commercial Real Estate Corporation Common Stock,252439064.0,Real Estate,Real Estate Investment Trusts,2012.0,United States,1529377.0,NYSE,False,True,2815.0,r2000
DEFT,Defi Technologies Inc. Common Stock,251988931.0,Finance,Finance: Consumer Services,,Canada,1888274.0,Nasdaq,False,False,,
NAGE,Niagen Bioscience Inc. Common Stock,250829426.0,Health Care, Medicinal Chemicals and Botanical Products ,,United States,1386570.0,Nasdaq,False,True,2816.0,r2000
UXIN,Uxin Limited ADS,250777498.0,Consumer Discretionary,Business Services,2018.0,China,1729173.0,Nasdaq,False,False,,
FBLA,FB Bancorp Inc. Common Stock,250545876.0,Finance,Banks,2024.0,United States,2013639.0,Nasdaq,False,True,2817.0,r2000
IMMR,Immersion Corporation Common Stock,250266934.0,Technology,Computer peripheral equipment,1999.0,United States,1058811.0,Nasdaq,False,True,2818.0,r2000
XPOF,Xponential Fitness Inc. Class A Common Stock,250072680.0,Consumer Discretionary,Services-Misc. Amusement & Recreation,2021.0,United States,1802156.0,NYSE,False,True,2819.0,r2000
ACB,Aurora Cannabis Inc. Common Shares,249686404.0,Health Care, Medicinal Chemicals and Botanical Products ,,Canada,1683541.0,Nasdaq,False,False,,
NATR,Nature's Sunshine Products Inc. Common Stock,249152563.0,Health Care,Biotechnology: Pharmaceutical Preparations,,United States,275053.0,Nasdaq,False,True,2820.0,r2000
PROF,Profound Medical Corp. Common Stock,249152291.0,Health Care,Medical/Dental Instruments,,Canada,1628808.0,Nasdaq,False,False,,
OSUR,OraSure Technologies Inc. Common Stock,248976743.0,Health Care,Medical/Dental Instruments,,United States,1116463.0,Nasdaq,False,True,2821.0,r2000
SCM,Stellus Capital Investment Corporation Common Stock,248914649.0,Finance,Finance/Investors Services,2012.0,United States,1551901.0,NYSE,False,True,2822.0,r2000
CGEN,Compugen Ltd. Ordinary Shares,248757593.0,Health Care,Biotechnology: Biological Products (No Diagnostic Substances),2000.0,Israel,1119774.0,Nasdaq,False,False,,
INBK,First Internet Bancorp Common Stock,248557516.0,Finance,Major Banks,,United States,1562463.0,Nasdaq,False,True,2823.0,r2000
AUDC,AudioCodes Ltd. Common Stock,247998712.0,Utilities,Telecommunications Equipment,1999.0,Israel,1086434.0,Nasdaq,False,False,,
NGEN,NervGen Pharma Corp. Common stock,247941435.0,Health Care,Biotechnology: Pharmaceutical Preparations,,Canada,1751912.0,Nasdaq,False,False,,
LODE,Comstock Inc. Common Stock,246977403.0,Industrials,Major Chemicals,,United States,1120970.0,NYSE,False,True,2824.0,r2000
LVWR,LiveWire Group Inc. Common Stock,246494948.0,Consumer Discretionary,Motor Vehicles,2022.0,United States,1898795.0,NYSE,False,True,2825.0,r2000
AVNW,Aviat Networks Inc. Common Stock,246429626.0,Technology,Radio And Television Broadcasting And Communications Equipment,,United States,1377789.0,Nasdaq,False,True,2826.0,r2000
LTRX,Lantronix Inc. Common Stock,245669941.0,Telecommunications,Computer Communications Equipment,2000.0,United States,1114925.0,Nasdaq,False,True,2827.0,r2000
OSS,One Stop Systems Inc. Common Stock,245410879.0,Technology,Computer Manufacturing,2018.0,United States,1394056.0,Nasdaq,False,True,2828.0,r2000
ACU,Acme United Corporation. Common Stock,244674584.0,Consumer Discretionary,Industrial Machinery/Components,1988.0,United States,2098.0,NYSE,False,True,2829.0,r2000
ADAG,Adagene Inc. American Depositary Shares,243730382.0,Health Care,Biotechnology: Pharmaceutical Preparations,2021.0,China,1818838.0,Nasdaq,False,False,,
III,Information Services Group Inc. Common Stock,243519714.0,Consumer Discretionary,Professional Services,,United States,1371489.0,Nasdaq,False,True,2830.0,r2000
ELDN,Eledon Pharmaceuticals Inc. Common Stock,242970844.0,Health Care,Biotechnology: Pharmaceutical Preparations,2014.0,United States,1404281.0,Nasdaq,False,True,2831.0,r2000
MBI,MBIA Inc. Common Stock,242838273.0,Finance,Property-Casualty Insurers,1987.0,United States,814585.0,NYSE,False,True,2832.0,r2000
INFU,InfuSystems Holdings Inc. Common Stock,241794577.0,Health Care,Medical/Dental Instruments,,United States,1337013.0,NYSE,False,True,2833.0,r2000
PNNT,PennantPark Investment Corporation Common Stock,241595548.0,Finance,Finance: Consumer Services,2022.0,United States,1383414.0,NYSE,False,True,2834.0,r2000
SNFCA,Security National Financial Corporation Class A Common Stock,241467689.0,Finance,Finance: Consumer Services,,United States,318673.0,Nasdaq,False,True,2835.0,r2000
RNA,Atrium Therapeutics Inc. Common Stock,240505341.0,Health Care,Biotechnology: Pharmaceutical Preparations,,United States,2093101.0,Nasdaq,False,True,2836.0,r2000
PEBK,Peoples Bancorp of North Carolina Inc. Common Stock,239650181.0,Finance,Major Banks,,United States,1093672.0,Nasdaq,False,True,2837.0,r2000
CAMP,CAMP4 Therapeutics Corporation Common Stock,238462160.0,Health Care,Biotechnology: Pharmaceutical Preparations,2024.0,United States,1736730.0,Nasdaq,False,True,2838.0,r2000
IONR,ioneer Ltd American Depositary Shares,237515473.0,Industrials,Mining & Quarrying of Nonmetallic Minerals (No Fuels),,Australia,1896084.0,Nasdaq,False,False,,
YSG,Yatsen Holding Limited American Depositary Shares each representing twenty (20) Class A Ordinary Shares,237479467.0,Consumer Discretionary,Package Goods/Cosmetics,,China,1819580.0,NYSE,False,False,,
REA,Rare Earths Americas Inc. Common Stock,237451315.0,Basic Materials,Metal Mining,2026.0,,2095743.0,NYSE,False,False,,
LOVE,The Lovesac Company Common Stock,237435140.0,Consumer Discretionary,Other Specialty Stores,2018.0,United States,1701758.0,Nasdaq,False,True,2839.0,r2000
EU,enCore Energy Corp. Common Shares,237022785.0,Basic Materials,Other Metals and Minerals,,United States,1500881.0,Nasdaq,False,True,2840.0,r2000
IVVD,Invivyd Inc. Common Stock,236986032.0,Health Care,Biotechnology: Biological Products (No Diagnostic Substances),2021.0,United States,1832038.0,Nasdaq,False,True,2841.0,r2000
CAN,Canaan Inc. American Depositary Shares,236919714.0,Finance,Finance: Consumer Services,2019.0,China,1780652.0,Nasdaq,False,False,,
ELMD,Electromed Inc. Common Stock,236260443.0,Health Care,Biotechnology: Electromedical & Electrotherapeutic Apparatus,2011.0,United States,1488917.0,NYSE,False,True,2842.0,r2000
NCMI,National CineMedia Inc. Common Stock,236116812.0,Consumer Discretionary,Advertising,2007.0,United States,1377630.0,Nasdaq,False,True,2843.0,r2000
FF,FutureFuel Corp.  Common shares,235984651.0,Industrials,Major Chemicals,,United States,1337298.0,NYSE,False,True,2844.0,r2000
ALMU,Aeluma Inc. Common Stock,235223555.0,Technology,Semiconductors,,United States,1828805.0,Nasdaq,False,True,2845.0,r2000
NUS,Nu Skin Enterprises Inc. Common Stock,235108142.0,Health Care,Other Pharmaceuticals,1996.0,United States,1021561.0,NYSE,False,True,2846.0,r2000
LIEN,Chicago Atlantic BDC Inc. Common Stock,233911048.0,Finance,Finance: Consumer Services,2022.0,United States,1843162.0,Nasdaq,False,True,2847.0,r2000
BETR,Better Home & Finance Holding Company Class A Common Stock,233682522.0,Finance,Finance: Consumer Services,2021.0,United Kingdom,1835856.0,Nasdaq,False,False,,
GLDG,GoldMining Inc. Common Shares,233375756.0,Basic Materials,Precious Metals,,,1538847.0,NYSE,False,False,,
TARA,Protara Therapeutics Inc.  Common Stock,232836223.0,Health Care,Biotechnology: Biological Products (No Diagnostic Substances),2014.0,United States,1359931.0,Nasdaq,False,True,2848.0,r2000
MRBK,Meridian Corporation Common Stock,232377855.0,Finance,Major Banks,2017.0,United States,1750735.0,Nasdaq,False,True,2849.0,r2000
FLWS,1-800-FLOWERS.COM Inc. Common Stock,232357001.0,Consumer Discretionary,Other Specialty Stores,1999.0,United States,1084869.0,Nasdaq,False,True,2850.0,r2000
FTF,Franklin Limited Duration Income Trust Common Shares of Beneficial Interest,232330901.0,Finance,Finance/Investors Services,2003.0,United States,1233087.0,NYSE,False,True,2851.0,r2000
FORR,Forrester Research Inc. Common Stock,232275800.0,Industrials,Diversified Commercial Services,1996.0,United States,1023313.0,Nasdaq,False,True,2852.0,r2000
HQI,HireQuest Inc. Common Stock (DE),232269000.0,Consumer Discretionary,Professional Services,,United States,1140102.0,Nasdaq,False,True,2853.0,r2000
KLTR,Kaltura Inc. Common Stock,231877859.0,Technology,Computer Software: Prepackaged Software,2021.0,United States,1432133.0,Nasdaq,False,True,2854.0,r2000
GLSI,Greenwich LifeSciences Inc. Common Stock,231034994.0,Health Care,Biotechnology: Pharmaceutical Preparations,2020.0,United States,1799788.0,Nasdaq,False,True,2855.0,r2000
APC,ARKO Petroleum Corp. Class A Common Stock,230914997.0,Energy,Oil Refining/Marketing,2026.0,United States,2080921.0,Nasdaq,False,True,2856.0,r2000
SIGA,SIGA Technologies Inc. Common Stock,230637588.0,Health Care,Biotechnology: Pharmaceutical Preparations,,United States,1010086.0,Nasdaq,False,True,2857.0,r2000
CMTV,Community Bancorp. Common Stock,230589135.0,Finance,Major Banks,,United States,718413.0,Nasdaq,False,True,2858.0,r2000
SLGL,Sol-Gel Technologies Ltd. Ordinary Shares,230587750.0,Health Care,Biotechnology: Pharmaceutical Preparations,2018.0,Israel,1684693.0,Nasdaq,False,False,,
TNXP,Tonix Pharmaceuticals Holding Corp. Common Stock,229480701.0,Health Care,Biotechnology: Pharmaceutical Preparations,,United States,1430306.0,Nasdaq,False,True,2859.0,r2000
KGEI,Kolibri Global Energy Inc. Common stock,229312609.0,Energy,Oil & Gas Production,,United States,1477081.0,Nasdaq,False,True,2860.0,r2000
ZH,Zhihu Inc. American Depositary Shares each representing three (3) Class A Ordinary Shares,229064691.0,Consumer Discretionary,Business Services,,China,1835724.0,NYSE,False,False,,
UTMD,Utah Medical Products Inc. Common Stock,228088722.0,Health Care,Medical/Dental Instruments,,United States,706698.0,Nasdaq,False,True,2861.0,r2000
SILC,Silicom Ltd Ordinary Shares,227059373.0,Telecommunications,Computer Communications Equipment,,Israel,916793.0,Nasdaq,False,False,,
OPBK,OP Bancorp Common Stock,226527770.0,Finance,Major Banks,2018.0,United States,1722010.0,Nasdaq,False,True,2862.0,r2000
CURV,Torrid Holdings Inc. Common Stock,225911265.0,Consumer Discretionary,Clothing/Shoe/Accessory Stores,2021.0,United States,1792781.0,NYSE,False,True,2863.0,r2000
RGCO,RGC Resources Inc. Common Stock,225791779.0,Utilities,Oil & Gas Production,,United States,1069533.0,Nasdaq,False,True,2864.0,r2000
BGIN,Bgin Blockchain Limited Class A Ordinary Shares,225140523.0,Finance,Finance: Consumer Services,2025.0,China,1945565.0,Nasdaq,False,False,,
RICK,RCI Hospitality Holdings Inc. Common Stock,225054080.0,Consumer Discretionary,Restaurants,1995.0,United States,935419.0,Nasdaq,False,True,2865.0,r2000
BMEZ,BlackRock Health Sciences Term Trust Common Shares of Beneficial Interest,224928014.0,Finance,Trusts Except Educational Religious and Charitable,2020.0,United States,1785971.0,NYSE,False,True,2866.0,r2000
CFBK,CF Bankshares Inc. Common Stock,224927851.0,Finance,Major Banks,,United States,1070680.0,Nasdaq,False,True,2867.0,r2000
ANTX,AN2 Therapeutics Inc. Common Stock,224530610.0,Health Care,Biotechnology: Pharmaceutical Preparations,2022.0,United States,1880438.0,Nasdaq,False,True,2868.0,r2000
EXFY,Expensify Inc. Class A Common Stock,224319193.0,Technology,Computer Software: Prepackaged Software,2021.0,United States,1476840.0,Nasdaq,False,True,2869.0,r2000
EFSI,Eagle Financial Services Inc Common Stock,224257326.0,Finance,Major Banks,,United States,880641.0,Nasdaq,False,True,2870.0,r2000
ABOS,Acumen Pharmaceuticals Inc. Common Stock,224183584.0,Health Care,Biotechnology: Biological Products (No Diagnostic Substances),2021.0,United States,1576885.0,Nasdaq,False,True,2871.0,r2000
RDNW,RideNow Group Inc. Class B Common Stock,223533534.0,Technology,EDP Services,,United States,1596961.0,Nasdaq,False,True,2872.0,r2000
TBCH,Turtle Beach Corporation Common Stock,223334096.0,Telecommunications,Telecommunications Equipment,,United States,1493761.0,Nasdaq,False,True,2873.0,r2000
KROS,Keros Therapeutics Inc. Common Stock,222659321.0,Health Care,Biotechnology: Pharmaceutical Preparations,2020.0,United States,1664710.0,Nasdaq,False,True,2874.0,r2000
NEOV,NeoVolta Inc. Common Stock,222503074.0,Miscellaneous,Industrial Machinery/Components,,United States,1748137.0,Nasdaq,False,True,2875.0,r2000
EICA,Eagle Point Income Company 5.00% Series A Term Preferred Shares due 2026,222079132.0,Finance,Finance/Investors Services,2021.0,United States,1754836.0,NYSE,False,True,2876.0,r2000
CRBP,Corbus Pharmaceuticals Holdings Inc. Common Stock,222038044.0,Health Care,Biotechnology: Pharmaceutical Preparations,,United States,1595097.0,Nasdaq,False,True,2877.0,r2000
PPIH,Perma-Pipe International Holdings Inc. Common Stock,221588194.0,Industrials,Pollution Control Equipment,,United States,914122.0,Nasdaq,False,True,2878.0,r2000
HITI,High Tide Inc. Common Shares,221502650.0,Consumer Discretionary,Other Specialty Stores,,Canada,1847409.0,Nasdaq,False,False,,
SPOK,Spok Holdings Inc. Common Stock,220895527.0,Telecommunications,Telecommunications Equipment,,United States,1289945.0,Nasdaq,False,True,2879.0,r2000
TSSI,TSS Inc. Common Stock,220673127.0,Consumer Discretionary,Professional Services,,United States,1320760.0,Nasdaq,False,True,2880.0,r2000
SND,Smart Sand Inc. Common Stock,220475117.0,Industrials,Mining & Quarrying of Nonmetallic Minerals (No Fuels),2016.0,United States,1529628.0,Nasdaq,False,True,2881.0,r2000
OVBC,Ohio Valley Banc Corp. Common Stock,220474847.0,Finance,Major Banks,,United States,894671.0,Nasdaq,False,True,2882.0,r2000
PEPG,PepGen Inc. Common Stock,220245264.0,Health Care,Biotechnology: Pharmaceutical Preparations,2022.0,United States,1835597.0,Nasdaq,False,True,2883.0,r2000
RAIL,FreightCar America Inc. Common Stock,220029489.0,Industrials,Railroads,2005.0,United States,1320854.0,Nasdaq,False,True,2884.0,r2000
MFM,Aberdeen Municipal Income Fund Common Shares of Beneficial Interest,219941950.0,Finance,Finance Companies,1986.0,United States,801961.0,NYSE,False,True,2885.0,r2000
CHRS,Coherus Oncology Inc. Common Stock,219391372.0,Health Care,Biotechnology: Biological Products (No Diagnostic Substances),2014.0,United States,1512762.0,Nasdaq,False,True,2886.0,r2000
DERM,Journey Medical Corporation Common Stock,219303549.0,Health Care,Biotechnology: Pharmaceutical Preparations,2021.0,United States,1867066.0,Nasdaq,False,True,2887.0,r2000
MPAA,Motorcar Parts  of America Inc. Common Stock,218678541.0,Consumer Discretionary,Auto Parts:O.E.M.,,United States,918251.0,Nasdaq,False,True,2888.0,r2000
AMWL,American Well Corporation Class A Common Stock,218222365.0,Consumer Discretionary,Business Services,2020.0,United States,1393584.0,NYSE,False,True,2889.0,r2000
VYGR,Voyager Therapeutics Inc. Common Stock,218127536.0,Health Care,Biotechnology: Biological Products (No Diagnostic Substances),2015.0,United States,1640266.0,Nasdaq,False,True,2890.0,r2000
SIDU,Sidus Space Inc. Class A Common Stock,217634451.0,Telecommunications,Telecommunications Equipment,2021.0,United States,1879726.0,Nasdaq,False,True,2891.0,r2000
TPVG,TriplePoint Venture Growth BDC Corp. Common Stock,217389921.0,Consumer Discretionary,Other Consumer Services,2014.0,United States,1580345.0,NYSE,False,True,2892.0,r2000
AIRO,AIRO Group Holdings Inc. Common Stock,217104709.0,Industrials,Aerospace,2025.0,United States,1927958.0,Nasdaq,False,True,2893.0,r2000
ESOA,Energy Services of America Corporation Common Stock,217006275.0,Industrials,Water Sewer Pipeline Comm & Power Line Construction,,United States,1357971.0,Nasdaq,False,True,2894.0,r2000
EXOD,Exodus Movement Inc. Class A Common Stock,216255327.0,Finance,Finance: Consumer Services,,United States,1821534.0,NYSE,False,True,2895.0,r2000
TORO,Toro Corp. Common Stock,215995813.0,Consumer Discretionary,Marine Transportation,,Cyprus,1941131.0,Nasdaq,False,False,,
HDSN,Hudson Technologies Inc. Common Stock,215493361.0,Consumer Discretionary,Industrial Specialties,,United States,925528.0,Nasdaq,False,True,2896.0,r2000
LCUT,Lifetime Brands Inc. Common Stock,214945617.0,Consumer Discretionary,Industrial Machinery/Components,1991.0,United States,874396.0,Nasdaq,False,True,2897.0,r2000
ORGO,Organogenesis Holdings Inc. Class A Common Stock,214886495.0,Health Care,Biotechnology: Pharmaceutical Preparations,2016.0,United States,1661181.0,Nasdaq,False,True,2898.0,r2000
CMTG,Claros Mortgage Trust Inc. Common Stock,214447993.0,Finance,Real Estate,2021.0,United States,1666291.0,NYSE,False,True,2899.0,r2000
NERV,Minerva Neurosciences Inc Common Stock,213909064.0,Health Care,Biotechnology: Pharmaceutical Preparations,2014.0,United States,1598646.0,Nasdaq,False,True,2900.0,r2000
CMT,Core Molding Technologies Inc Common Stock,213792661.0,Industrials,Plastic Products,1996.0,United States,1026655.0,NYSE,False,True,2901.0,r2000
MINE,Mayfair Gold Corp. Common Shares,213500417.0,Energy,Oil & Gas Production,2026.0,,1823255.0,NYSE,False,False,,
FC,Franklin Covey Company Common Stock,213115384.0,Consumer Discretionary,Other Consumer Services,,United States,886206.0,NYSE,False,True,2902.0,r2000
SSTK,Shutterstock Inc. Common Stock,212449183.0,Technology,EDP Services,2012.0,United States,1549346.0,NYSE,False,True,2903.0,r2000
HKD,AMTD Digital Inc. American Depositary Shares (every five of which represent two Class A Ordinary Shares),211955471.0,Finance,Finance: Consumer Services,2022.0,,1809691.0,NYSE,False,False,,
FCAP,First Capital Inc. Common Stock,211948886.0,Finance,Savings Institutions,,United States,1070296.0,Nasdaq,False,True,2904.0,r2000
SVCO,Silvaco Group Inc. Common Stock,211447130.0,Technology,Computer Software: Prepackaged Software,2024.0,United States,1943289.0,Nasdaq,False,True,2905.0,r2000
STIM,Neuronetics Inc. Common Stock,211066305.0,Health Care,Medical/Dental Instruments,2018.0,United States,1227636.0,Nasdaq,False,True,2906.0,r2000
ORMP,Oramed Pharmaceuticals Inc. Common Stock,210898585.0,Health Care,Biotechnology: Pharmaceutical Preparations,,Israel,1176309.0,Nasdaq,False,False,,
GDEV,GDEV Inc. Ordinary Shares,210545672.0,Technology,EDP Services,,Cyprus,1848739.0,Nasdaq,False,False,,
DPRO,Draganfly Inc. Common Shares,210530000.0,Industrials,Aerospace,,Canada,1786286.0,Nasdaq,False,False,,
BRCC,BRC Inc. Class A Common Stock,210241466.0,Consumer Staples,Beverages (Production/Distribution),2022.0,United States,1891101.0,NYSE,False,True,2907.0,r2000
PLX,Protalix BioTherapeutics Inc. (DE) Common Stock,208680553.0,Health Care,Biotechnology: Biological Products (No Diagnostic Substances),,Israel,1006281.0,NYSE,False,False,,
AMPY,Amplify Energy Corp. Common Stock,207282250.0,Energy,Oil & Gas Production,2016.0,United States,1533924.0,NYSE,False,True,2908.0,r2000
CZWI,Citizens Community Bancorp Inc. Common Stock,207190460.0,Finance,Savings Institutions,2006.0,United States,1367859.0,Nasdaq,False,True,2909.0,r2000
NBP,NovaBridge Biosciences American Depositary Shares,206533229.0,Health Care,Biotechnology: Pharmaceutical Preparations,2020.0,China,1778016.0,Nasdaq,False,False,,
SRI,Stoneridge Inc. Common Stock,206220379.0,Consumer Discretionary,Auto Parts:O.E.M.,1997.0,United States,1043337.0,NYSE,False,True,2910.0,r2000
ANNA,AleAnna Inc. Class A Common Stock,206157952.0,Energy,Oil & Gas Production,,United States,1845123.0,Nasdaq,False,True,2911.0,r2000
VUZI,Vuzix Corporation Common Stock,205970721.0,Technology,Radio And Television Broadcasting And Communications Equipment,,United States,1463972.0,Nasdaq,False,True,2912.0,r2000
CHCI,Comstock Holding Companies Inc. Class A Common Stock,205844679.0,Finance,Real Estate,2004.0,United States,1299969.0,Nasdaq,False,True,2913.0,r2000
DTIL,Precision BioSciences Inc. Common Stock,205631577.0,Health Care,Biotechnology: Biological Products (No Diagnostic Substances),2019.0,United States,1357874.0,Nasdaq,False,True,2914.0,r2000
ARMP,Armata Pharmaceuticals Inc. Common Stock,205616344.0,Health Care,Biotechnology: Biological Products (No Diagnostic Substances),,United States,921114.0,NYSE,False,True,2915.0,r2000
NUCL,Eagle Nuclear Energy Corp. Common stock,205579596.0,Basic Materials,Other Metals and Minerals,,United States,2089283.0,Nasdaq,False,True,2916.0,r2000
CMRC,Commerce.com Inc. Series 1 Common Stock,205490298.0,Technology,Computer Software: Prepackaged Software,2020.0,United States,1626450.0,Nasdaq,False,True,2917.0,r2000
VTN,Invesco Trust for Investment Grade New York Municipals Common Stock,205382219.0,Finance,Finance Companies,,United States,883265.0,NYSE,False,True,2918.0,r2000
GSIT,GSI Technology Common Stock,205230031.0,Technology,Semiconductors,2007.0,United States,1126741.0,Nasdaq,False,True,2919.0,r2000
FUFU,BitFuFu Inc. Class A Ordinary Shares,204983926.0,Finance,Finance: Consumer Services,,Singapore,1921158.0,Nasdaq,False,False,,
BRR,ProCap Financial Inc. Common Stock,204133718.0,Finance,Finance: Consumer Services,2025.0,United States,2076163.0,Nasdaq,False,True,2920.0,r2000
USDE,StablecoinX Inc. Class A Common Stock,203903468.0,Finance,Finance: Consumer Services,,United States,2080215.0,Nasdaq,False,True,2921.0,r2000
IPHA,Innate Pharma S.A. ADS,203524393.0,Health Care,Biotechnology: Biological Products (No Diagnostic Substances),2019.0,France,1598599.0,Nasdaq,False,False,,
ACOG,Alpha Cognition Inc. Common Stock,202825779.0,,,,Canada,1655923.0,Nasdaq,False,False,,
OSG,Octave Specialty Group Inc. Common Stock,202281172.0,Finance,Property-Casualty Insurers,,United States,874501.0,NYSE,False,True,2922.0,r2000
KTWO,K2 Capital Acquisition Corporation Class A Ordinary Share,202215304.0,Health Care,Medical/Dental Instruments,2026.0,Cayman Islands,2086524.0,Nasdaq,False,False,,
OMSE,OMS Energy Technologies Inc. Ordinary Shares,202055831.0,Consumer Discretionary,Oil and Gas Field Machinery,2025.0,Singapore,2012219.0,Nasdaq,False,False,,
DHX,DHI Group Inc. Common Stock,201488242.0,Consumer Discretionary,Business Services,2007.0,United States,1393883.0,NYSE,False,True,2923.0,r2000
LUCD,Lucid Diagnostics Inc. Common Stock,201191206.0,Health Care,Medical/Dental Instruments,2021.0,United States,1799011.0,Nasdaq,False,True,2924.0,r2000
ANGI,Angi Inc. Class A Common Stock,201159005.0,Consumer Discretionary,Advertising,,United States,1705110.0,Nasdaq,False,True,2925.0,r2000
JELD,JELD-WEN Holding Inc. Common Stock,200423412.0,Basic Materials,Forest Products,2017.0,United States,1674335.0,NYSE,False,True,2926.0,r2000
CPSS,Consumer Portfolio Services Inc. Common Stock,200243293.0,Finance,Finance: Consumer Services,1992.0,United States,889609.0,Nasdaq,False,True,2927.0,r2000
PDEX,Pro-Dex Inc. Common Stock,199802858.0,Health Care,Medical/Dental Instruments,,United States,788920.0,Nasdaq,False,True,2928.0,r2000
SHMD,SCHMID Group N.V. Class A Ordinary Shares,199335613.0,Technology,Industrial Machinery/Components,,Germany,1987240.0,Nasdaq,False,False,,
BYND,Beyond Meat Inc. Common Stock,198934187.0,Consumer Staples,Packaged Foods,2019.0,United States,1655210.0,Nasdaq,False,True,2929.0,r2000
EGAN,eGain Corporation Common Stock,198464086.0,Technology,Computer Software: Prepackaged Software,1999.0,United States,1066194.0,Nasdaq,False,True,2930.0,r2000
RBKB,Rhinebeck Bancorp Inc. Common Stock,198107689.0,Finance,Banks,2019.0,United States,1751783.0,Nasdaq,False,True,2931.0,r2000
NKTX,Nkarta Inc. Common Stock,198042547.0,Health Care,Biotechnology: Pharmaceutical Preparations,2020.0,United States,1787400.0,Nasdaq,False,True,2932.0,r2000
SGC,Superior Group of Companies Inc. Common Stock,198039396.0,Consumer Discretionary,Apparel,,United States,95574.0,Nasdaq,False,True,2933.0,r2000
CXDO,Crexendo Inc. Common Stock,197194975.0,Telecommunications,Telecommunications Equipment,,United States,1075736.0,Nasdaq,False,True,2934.0,r2000
CIA,Citizens Inc. Class A Common Stock ($1.00 Par),197001690.0,Finance,Life Insurance,1994.0,United States,24090.0,NYSE,False,True,2935.0,r2000
ONEW,OneWater Marine Inc. Class A Common Stock,196820960.0,Consumer Discretionary,Auto & Home Supply Stores,2020.0,United States,1772921.0,Nasdaq,False,True,2936.0,r2000
CUE,Cue Biopharma Inc. Common Stock,195848601.0,Health Care,Biotechnology: Pharmaceutical Preparations,2018.0,United States,1645460.0,Nasdaq,False,True,2937.0,r2000
FINW,FinWise Bancorp Common Stock,195468134.0,Finance,Major Banks,2021.0,United States,1856365.0,Nasdaq,False,True,2938.0,r2000
VRXA,Veraxa Biotech AG Ordinary Shares,195142782.0,Health Care,Biotechnology: Pharmaceutical Preparations,,Switzerland,2079109.0,Nasdaq,False,False,,
OZ,Belpointe PREP LLC Class A Units,194657041.0,Finance,Real Estate,,,1807046.0,NYSE,False,False,,
PLG,Platinum Group Metals Ltd. Ordinary Shares (Canada),194385370.0,Basic Materials,Precious Metals,,Canada,1095052.0,NYSE,False,False,,
IMUX,Immunic Inc. Common Stock,194297210.0,Health Care,Biotechnology: Pharmaceutical Preparations,2014.0,United States,1280776.0,Nasdaq,False,True,2939.0,r2000
LARK,Landmark Bancorp Inc. Common Stock,194118992.0,Finance,Major Banks,,United States,1141688.0,Nasdaq,False,True,2940.0,r2000
BAFN,BayFirst Financial Corp. Common Stock,193862640.0,Finance,Major Banks,,United States,1649739.0,Nasdaq,False,True,2941.0,r2000
PERF,Perfect Corp. Class A Ordinary Share,193512475.0,Technology,Computer Software: Prepackaged Software,2022.0,Taiwan,1899830.0,NYSE,False,False,,
ALTG,Alta Equipment Group Inc. Class A Common Stock,193061214.0,Industrials,Industrial Machinery/Components,2019.0,United States,1759824.0,NYSE,False,True,2942.0,r2000
FT,Franklin Universal Trust Common Stock,192761627.0,Finance,Trusts Except Educational Religious and Charitable,,United States,833040.0,NYSE,False,True,2943.0,r2000
STRW,Strawberry Fields REIT Inc. Common Stock,192539770.0,Real Estate,Real Estate Investment Trusts,2023.0,United States,1782430.0,NYSE,False,True,2944.0,r2000
QUIK,QuickLogic Corporation Common Stock,192336281.0,Technology,Semiconductors,1999.0,United States,882508.0,Nasdaq,False,True,2945.0,r2000
HNVR,Hanover Bancorp Inc. Common Stock,192260304.0,Finance,Major Banks,2022.0,United States,1828588.0,Nasdaq,False,True,2946.0,r2000
MSLE,Satellos Bioscience Inc. Common Stock,192008773.0,Health Care,Biotechnology: Pharmaceutical Preparations,,Canada,1421642.0,Nasdaq,False,False,,
AOMR,Angel Oak Mortgage REIT Inc. Common Stock,191522735.0,Finance,Real Estate,2021.0,United States,1766478.0,NYSE,False,True,2947.0,r2000
EPSN,Epsilon Energy Ltd. Common Share,191090645.0,Energy,Oil & Gas Production,,United States,1726126.0,Nasdaq,False,True,2948.0,r2000
TAYD,Taylor Devices Inc. Common Stock,190953138.0,Industrials,Industrial Machinery/Components,,United States,96536.0,Nasdaq,False,True,2949.0,r2000
PED,Pedevco Corp. Common Stock,190474546.0,Energy,Oil & Gas Production,,United States,1141197.0,NYSE,False,True,2950.0,r2000
UIS,Unisys Corporation New Common Stock,190310643.0,Technology,EDP Services,,United States,746838.0,NYSE,False,True,2951.0,r2000
OWLS,OBOOK Holdings Inc. Class A Common Shares,190261817.0,Technology,Computer Software: Prepackaged Software,,Taiwan,2025416.0,Nasdaq,False,False,,
CBFV,CB Financial Services Inc. Common Stock,189390636.0,Finance,Major Banks,,United States,1605301.0,Nasdaq,False,True,2952.0,r2000
CRNT,Ceragon Networks Ltd. Ordinary Shares,188950660.0,Technology,Radio And Television Broadcasting And Communications Equipment,,Israel,1119769.0,Nasdaq,False,False,,
GPJA,Georgia Power Company Series 2017A 5.00% Junior Subordinated Notes due October 1 2077,188934600.0,Utilities,Electric Utilities: Central,2017.0,United States,41091.0,NYSE,False,True,2953.0,r2000
ACR,ACRES Commercial Realty Corp. Common Stock,188872946.0,Real Estate,Real Estate Investment Trusts,,United States,1332551.0,NYSE,False,True,2954.0,r2000
FNWD,Finward Bancorp Common Stock,188095617.0,Finance,Savings Institutions,,United States,919864.0,Nasdaq,False,True,2955.0,r2000
JRVR,James River Group Holdings Inc. Common Stock,187730462.0,Finance,Property-Casualty Insurers,2014.0,Bermuda,1620459.0,Nasdaq,False,False,,
MRT,Marti Technologies Inc. Class A Ordinary Shares,186712715.0,Consumer Discretionary,Rental/Leasing Companies,2021.0,,1852767.0,NYSE,False,False,,
USBC,USBC Inc. Common Stock,186309326.0,Finance,Finance: Consumer Services,,United States,1074828.0,NYSE,False,True,2956.0,r2000
ESP,Espey Mfg. & Electronics Corp. Common Stock,185747164.0,Technology,Industrial Machinery/Components,1960.0,United States,33533.0,NYSE,False,True,2957.0,r2000
SES,SES AI Corporation Class A Common Stock,185680829.0,Miscellaneous,Industrial Machinery/Components,2021.0,United States,1819142.0,NYSE,False,True,2958.0,r2000
ECBK,ECB Bancorp Inc. Common Stock,184103381.0,Finance,Banks,2022.0,United States,1914605.0,Nasdaq,False,True,2959.0,r2000
MNSBP,MainStreet Bancshares Inc. Depositary Shares,184079815.0,Finance,Major Banks,,United States,1693577.0,Nasdaq,False,True,2960.0,r2000
BVFL,BV Financial Inc. Common Stock,182541516.0,Finance,Savings Institutions,2023.0,United States,1302387.0,Nasdaq,False,True,2961.0,r2000
LENZ,LENZ Therapeutics Inc. Common Stock,182237989.0,Health Care,Biotechnology: Biological Products (No Diagnostic Substances),2021.0,United States,1815776.0,Nasdaq,False,True,2962.0,r2000
VLN,Valens Semiconductor Ltd. Ordinary Shares,182156371.0,Technology,Semiconductors,,,1863006.0,NYSE,False,False,,
GSIW,Garden Stage Limited Class A Ordinary Shares,182110783.0,Finance,Investment Bankers/Brokers/Service,2023.0,Hong Kong,1954269.0,Nasdaq,False,False,,
RVII,Robinhood Ventures Fund II Common Shares of Beneficial Interest,182000000.0,,,2026.0,,2131040.0,NYSE,False,False,,
XGN,Exagen Inc. Common Stock,181932296.0,Health Care,Medical Specialities,2019.0,United States,1274737.0,Nasdaq,False,True,2963.0,r2000
QMLS,QumulusAI Inc. Common Stock,181679736.0,Technology,EDP Services,,United States,2084026.0,Nasdaq,False,True,2964.0,r2000
WHG,Westwood Holdings Group Inc Common Stock,181415320.0,Finance,Investment Managers,,United States,1165002.0,NYSE,False,True,2965.0,r2000
CYPH,Cypherpunk Technologies Inc. Common Stock,181044162.0,Health Care,Biotechnology: Pharmaceutical Preparations,,United States,1509745.0,Nasdaq,False,True,2966.0,r2000
AP,Ampco-Pittsburgh Corporation Common Stock,180556348.0,Industrials,Fluid Controls,,United States,6176.0,NYSE,False,True,2967.0,r2000
MPV,Barings Participation Investors Common Stock,180276608.0,Finance,Finance Companies,1988.0,United States,831655.0,NYSE,False,True,2968.0,r2000
CEPL,Capstone Energy Plus Inc. Common Stock,180015971.0,Industrials,Industrial Machinery/Components,,United States,1009759.0,Nasdaq,False,True,2969.0,r2000
LFCR,Lifecore Biomedical Inc. Common Stock,179423504.0,Health Care,Biotechnology: Pharmaceutical Preparations,,United States,1005286.0,Nasdaq,False,True,2970.0,r2000
EBMT,Eagle Bancorp Montana Inc. Common Stock,179301852.0,Finance,Major Banks,2010.0,United States,1478454.0,Nasdaq,False,True,2971.0,r2000
LEE,Lee Enterprises Incorporated Common Stock,178782193.0,Consumer Discretionary,Newspapers/Magazines,,United States,58361.0,Nasdaq,False,True,2972.0,r2000
AIRS,AirSculpt Technologies Inc. Common Stock,177354214.0,Health Care,Medical/Nursing Services,2021.0,United States,1870940.0,Nasdaq,False,True,2973.0,r2000
SBFG,SB Financial Group Inc. Common Stock,176271844.0,Finance,Major Banks,,United States,767405.0,Nasdaq,False,True,2974.0,r2000
KRRO,Korro Bio Inc. Common Stock,176265983.0,Health Care,Biotechnology: Pharmaceutical Preparations,2019.0,United States,1703647.0,Nasdaq,False,True,2975.0,r2000
EAF,GrafTech International Ltd. Common Stock,174556577.0,Energy,Industrial Machinery/Components,2018.0,United States,931148.0,NYSE,False,True,2976.0,r2000
CNTB,Connect Biopharma Holdings Limited Ordinary Shares,173809093.0,Health Care,Biotechnology: Pharmaceutical Preparations,2021.0,China,1835268.0,Nasdaq,False,False,,
WALD,Waldencast plc Class A Ordinary Share,173611233.0,Consumer Discretionary,Package Goods/Cosmetics,2021.0,United States,1840199.0,Nasdaq,False,True,2977.0,r2000
SKYX,SKYX Platforms Corp. Common Stock,173351672.0,Consumer Discretionary,Building Products,2022.0,United States,1598981.0,Nasdaq,False,True,2978.0,r2000
CURI,CuriosityStream Inc. Class A Common Stock,173267042.0,Consumer Discretionary,Movies/Entertainment,2020.0,United States,1776909.0,Nasdaq,False,True,2979.0,r2000
MRDN,Meridian Holdings Inc. Common Stock,172938388.0,Technology,Computer Software: Prepackaged Software,,United States,1437925.0,Nasdaq,False,True,2980.0,r2000
TONX,TON Strategy Company Common Stock,172926045.0,Finance,Finance: Consumer Services,,United States,1566610.0,Nasdaq,False,True,2981.0,r2000
GRX,The Gabelli Healthcare & Wellness Trust Common Shares of Beneficial Interest,172468098.0,Finance,Finance/Investors Services,,United States,1391437.0,NYSE,False,True,2982.0,r2000
CRBU,Caribou Biosciences Inc. Common Stock,171532021.0,Health Care,Biotechnology: Biological Products (No Diagnostic Substances),2021.0,United States,1619856.0,Nasdaq,False,True,2983.0,r2000
SPRB,Spruce Biosciences Inc. Common Stock,171492356.0,Health Care,Biotechnology: Pharmaceutical Preparations,2020.0,United States,1683553.0,Nasdaq,False,True,2984.0,r2000
XHG,XChange TEC.INC American Depositary Shares ,171139114.0,Finance,Specialty Insurers,2019.0,China,1769256.0,Nasdaq,False,False,,
MENS,Jyong Biotech Ltd. Ordinary Shares,171062251.0,Health Care,Biotechnology: Pharmaceutical Preparations,2025.0,Taiwan,1954488.0,Nasdaq,False,False,,
WW,WW International Inc.  Common Stock,170878808.0,Consumer Discretionary,Other Consumer Services,,United States,105319.0,Nasdaq,False,True,2985.0,r2000
RTB,RTB Digital Inc. Common Stock,170199739.0,Consumer Discretionary,Professional Services,,United States,1419275.0,Nasdaq,False,True,2986.0,r2000
MDWD,MediWound Ltd. Ordinary Shares,168608231.0,Health Care, Medicinal Chemicals and Botanical Products ,2014.0,Israel,1593984.0,Nasdaq,False,False,,
ADCT,ADC Therapeutics SA Common Shares,168521357.0,Health Care,Biotechnology: Pharmaceutical Preparations,2020.0,Switzerland,1771910.0,NYSE,False,False,,
EML,Eastern Company (The) Common Stock,168250922.0,Consumer Discretionary,Industrial Machinery/Components,,United States,31107.0,Nasdaq,False,True,2987.0,r2000
GNT,GAMCO Natural Resources Gold & Income Trust,168126495.0,Finance,Finance/Investors Services,2011.0,United States,1438893.0,NYSE,False,True,2988.0,r2000
SEVN,Seven Hills Realty Trust Common Stock,168112017.0,Real Estate,Real Estate Investment Trusts,,United States,1452477.0,Nasdaq,False,True,2989.0,r2000
EVI,EVI Industries Inc.  Common Stock,168070616.0,Consumer Discretionary,Other Consumer Services,1999.0,United States,65312.0,NYSE,False,True,2990.0,r2000
OGI,Organigram Global Inc. Common Shares,167797731.0,Health Care,Biotechnology: Pharmaceutical Preparations,,Canada,1620737.0,Nasdaq,False,False,,
DOMO,Domo Inc. Class B Common Stock,166605577.0,Technology,Computer Software: Prepackaged Software,2018.0,United States,1505952.0,Nasdaq,False,True,2991.0,r2000
QSI,Quantum-Si Incorporated Class A Common Stock,166570657.0,Industrials,Industrial Machinery/Components,2020.0,United States,1816431.0,Nasdaq,False,True,2992.0,r2000
RDCM,Radcom Ltd. Ordinary Shares,166403856.0,Technology,Computer peripheral equipment,1997.0,Israel,1016838.0,Nasdaq,False,False,,
DAVA,Endava plc American Depositary Shares (each representing one Class A Ordinary Share),166242465.0,Technology,EDP Services,2018.0,United Kingdom,1656081.0,NYSE,False,False,,
CNTN,Canton Strategic Holdings Inc. Common Stock,165737231.0,Health Care,Biotechnology: Pharmaceutical Preparations,2022.0,United States,1861657.0,Nasdaq,False,True,2993.0,r2000
HUMA,Humacyte Inc. Common Stock,165734349.0,Health Care,Biotechnology: Biological Products (No Diagnostic Substances),2020.0,United States,1818382.0,Nasdaq,False,True,2994.0,r2000
FIRY,Firy Inc. Class A Common Stock,165391457.0,Technology,EDP Services,2020.0,United States,1801661.0,NYSE,False,True,2995.0,r2000
EARN,Ellington Credit Company Common Shares of Beneficial Interest,165260458.0,Real Estate,Real Estate Investment Trusts,2013.0,United States,1560672.0,NYSE,False,True,2996.0,r2000
NLOP,Net Lease Office Properties Common Shares of Beneficial Interest,164880655.0,Real Estate,Real Estate Investment Trusts,2023.0,United States,1952976.0,NYSE,False,True,2997.0,r2000
ZJYL,JIN MEDICAL INTERNATIONAL LTD. Class A Ordinary Shares,164708219.0,Health Care,Industrial Specialties,2023.0,China,1837821.0,Nasdaq,False,False,,
BZUN,Baozun Inc. American Depositary Shares,163922057.0,Consumer Discretionary,Catalog/Specialty Distribution,2015.0,China,1625414.0,Nasdaq,False,False,,
TOYO,TOYO Co. Ltd Ordinary Shares,163764281.0,Consumer Discretionary,Miscellaneous manufacturing industries,,Japan,1985273.0,Nasdaq,False,False,,
DOUG,Douglas Elliman Inc. Common Stock,163602851.0,Finance,Real Estate,2021.0,United States,1878897.0,NYSE,False,True,2998.0,r2000
BSET,Bassett Furniture Industries Incorporated Common Stock,163381536.0,Consumer Discretionary,Home Furnishings,,United States,10329.0,Nasdaq,False,True,2999.0,r2000
CAAS,China Automotive Systems Inc. Ordinary Share,163374351.0,Consumer Discretionary,Auto Parts:O.E.M.,,China,2037400.0,Nasdaq,False,False,,
DFDV,DeFi Development Corp. Common Stock,161808464.0,Finance,Finance: Consumer Services,2023.0,United States,1805526.0,Nasdaq,False,True,3000.0,r2000
CABO,Cable One Inc. Common Stock,161763602.0,Telecommunications,Cable & Other Pay Television Services,2015.0,United States,1632127.0,NYSE,False,True,3001.0,micro
ZSQR,Z Squared Inc. Common Stock,161651211.0,Finance,Finance: Consumer Services,2020.0,United States,1759186.0,Nasdaq,False,True,3002.0,micro
CDXS,Codexis Inc. Common Stock,161521003.0,Industrials,Major Chemicals,2010.0,United States,1200375.0,Nasdaq,False,True,3003.0,micro
EDRY,EuroDry Ltd. Common Shares ,160557762.0,Consumer Discretionary,Marine Transportation,,Greece,1731388.0,Nasdaq,False,False,,
RRGB,Red Robin Gourmet Burgers Inc. Common Stock,159925742.0,Consumer Discretionary,Restaurants,2002.0,United States,1171759.0,Nasdaq,False,True,3004.0,micro
GCTS,GCT Semiconductor Holding Inc. Common Stock,159107626.0,Technology,Semiconductors,2021.0,United States,1851961.0,NYSE,False,True,3005.0,micro
FOCL,EDAP TMS S.A. American Depositary Shares,158367949.0,Health Care,Biotechnology: Electromedical & Electrotherapeutic Apparatus,,France,1041934.0,Nasdaq,False,False,,
PIM,Franklin Master Intermediate Income Trust Shares of Beneficial Interest,158298191.0,Finance,Finance Companies,1988.0,United States,830622.0,NYSE,False,True,3006.0,micro
HTLM,HomesToLife Ltd Ordinary Shares,156944156.0,Consumer Discretionary,Other Specialty Stores,2024.0,Singapore,2023153.0,Nasdaq,False,False,,
TNYA,Tenaya Therapeutics Inc. Common Stock,156804047.0,Health Care,Biotechnology: Biological Products (No Diagnostic Substances),2021.0,United States,1858848.0,Nasdaq,False,True,3007.0,micro
UP,Wheels Up Experience Inc. Class A Common Stock,156711633.0,Consumer Discretionary,Transportation Services,2020.0,Singapore,1819516.0,NYSE,False,False,,
GRO,Brazil Potash Corp. Common Shares,156104462.0,Industrials,Mining & Quarrying of Nonmetallic Minerals (No Fuels),2024.0,,1472326.0,NYSE,False,False,,
ATOM,Atomera Incorporated Common Stock,156096168.0,Technology,Semiconductors,2016.0,United States,1420520.0,Nasdaq,False,True,3008.0,micro
SRBK,SR Bancorp Inc. Common stock,155989439.0,Finance,Banks,2023.0,United States,1951276.0,Nasdaq,False,True,3009.0,micro
INDP,Indaptus Therapeutics Inc. Common Stock,155893519.0,Health Care,Biotechnology: Pharmaceutical Preparations,,United States,1857044.0,Nasdaq,False,True,3010.0,micro
BCBP,BCB Bancorp Inc. (NJ) Common Stock,155856687.0,Finance,Savings Institutions,2005.0,United States,1228454.0,Nasdaq,False,True,3011.0,micro
FJET,Starfighters Space Inc. Common Stock,155638734.0,Consumer Discretionary,Air Freight/Delivery Services,2025.0,United States,1947016.0,NYSE,False,True,3012.0,micro
SAFX,XCF Global Inc. Class A Common Stock,155243357.0,Industrials,Major Chemicals,,United States,2019793.0,Nasdaq,False,True,3013.0,micro
TUSK,Mammoth Energy Services Inc. Common Stock,154970824.0,Energy,Oilfield Services/Equipment,2016.0,United States,1679268.0,Nasdaq,False,True,3014.0,micro
CTW,CTW Class A Ordinary Shares,154752000.0,Technology,EDP Services,2025.0,Japan,2047148.0,Nasdaq,False,False,,
DIBS,1stdibs.com Inc. Common Stock,154630348.0,Consumer Discretionary,Catalog/Specialty Distribution,2021.0,United States,1600641.0,Nasdaq,False,True,3015.0,micro
SITC,SITE Centers Corp. Common Stock,153752743.0,Real Estate,Real Estate Investment Trusts,,United States,894315.0,NYSE,False,True,3016.0,micro
NIU,Niu Technologies American Depositary Shares,153734732.0,Industrials,Auto Manufacturing,2018.0,China,1744781.0,Nasdaq,False,False,,
RGP,Resources Connection Inc. Common Stock,153618572.0,Consumer Discretionary,Business Services,,United States,1084765.0,Nasdaq,False,True,3017.0,micro
TJGC,TJGC Group Limited Class A Ordinary Shares,153612000.0,Consumer Discretionary,Advertising,2025.0,Hong Kong,1969928.0,Nasdaq,False,False,,
ONL,Orion Properties Inc. Common Stock,153450281.0,Real Estate,Real Estate Investment Trusts,2021.0,United States,1873923.0,NYSE,False,True,3018.0,micro
NEN,New England Realty Associates Limited Partnership Class A Depositary Receipts Evidencing Units of Limited Partnership,153277534.0,Real Estate,Building operators,,United States,746514.0,NYSE,False,True,3019.0,micro
MOLN,Molecular Partners AG American Depositary Shares,152670433.0,Health Care,Biotechnology: Biological Products (No Diagnostic Substances),2021.0,Switzerland,1745114.0,Nasdaq,False,False,,
OTLK,Outlook Therapeutics Inc. Common Stock,152471203.0,Health Care,Biotechnology: Biological Products (No Diagnostic Substances),2016.0,United States,1649989.0,Nasdaq,False,True,3020.0,micro
KRMD,KORU Medical Systems Inc. Common Stock (DE),152367277.0,Health Care,Medical/Dental Instruments,,United States,704440.0,Nasdaq,False,True,3021.0,micro
OPRX,OptimizeRx Corporation Common Stock,151441046.0,Consumer Discretionary,Business Services,,United States,1448431.0,Nasdaq,False,True,3022.0,micro
NYXH,Nyxoah SA Ordinary Shares,151109951.0,Health Care,Medical/Dental Instruments,2021.0,Belgium,1857190.0,Nasdaq,False,False,,
DH,Definitive Healthcare Corp. Class A Common Stock,150768848.0,Technology,Computer Software: Prepackaged Software,2021.0,United States,1861795.0,Nasdaq,False,True,3023.0,micro
BMHL,Bluemount Holdings Limited Class B Ordinary Shares,150568867.0,Finance,Finance: Consumer Services,2025.0,Hong Kong,2027815.0,Nasdaq,False,False,,
ELME,Elme Communities Common Stock,150169822.0,Real Estate,Real Estate Investment Trusts,2000.0,United States,104894.0,NYSE,False,True,3024.0,micro
NRXP,NRX Pharmaceuticals Inc. Common Stock,149803354.0,Health Care,Biotechnology: Pharmaceutical Preparations,2017.0,United States,1719406.0,Nasdaq,False,True,3025.0,micro
BANX,ArrowMark Financial Corp. Common Stock,149368225.0,Finance,Trusts Except Educational Religious and Charitable,,United States,1578987.0,Nasdaq,False,True,3026.0,micro
CNXU,Conexeu Sciences Inc. Common Stock,148776315.0,Health Care,Industrial Specialties,,United States,2066836.0,Nasdaq,False,True,3027.0,micro
NINE,Nine Energy Service Inc. Common Stock,148427894.0,Energy,Oilfield Services/Equipment,2026.0,,1532286.0,NYSE,False,False,,
INSE,Inspired Entertainment Inc. Common Stock,148134051.0,Technology,Computer Software: Prepackaged Software,2014.0,United States,1615063.0,Nasdaq,False,True,3028.0,micro
OWLT,Owlet Inc. Class A Common Stock,147861686.0,Industrials,Industrial Machinery/Components,2020.0,United States,1816708.0,NYSE,False,True,3029.0,micro
SWVL,Swvl Holdings Corp Class A Common Shares,147179665.0,Consumer Discretionary,Business Services,,United Arab Emirates,1875609.0,Nasdaq,False,False,,
GHI,Greystone Housing Impact Investors LP Beneficial Unit Certificates representing assignments of limited partnership interests,147030062.0,Finance,Finance: Consumer Services,2022.0,United States,1059142.0,NYSE,False,True,3030.0,micro
MIST,Milestone Pharmaceuticals Inc. Common Shares,146907616.0,Health Care,Biotechnology: Pharmaceutical Preparations,2019.0,Canada,1408443.0,Nasdaq,False,False,,
SHIM,Shimmick Corporation Common Stock,146742172.0,Industrials,Military/Government/Technical,2023.0,United States,1887944.0,Nasdaq,False,True,3031.0,micro
ZJK,ZJK Industrial Co. Ltd. Class A Ordinary Shares,146654728.0,Industrials,Metal Fabrications,2024.0,China,1941506.0,Nasdaq,False,False,,
PAAC,Proem Acquisition Corp I Ordinary Shares,146115253.0,Finance,Investment Managers,2026.0,United States,2087446.0,Nasdaq,False,True,3032.0,micro
CLAR,Clarus Corporation Common Stock,144729226.0,Consumer Discretionary,Recreational Games/Products/Toys,,United States,913277.0,Nasdaq,False,True,3033.0,micro
GGZ,Gabelli Global Small and Mid Cap Value Trust (The) Common Shares of Beneficial Interest,144710654.0,Finance,Investment Managers,2014.0,,1585855.0,NYSE,False,False,,
ENGS,Energys Group Limited Ordinary Shares,144651351.0,Industrials,Engineering & Construction,2025.0,United Kingdom,1971828.0,Nasdaq,False,False,,
UNCY,Unicycive Therapeutics Inc. Common Stock,144568784.0,Health Care,Biotechnology: Pharmaceutical Preparations,2021.0,United States,1766140.0,Nasdaq,False,True,3034.0,micro
KZIA,Kazia Therapeutics Limited American Depositary Shares,144093196.0,Health Care,Biotechnology: Pharmaceutical Preparations,,Australia,1075880.0,Nasdaq,False,False,,
COOK,Traeger Inc. Common Stock,143856696.0,Consumer Discretionary,Consumer Electronics/Appliances,2021.0,United States,1857853.0,NYSE,False,True,3035.0,micro
TRAK,ReposiTrak Inc. Common Stock,143571164.0,Technology,EDP Services,,United States,50471.0,NYSE,False,True,3036.0,micro
OKUR,OnKure Therapeutics Inc. Class A Common Stock,143356934.0,Health Care,Biotechnology: Pharmaceutical Preparations,2021.0,United States,1637715.0,Nasdaq,False,True,3037.0,micro
FLX,BingEx Limited American Depositary Shares,143334624.0,Industrials,Trucking Freight/Courier Services,2024.0,China,1858724.0,Nasdaq,False,False,,
INGN,Inogen Inc Common Stock,143041636.0,Health Care,Industrial Specialties,2014.0,United States,1294133.0,Nasdaq,False,True,3038.0,micro
EQ,Equillium Inc. Common Stock,142668185.0,Health Care,Biotechnology: Pharmaceutical Preparations,2018.0,United States,1746466.0,Nasdaq,False,True,3039.0,micro
NXG,NXG NextGen Infrastructure Income Fund Common Shares of Beneficial Interest,142313756.0,,,2012.0,United States,1506488.0,NYSE,False,True,3040.0,micro
MED,MEDIFAST INC Common Stock,141659507.0,Consumer Staples,Packaged Foods,,United States,910329.0,NYSE,False,True,3041.0,micro
PLBY,Playboy Inc. Common Stock,141373072.0,Consumer Discretionary,Other Specialty Stores,2020.0,United States,1803914.0,Nasdaq,False,True,3042.0,micro
ZENA,ZenaTech Inc. Common Stock,140899009.0,Technology,Computer Software: Prepackaged Software,,Canada,1997403.0,Nasdaq,False,False,,
INO,Inovio Pharmaceuticals Inc. Common Stock,140620624.0,Health Care,Biotechnology: Pharmaceutical Preparations,,United States,1055726.0,Nasdaq,False,True,3043.0,micro
BOOM,DMC Global Inc. Common Stock,140500091.0,Industrials,Industrial Specialties,,United States,34067.0,Nasdaq,False,True,3044.0,micro
ANTA,Antalpha Platform Holding Company Class A Ordinary Shares,140436000.0,Finance,Investment Bankers/Brokers/Service,2025.0,Singapore,2044255.0,Nasdaq,False,False,,
BMEA,Biomea Fusion Inc. Common Stock,140256254.0,Health Care,Biotechnology: Pharmaceutical Preparations,2021.0,United States,1840439.0,Nasdaq,False,True,3045.0,micro
TP,Ticketplus Ltd. Ordinary Shares,138873649.0,Consumer Discretionary,Services-Misc. Amusement & Recreation,2026.0,,2104296.0,NYSE,False,False,,
INTT,inTest Corporation Common Stock,138775005.0,Industrials,Electrical Products,1997.0,United States,1036262.0,NYSE,False,True,3046.0,micro
PAL,Proficient Auto Logistics Inc. Common Stock,138581440.0,Consumer Discretionary,Transportation Services,2024.0,United States,1998768.0,Nasdaq,False,True,3047.0,micro
SMID,Smith-Midland Corporation Common Stock,138397171.0,Industrials,Building Materials,,United States,924719.0,Nasdaq,False,True,3048.0,micro
STXS,Stereotaxis Inc. Common Stock,138279006.0,Health Care,Biotechnology: Electromedical & Electrotherapeutic Apparatus,,United States,1289340.0,NYSE,False,True,3049.0,micro
ACNT,Ascent Industries Co. Common Stock,137934725.0,Industrials,Major Chemicals,,United States,95953.0,Nasdaq,False,True,3050.0,micro
HURC,Hurco Companies Inc. Common Stock,137816132.0,Industrials,Industrial Machinery/Components,,United States,315374.0,Nasdaq,False,True,3051.0,micro
DLTH,Duluth Holdings Inc. Class B Common Stock,137567497.0,Consumer Discretionary,Clothing/Shoe/Accessory Stores,2015.0,United States,1649744.0,Nasdaq,False,True,3052.0,micro
NAKA,Nakamoto Inc. Common Stock,137433162.0,Health Care,Medical/Nursing Services,2024.0,United States,1946573.0,Nasdaq,False,True,3053.0,micro
HOFT,Hooker Furnishings Corporation Common Stock,137278287.0,Consumer Discretionary,Home Furnishings,,United States,1077688.0,Nasdaq,False,True,3054.0,micro
AMTX,Aemetis Inc. (DE) Common Stock,137122229.0,Industrials,Major Chemicals,,United States,738214.0,Nasdaq,False,True,3055.0,micro
DLNG,Dynagas LNG Partners LP Common Units,136796361.0,Consumer Discretionary,Marine Transportation,,Greece,1578453.0,NYSE,False,False,,
LGCY,Legacy Education Inc. Common Stock,136388970.0,Real Estate,Other Consumer Services,2024.0,,1836754.0,NYSE,False,False,,
JLHL,Julong Holding Limited Class A Ordinary Shares,135769841.0,Consumer Discretionary,Military/Government/Technical,2025.0,China,2007846.0,Nasdaq,False,False,,
UFI,Unifi Inc. New Common Stock,135512622.0,Consumer Discretionary,Textiles,,United States,100726.0,NYSE,False,True,3056.0,micro
LSBK,Lake Shore Bancorp Inc. Common Stock,135320767.0,Finance,Savings Institutions,2006.0,United States,2059653.0,Nasdaq,False,True,3057.0,micro
LX,LexinFintech Holdings Ltd. American Depositary Shares,135274694.0,Finance,Finance: Consumer Services,2017.0,China,1708259.0,Nasdaq,False,False,,
QUCY,Quantum Cyber N.V. Ordinary Shares,134509107.0,Health Care,Biotechnology: Pharmaceutical Preparations,2021.0,Germany,1874252.0,Nasdaq,False,False,,
HDRN,Hadron Energy Inc. Common Stock  ,134417823.0,Utilities,Electric Utilities: Central,2024.0,United States,2023730.0,Nasdaq,False,True,3058.0,micro
CHPT,ChargePoint Holdings Inc. Common Stock,134408705.0,Miscellaneous,Industrial Machinery/Components,2019.0,United States,1777393.0,NYSE,False,True,3059.0,micro
WTF,Waton Financial Limited Ordinary Shares,134100172.0,Finance,Investment Bankers/Brokers/Service,2025.0,Hong Kong,1987363.0,Nasdaq,False,False,,
AIFU,AIFU Inc. Class A Ordinary Share,134012820.0,Finance,Specialty Insurers,2007.0,China,1413855.0,Nasdaq,False,False,,
SJT,San Juan Basin Royalty Trust Common Stock,133767245.0,Energy,Oil & Gas Production,,United States,319655.0,NYSE,False,True,3060.0,micro
BRLT,Brilliant Earth Group Inc. Class A Common Stock,133387861.0,Consumer Discretionary,Consumer Specialties,2021.0,United States,1866757.0,Nasdaq,False,True,3061.0,micro
HURA,TuHURA Biosciences Inc. Common Stock,133188630.0,Health Care,Biotechnology: Pharmaceutical Preparations,,United States,1498382.0,Nasdaq,False,True,3062.0,micro
HYNE,Hoyne Bancorp Inc. Common Stock,133032691.0,Finance,Banks,2025.0,United States,2073153.0,Nasdaq,False,True,3063.0,micro
QVCG,QVC Group Inc. Common Stock,132581391.0,Consumer Discretionary,Catalog/Specialty Distribution,,United States,1254699.0,Nasdaq,False,True,3064.0,micro
NIPG,NIP Group Inc. American Depositary Shares,132084583.0,Consumer Discretionary,Services-Misc. Amusement & Recreation,2024.0,Sweden,1966233.0,Nasdaq,False,False,,
VTVT,vTv Therapeutics Inc. Class A Common Stock,132061195.0,Health Care,Biotechnology: Pharmaceutical Preparations,2015.0,United States,1641489.0,Nasdaq,False,True,3065.0,micro
EPM,Evolution Petroleum Corporation Inc. Common Stock,131935924.0,Energy,Oil & Gas Production,,United States,1006655.0,NYSE,False,True,3066.0,micro
SIF,SIFCO Industries Inc. Common Stock,131837018.0,Industrials,Aerospace,1969.0,United States,90168.0,NYSE,False,True,3067.0,micro
IMDX,Insight Molecular Diagnostics Inc. Common Stock,131224379.0,Health Care,Biotechnology: In Vitro & In Vivo Diagnostic Substances,,United States,1642380.0,Nasdaq,False,True,3068.0,micro
BHR,Braemar Hotels & Resorts Inc. Common Stock,131177497.0,Real Estate,Real Estate Investment Trusts,2013.0,United States,1574085.0,NYSE,False,True,3069.0,micro
KVHI,KVH Industries Inc. Common Stock,131159155.0,Consumer Discretionary,Telecommunications Equipment,1996.0,United States,1007587.0,Nasdaq,False,True,3070.0,micro
MXCT,MaxCyte Inc. Common Stock,131071882.0,Health Care,Biotechnology: Commercial Physical & Biological Resarch,2021.0,United States,1287098.0,Nasdaq,False,True,3071.0,micro
RFL,Rafael Holdings Inc. Class B Common Stock,130519990.0,Health Care,Biotechnology: Pharmaceutical Preparations,2018.0,United States,1713863.0,NYSE,False,True,3072.0,micro
AARD,Aardvark Therapeutics Inc. Common Stock,130214834.0,Health Care,Biotechnology: Pharmaceutical Preparations,2025.0,United States,1774857.0,Nasdaq,False,True,3073.0,micro
DOYU,DouYu International Holdings Limited ADS,129769094.0,Technology,Computer Software: Programming Data Processing,2019.0,China,1762417.0,Nasdaq,False,False,,
APYX,Apyx Medical Corporation Common Stock,129741991.0,Health Care,Medical/Dental Instruments,,United States,719135.0,Nasdaq,False,True,3074.0,micro
RYDE,Ryde Group Ltd. Class A Ordinary Shares,128789718.0,Consumer Discretionary,Business Services,2024.0,,1971115.0,NYSE,False,False,,
SANG,Sangoma Technologies Corporation Common Shares,128788917.0,Technology,Computer Software: Programming Data Processing,,Canada,1753368.0,Nasdaq,False,False,,
NTHI,NeOnc Technologies Holdings Inc. Common Stock,128644370.0,Health Care,Biotechnology: Pharmaceutical Preparations,,United States,1979414.0,Nasdaq,False,True,3075.0,micro
BEBE,TGE Value Creative Solutions Corp Class A Ordinary Shares,128442600.0,Consumer Discretionary,Diversified Commercial Services,2026.0,,2079933.0,NYSE,False,False,,
LANV,Lanvin Group Holdings Limited Ordinary Shares,128107832.0,Consumer Discretionary,Apparel,2022.0,Cayman Islands,1922097.0,NYSE,False,False,,
VANI,Vivani Medical Inc. Common Stock (DE),128088766.0,Health Care,Biotechnology: Electromedical & Electrotherapeutic Apparatus,2014.0,United States,1266806.0,Nasdaq,False,True,3076.0,micro
RENT,Rent the Runway Inc. Class A Common Stock,127628430.0,Consumer Discretionary,Other Specialty Stores,2021.0,United States,1468327.0,Nasdaq,False,True,3077.0,micro
EP,Empire Petroleum Corporation Common Stock,127226663.0,Energy,Oil & Gas Production,2022.0,United States,887396.0,NYSE,False,True,3078.0,micro
HCAT,Health Catalyst Inc Common Stock,127183284.0,Technology,Computer Software: Programming Data Processing,2019.0,United States,1636422.0,Nasdaq,False,True,3079.0,micro
CVGI,Commercial Vehicle Group Inc. Common Stock,127180295.0,Consumer Discretionary,Auto Parts:O.E.M.,2004.0,United States,1290900.0,Nasdaq,False,True,3080.0,micro
PNBK,Patriot National Bancorp Inc. Common Stock,127054154.0,Finance,Major Banks,,United States,1098146.0,Nasdaq,False,True,3081.0,micro
FGNXP,FG Nexus Inc. 8.00% Cumulative Preferred Stock,126627847.0,Finance,Property-Casualty Insurers,,United States,1591890.0,Nasdaq,False,True,3082.0,micro
ENGN,enGene Therapeutics Inc. Common Stock,126610091.0,Health Care,Biotechnology: Biological Products (No Diagnostic Substances),,Canada,1980845.0,Nasdaq,False,False,,
JHS,John Hancock Income Securities Trust Common Stock,126481913.0,Finance,Finance Companies,,United States,759866.0,NYSE,False,True,3083.0,micro
NICM,Nicola Mining Inc. American Depositary Shares,126239137.0,Basic Materials,Metal Mining,,Canada,1526475.0,Nasdaq,False,False,,
HSDT,Solana Company Class A Common Stock (DE),125754102.0,Health Care,Biotechnology: Electromedical & Electrotherapeutic Apparatus,,United States,1610853.0,Nasdaq,False,True,3084.0,micro
NCT,Intercont (Cayman) Limited Class A Ordinary shares,125657256.0,Consumer Discretionary,Restaurants,2025.0,China,2018529.0,Nasdaq,False,False,,
PMN,ProMIS Neurosciences Inc. Common Shares (ON),125323510.0,Health Care,Biotechnology: Pharmaceutical Preparations,,Canada,1374339.0,Nasdaq,False,False,,
SGLD,Scorpio Gold Corporation American Depositary Shares ,125138358.0,,,,Canada,1467093.0,,False,False,,
MGYR,Magyar Bancorp Inc. Common Stock,124782553.0,Finance,Savings Institutions,2006.0,United States,1337068.0,Nasdaq,False,True,3085.0,micro
WSHP,WeShop Holdings Limited Class A Ordinary Shares,124523680.0,Consumer Discretionary,Other Specialty Stores,,Jersey,2048271.0,Nasdaq,False,False,,
AOUT,American Outdoor Brands Inc. Common Stock ,124445844.0,Consumer Discretionary,Recreational Games/Products/Toys,,United States,1808997.0,Nasdaq,False,True,3086.0,micro
VIVO,VivoPower PLC Class A Ordinary Shares,124134993.0,Utilities,Power Generation,,United Kingdom,1681348.0,Nasdaq,False,False,,
NRDY,Nerdy Inc. Class A Common Stock,123779992.0,Real Estate,Other Consumer Services,2020.0,United States,1819404.0,NYSE,False,True,3087.0,micro
QTRX,Quanterix Corporation Common Stock,123434900.0,Industrials,Biotechnology: Laboratory Analytical Instruments,2017.0,United States,1503274.0,Nasdaq,False,True,3088.0,micro
BDTX,Black Diamond Therapeutics Inc. Common Stock,122951019.0,Health Care,Biotechnology: Biological Products (No Diagnostic Substances),2020.0,United States,1701541.0,Nasdaq,False,True,3089.0,micro
BOTJ,Bank of the James Financial Group Inc. Common Stock,122670126.0,Finance,Major Banks,,United States,1275101.0,Nasdaq,False,True,3090.0,micro
NAUT,Nautilus Biotechnology Inc. Common Stock,122394073.0,Industrials,Biotechnology: Laboratory Analytical Instruments,2020.0,United States,1808805.0,Nasdaq,False,True,3091.0,micro
DMRC,Digimarc Corporation Common Stock,122041036.0,Technology,EDP Services,,United States,2119322.0,Nasdaq,False,True,3092.0,micro
AXR,AMREP Corporation Common Stock,121726048.0,Real Estate,Homebuilding,,United States,6207.0,NYSE,False,True,3093.0,micro
AUC,ATIF Holdings Limited Ordinary Shares,121674250.0,Consumer Discretionary,Professional Services,2019.0,United States,1755058.0,Nasdaq,False,True,3094.0,micro
TISI,Team Inc. Common Stock,121546703.0,Consumer Discretionary,Other Consumer Services,,United States,318833.0,NYSE,False,True,3095.0,micro
CITR,CitroTech Inc. Common Stock,121337690.0,Industrials,Major Chemicals,,,894556.0,NYSE,False,False,,
PZG,Paramount Gold Nevada Corp. Common Stock,120955977.0,Basic Materials,Metal Mining,2015.0,United States,1629210.0,NYSE,False,True,3096.0,micro
SFBC,Sound Financial Bancorp Inc. Common Stock,120954825.0,Finance,Savings Institutions,,United States,1541119.0,Nasdaq,False,True,3097.0,micro
WSBK,Winchester Bancorp Inc. Common Stock,120839888.0,Finance,Banks,2025.0,United States,2047235.0,Nasdaq,False,True,3098.0,micro
USGO,U.S. GoldMining Inc. Common stock,120145900.0,Basic Materials,Precious Metals,2023.0,United States,1947244.0,Nasdaq,False,True,3099.0,micro
AKA,a.k.a. Brands Holding Corp. Common Stock,120022364.0,Consumer Discretionary,Catalog/Specialty Distribution,2021.0,,1865107.0,NYSE,False,False,,
RANI,Rani Therapeutics Holdings Inc. Class A Common Stock,119601184.0,Health Care,Biotechnology: Pharmaceutical Preparations,2021.0,United States,1856725.0,Nasdaq,False,True,3100.0,micro
CBUS,Cibus Inc. Class A Common Stock,119229184.0,Industrials,Agricultural Chemicals,2017.0,United States,1705843.0,Nasdaq,False,True,3101.0,micro
TCX,Tucows Inc. Class A Common Stock,119089493.0,Technology,EDP Services,,Canada,909494.0,Nasdaq,False,False,,
SLNG,Stabilis Solutions Inc. Common Stock,119016326.0,Utilities,Oil/Gas Transmission,,United States,1043186.0,Nasdaq,False,True,3102.0,micro
TLSA,Tiziana Life Sciences Ltd. Common Shares,118541881.0,Health Care,Biotechnology: Pharmaceutical Preparations,2018.0,United Kingdom,1723069.0,Nasdaq,False,False,,
FLYX,flyExclusive Inc. Class A Common Stock,118414828.0,Consumer Discretionary,Transportation Services,2023.0,,1843973.0,NYSE,False,False,,
SAMG,Silvercrest Asset Management Group Inc. Class A Common Stock,118240715.0,Finance,Investment Managers,2013.0,United States,1549966.0,Nasdaq,False,True,3103.0,micro
BEEP,Mobile Infrastructure Corporation Common Stock,118118000.0,Finance,Real Estate,,United States,1847874.0,Nasdaq,False,True,3104.0,micro
UNB,Union Bankshares Inc. Common Stock,117563282.0,Finance,Major Banks,,United States,706863.0,Nasdaq,False,True,3105.0,micro
STHO,Star Holdings Shares of Beneficial Interest,117430557.0,Real Estate,Real Estate,,United States,1953366.0,Nasdaq,False,True,3106.0,micro
BNC,CEA Industries Inc. Common Stock,116776696.0,Consumer Staples,Farming/Seeds/Milling,,United States,1482541.0,Nasdaq,False,True,3107.0,micro
JYNT,The Joint Corp. Common Stock,116539589.0,Miscellaneous,Multi-Sector Companies,2014.0,United States,1612630.0,Nasdaq,False,True,3108.0,micro
TLYS,Tilly's Inc. Common Stock,116160880.0,Consumer Discretionary,Clothing/Shoe/Accessory Stores,2012.0,United States,1524025.0,NYSE,False,True,3109.0,micro
SRG,Seritage Growth Properties Class A Common Stock,116028690.0,Finance,Real Estate,2015.0,United States,1628063.0,NYSE,False,True,3110.0,micro
OCC,Optical Cable Corporation Common Stock,115811447.0,Industrials,Telecommunications Equipment,,United States,1000230.0,Nasdaq,False,True,3111.0,micro
LAKE,Lakeland Industries Inc. Common Stock,115666602.0,Health Care,Industrial Specialties,1986.0,United States,798081.0,Nasdaq,False,True,3112.0,micro
BSBK,Bogota Financial Corp. Common Stock,115489883.0,Finance,Banks,2020.0,United States,1787414.0,Nasdaq,False,True,3113.0,micro
INVZ,Innoviz Technologies Ltd. Ordinary shares,115418947.0,Consumer Discretionary,Auto Parts:O.E.M.,,Israel,1835654.0,Nasdaq,False,False,,
GNLX,Genelux Corporation Common Stock,115375604.0,Health Care,Biotechnology: Pharmaceutical Preparations,2023.0,United States,1231457.0,Nasdaq,False,True,3114.0,micro
KULR,KULR Technology Group Inc. Common Stock,115238002.0,Technology,Electrical Products,,United States,1662684.0,NYSE,False,True,3115.0,micro
JHI,John Hancock Investors Trust Common Stock,114990793.0,Finance,Trusts Except Educational Religious and Charitable,,United States,759828.0,NYSE,False,True,3116.0,micro
PROV,Provident Financial Holdings Inc. Common Stock,114630156.0,Finance,Savings Institutions,,United States,1010470.0,Nasdaq,False,True,3117.0,micro
GLU,Gabelli Global Utility Common Shares of Beneficial Ownership,114519526.0,Finance,Finance/Investors Services,2004.0,United States,1282957.0,NYSE,False,True,3118.0,micro
MX,Magnachip Semiconductor Corporation Common Stock,113911546.0,Technology,Semiconductors,2011.0,Luxembourg,1325702.0,NYSE,False,False,,
RNXT,RenovoRx Inc. Common Stock,113726360.0,Health Care,Biotechnology: Pharmaceutical Preparations,2021.0,United States,1574094.0,Nasdaq,False,True,3119.0,micro
AGPU,Axe Compute Inc. Common Stock,113477104.0,Health Care,Industrial Specialties,,United States,1446159.0,Nasdaq,False,True,3120.0,micro
ICG,Intchains Group Limited American Depositary Shares,113415145.0,Technology,Semiconductors,2023.0,China,1895597.0,Nasdaq,False,False,,
CODA,Coda Octopus Group Inc. Common stock,112581925.0,Industrials,Industrial Machinery/Components,,United States,1334325.0,Nasdaq,False,True,3121.0,micro
GUTS,Fractyl Health Inc. Common Stock,112492399.0,Health Care,Medical/Dental Instruments,2024.0,United States,1572616.0,Nasdaq,False,True,3122.0,micro
ONCY,Oncolytics Biotech Inc. Common Stock,112209244.0,Health Care,Biotechnology: Pharmaceutical Preparations,,Canada,1129928.0,Nasdaq,False,False,,
FURY,Fury Gold Mines Limited Common Shares,112197008.0,Basic Materials,Precious Metals,2020.0,,1514597.0,NYSE,False,False,,
OPHC,OptimumBank Holdings Inc. Common Stock,112087534.0,Finance,Major Banks,,United States,1288855.0,NYSE,False,True,3123.0,micro
BGM,BGM Group Ltd. Class A Ordinary Shares,112054353.0,Health Care,Biotechnology: Pharmaceutical Preparations,2021.0,China,1779578.0,Nasdaq,False,False,,
HOVR,New Horizon Aircraft Ltd. Class A Ordinary Share,111425742.0,Industrials,Aerospace,2023.0,United States,1930021.0,Nasdaq,False,True,3124.0,micro
GGT,Gabelli Multi-Media Trust Inc. (The) Common Stock,111244434.0,Finance,Trusts Except Educational Religious and Charitable,,United States,921671.0,NYSE,False,True,3125.0,micro
VIOT,Viomi Technology Co. Ltd American Depositary Shares,111176338.0,Consumer Discretionary,Consumer Electronics/Appliances,2018.0,China,1742770.0,Nasdaq,False,False,,
BYFC,Broadway Financial Corporation Class A Common Stock,111064184.0,Finance,Savings Institutions,,United States,1001171.0,Nasdaq,False,True,3126.0,micro
ZSTK,ZeroStack Corp. Common Stock,110848277.0,Health Care,Other Pharmaceuticals,2021.0,Canada,1790169.0,Nasdaq,False,False,,
RDZN,Roadzen Inc. Ordinary Shares,110714582.0,Finance,Specialty Insurers,2022.0,United States,1868640.0,Nasdaq,False,True,3127.0,micro
XHLD,TEN Holdings Inc. Common Stock,110671573.0,Consumer Discretionary,Business Services,2025.0,United States,2030954.0,Nasdaq,False,True,3128.0,micro
SEER,Seer Inc. Class A Common Stock,109636590.0,Industrials,Biotechnology: Laboratory Analytical Instruments,2020.0,United States,1726445.0,Nasdaq,False,True,3129.0,micro
RFIL,RF Industries Ltd. Common Stock,109163726.0,Technology,Electrical Products,,United States,740664.0,Nasdaq,False,True,3130.0,micro
WRAP,Wrap Technologies Inc. Common Stock,109134407.0,Industrials,Ordnance And Accessories,,United States,1702924.0,Nasdaq,False,True,3131.0,micro
CHMI,Cherry Hill Mortgage Investment Corporation Common Stock,108255864.0,Real Estate,Real Estate Investment Trusts,2013.0,,1571776.0,NYSE,False,False,,
PYPD,PolyPid Ltd. Ordinary Shares,107652360.0,Health Care,Medical/Dental Instruments,2020.0,Israel,1611842.0,Nasdaq,False,False,,
HUHU,HUHUTECH International Group Inc. Ordinary Shares,107583621.0,Telecommunications,Metal Fabrications,2024.0,China,1945415.0,Nasdaq,False,False,,
ATGL,Alpha Technology Group Limited Class A Ordinary Shares,107006250.0,Technology,EDP Services,2023.0,China,1967621.0,Nasdaq,False,False,,
GHG,GreenTree Hospitality Group Ltd. American depositary shares each representing one Class A ordinary share,106951165.0,Consumer Discretionary,Hotels/Resorts,2018.0,,1724755.0,NYSE,False,False,,
ANIX,Anixa Biosciences Inc. Common Stock,106492187.0,Health Care,Biotechnology: Pharmaceutical Preparations,,United States,715446.0,Nasdaq,False,True,3132.0,micro
TRT,Trio-Tech International Common Stock,106182290.0,Technology,Industrial Machinery/Components,1998.0,United States,732026.0,NYSE,False,True,3133.0,micro
VENU,Venu Holding Corporation Common Stock,105964810.0,Consumer Discretionary,Services-Misc. Amusement & Recreation,2024.0,United States,1770501.0,NYSE,False,True,3134.0,micro
ZVIA,Zevia PBC Class A Common Stock,105963199.0,Consumer Staples,Beverages (Production/Distribution),2021.0,United States,1854139.0,NYSE,False,True,3135.0,micro
FNWB,First Northwest Bancorp Common Stock,105388694.0,Finance,Banks,2015.0,United States,1556727.0,Nasdaq,False,True,3136.0,micro
QXL,Quantum X Labs Inc. Common Stock,105035313.0,Technology,Computer Software: Prepackaged Software,,Israel,797542.0,Nasdaq,False,False,,
LNSR,LENSAR Inc. Common Stock,104429853.0,Health Care,Medical/Dental Instruments,,United States,1320350.0,Nasdaq,False,True,3137.0,micro
WYY,WidePoint Corporation Common Stock,104381782.0,Technology,EDP Services,,United States,1034760.0,NYSE,False,True,3138.0,micro
KEQU,Kewaunee Scientific Corporation Common Stock,104224587.0,Industrials,Medical Specialities,,United States,55529.0,Nasdaq,False,True,3139.0,micro
TSQ,Townsquare Media Inc. Class A Common Stock,103738026.0,Consumer Discretionary,Broadcasting,2014.0,United States,1499832.0,NYSE,False,True,3140.0,micro
CSTE,Caesarstone Ltd. Ordinary Shares,103731225.0,Industrials,Building Materials,2012.0,Israel,1504379.0,Nasdaq,False,False,,
COYA,Coya Therapeutics Inc. Common Stock,103683693.0,Health Care,Biotechnology: Pharmaceutical Preparations,2022.0,United States,1835022.0,Nasdaq,False,True,3141.0,micro
RVSB,Riverview Bancorp Inc Common Stock,103557035.0,Finance,Savings Institutions,,United States,1041368.0,Nasdaq,False,True,3142.0,micro
PUSA,Aureus Greenway Holdings Inc. Common Stock,103463355.0,Consumer Discretionary,Hotels/Resorts,2025.0,United States,2009312.0,Nasdaq,False,True,3143.0,micro
ULBI,Ultralife Corporation Common Stock,103145635.0,Miscellaneous,Industrial Machinery/Components,1992.0,United States,875657.0,Nasdaq,False,True,3144.0,micro
DWSN,Dawson Geophysical Company Common Stock,103104652.0,Energy,Oil & Gas Production,,United States,799165.0,Nasdaq,False,True,3145.0,micro
JXG,JX Luxventure Group Inc. Common Stock,102508955.0,Industrials,Office Equipment/Supplies/Services,2013.0,China,1546383.0,Nasdaq,False,False,,
HLP,Hongli Group Inc. Class A Ordinary Shares,102392088.0,Industrials,Industrial Machinery/Components,2023.0,China,1855557.0,Nasdaq,False,False,,
GOAI,Eva Live Inc. Common Stock,101985057.0,Technology,Computer Software: Programming Data Processing,,United States,1983736.0,Nasdaq,False,True,3146.0,micro
BUDA,Buda Juice Inc. Common Stock,101789995.0,Consumer Staples,Beverages (Production/Distribution),2026.0,,2079720.0,NYSE,False,False,,
PLYX,Polaryx Therapeutics Inc. Common Stock,101685826.0,Health Care,Biotechnology: Pharmaceutical Preparations,,United States,2075320.0,Nasdaq,False,True,3147.0,micro
MDIA,Mediaco Holding Inc. Class A Common Stock ,101664028.0,Consumer Discretionary,Broadcasting,,United States,1784254.0,Nasdaq,False,True,3148.0,micro
HERE,Here Group Limited American Depositary Shares,101155384.0,Consumer Discretionary,Recreational Games/Products/Toys,2023.0,China,1932770.0,Nasdaq,False,False,,
SIEB,Siebert Financial Corp. Common Stock,101108303.0,Finance,Investment Bankers/Brokers/Service,,United States,65596.0,Nasdaq,False,True,3149.0,micro
CMCM,Cheetah Mobile Inc. American Depositary Shares each representing fifty (50) Class A Ordinary Shares,101009715.0,Technology,Computer Software: Prepackaged Software,2022.0,China,1597835.0,NYSE,False,False,,
YDDL,One and One Green Technologies. Inc Class A Ordinary Shares,100859999.0,Consumer Discretionary,Industrial Specialties,2025.0,Philippines,2034723.0,Nasdaq,False,False,,
SUNS,Sunrise Realty Trust Inc. Common Stock,100828248.0,Real Estate,Real Estate Investment Trusts,,United States,2012706.0,Nasdaq,False,True,3150.0,micro
VATE,INNOVATE Corp. Common Stock,100676971.0,Industrials,Metal Fabrications,,United States,1006837.0,NYSE,False,True,3151.0,micro
EVTL,Vertical Aerospace Ltd. Ordinary Shares,100423985.0,Industrials,Aerospace,2021.0,,1867102.0,NYSE,False,False,,
CGTX,Cognition Therapeutics Inc. Common Stock,99848433.0,Health Care,Biotechnology: Biological Products (No Diagnostic Substances),2021.0,United States,1455365.0,Nasdaq,False,True,3152.0,micro
AMPG,Amplitech Group Inc. Common Stock,99745705.0,Telecommunications,Telecommunications Equipment,,United States,1518461.0,Nasdaq,False,True,3153.0,micro
GETY,Getty Images Holdings Inc. Class A Common Stock,99347308.0,Consumer Discretionary,Business Services,2022.0,United States,1898496.0,NYSE,False,True,3154.0,micro
SPAI,Safe Pro Group Inc. Common Stock,99167138.0,Health Care,Industrial Specialties,2024.0,United States,2011208.0,Nasdaq,False,True,3155.0,micro
MBAI,MBody AI Ltd. Ordinary Share,99102217.0,Health Care,Medical Electronics,2015.0,Israel,1610590.0,Nasdaq,False,False,,
PARK,Park Dental Partners Inc. Common Stock,98672102.0,Health Care,Misc Health and Biotechnology Services,2025.0,United States,2069604.0,Nasdaq,False,True,3156.0,micro
FLNT,Fluent Inc. Common Stock,98614108.0,Consumer Discretionary,Advertising,,United States,1460329.0,Nasdaq,False,True,3157.0,micro
MBOT,Microbot Medical Inc. Common Stock,98060609.0,Health Care,Medical/Dental Instruments,,Israel,883975.0,Nasdaq,False,False,,
LUNG,Pulmonx Corporation Common Stock,97922053.0,Health Care,Medical/Dental Instruments,2020.0,United States,1127537.0,Nasdaq,False,True,3158.0,micro
HFFG,HF Foods Group Inc. Common Stock,97830215.0,Consumer Discretionary,Food Distributors,2017.0,United States,1680873.0,Nasdaq,False,True,3159.0,micro
LPA,Logistic Properties of the Americas Ordinary Shares,97699048.0,Finance,Real Estate,2024.0,,1997711.0,NYSE,False,False,,
CPIX,Cumberland Pharmaceuticals Inc. Common Stock,97689858.0,Health Care,Biotechnology: Pharmaceutical Preparations,2009.0,United States,1087294.0,Nasdaq,False,True,3160.0,micro
LUD,Luda Technology Group Limited Ordinary Shares,97567000.0,Industrials,Steel/Iron Ore,2025.0,Hong Kong,1984124.0,NYSE,False,False,,
BWEN,Broadwind Inc. Common Stock,97231803.0,Telecommunications,Metal Fabrications,,United States,1120370.0,Nasdaq,False,True,3161.0,micro
RPT,Rithm Property Trust Inc. Common stock,97079324.0,Real Estate,Real Estate Investment Trusts,2015.0,United States,1614806.0,NYSE,False,True,3162.0,micro
ATLX,Atlas Lithium Corporation Common Stock,96921372.0,Industrials,Mining & Quarrying of Nonmetallic Minerals (No Fuels),,United States,1540684.0,Nasdaq,False,True,3163.0,micro
BNR,Burning Rock Biotech Limited American Depositary Shares,96499038.0,Health Care,Medical Specialities,2020.0,China,1792267.0,Nasdaq,False,False,,
BARK,BARK Inc. Class A Common Stock,96386986.0,Consumer Discretionary,Other Specialty Stores,2020.0,United States,1819574.0,NYSE,False,True,3164.0,micro
AMBR,Amber International Holding Limited American Depositary Shares,96160756.0,Finance,Finance: Consumer Services,2017.0,Hong Kong,1697818.0,Nasdaq,False,False,,
FDSB,Fifth District Bancorp Inc. Common Stock,96074324.0,Finance,Savings Institutions,2024.0,United States,2012726.0,Nasdaq,False,True,3165.0,micro
ARQ,Arq Inc. Common Stock,96070663.0,Industrials,Major Chemicals,,United States,1515156.0,Nasdaq,False,True,3166.0,micro
GRWG,GrowGeneration Corp. Common Stock,96040332.0,Consumer Discretionary,RETAIL: Building Materials,,United States,1604868.0,Nasdaq,False,True,3167.0,micro
JFB,JFB Construction Holdings Class A Common Stock,95892110.0,Consumer Discretionary,General Bldg Contractors - Nonresidential Bldgs,2025.0,United States,2024306.0,Nasdaq,False,True,3168.0,micro
RMI,RiverNorth Opportunistic Municipal Income Fund Inc. Common Stock,95885817.0,Finance,Finance/Investors Services,2018.0,,1746967.0,NYSE,False,False,,
PTHS,Pelthos Therapeutics Inc. Common Stock,95826579.0,Health Care,Biotechnology: Biological Products (No Diagnostic Substances),2024.0,,1919246.0,NYSE,False,False,,
RGT,Royce Global Trust Inc. Common Stock,95194864.0,Finance,Trusts Except Educational Religious and Charitable,2013.0,,1514490.0,NYSE,False,False,,
INV,Innventure Inc. Common Stock,95189239.0,Finance,Blank Checks,,United States,2001557.0,Nasdaq,False,True,3169.0,micro
CCLD,CareCloud Inc. Common Stock,95186244.0,Technology,Computer Software: Prepackaged Software,2014.0,United States,1582982.0,Nasdaq,False,True,3170.0,micro
LSE,Leishen Energy Holding Co. Ltd. Class A Ordinary Shares,95169750.0,Consumer Discretionary,Oil and Gas Field Machinery,2024.0,China,1985139.0,Nasdaq,False,False,,
FTLF,FitLife Brands Inc. Common Stock,94849827.0,Health Care, Medicinal Chemicals and Botanical Products ,,United States,1374328.0,Nasdaq,False,True,3171.0,micro
ATRA,Atara Biotherapeutics Inc. Common Stock,94755982.0,Health Care,Biotechnology: Biological Products (No Diagnostic Substances),2014.0,United States,1604464.0,Nasdaq,False,True,3172.0,micro
JFIN,Jiayin Group Inc. American Depositary Shares,94716478.0,Finance,Finance: Consumer Services,2019.0,China,1743102.0,Nasdaq,False,False,,
VIRC,Virco Manufacturing Corporation Common Stock,94534553.0,Consumer Discretionary,Industrial Specialties,,United States,751365.0,Nasdaq,False,True,3173.0,micro
SEV,Aptera Motors Corp. Class B Common Stock,94465481.0,Industrials,Auto Manufacturing,,United States,1786471.0,Nasdaq,False,True,3174.0,micro
MGF,Aberdeen Government Markets Income Fund Common Shares of Beneficial Interest,93880492.0,Finance,Trusts Except Educational Religious and Charitable,1987.0,United States,811922.0,NYSE,False,True,3175.0,micro
BCIC,BCP Investment Corporation Common Stock,93496573.0,Finance,Finance: Consumer Services,2006.0,United States,1372807.0,Nasdaq,False,True,3176.0,micro
SLQT,SelectQuote Inc. Common Stock,93407187.0,Finance,Specialty Insurers,2020.0,United States,1794783.0,NYSE,False,True,3177.0,micro
CIGL,Concorde International Group Ltd Class A Ordinary Shares,93154836.0,Consumer Discretionary,Diversified Commercial Services,2025.0,Singapore,2001794.0,Nasdaq,False,False,,
LGL,LGL Group Inc. (The) Common Stock,93085040.0,Technology,Industrial Machinery/Components,1946.0,United States,61004.0,NYSE,False,True,3178.0,micro
KLRS,Kalaris Therapeutics Inc. Common Stock,92839426.0,Health Care,Biotechnology: Biological Products (No Diagnostic Substances),2020.0,United States,1754068.0,Nasdaq,False,True,3179.0,micro
VRCA,Verrica Pharmaceuticals Inc. Common Stock,92593657.0,Health Care,Biotechnology: Pharmaceutical Preparations,2018.0,United States,1660334.0,Nasdaq,False,True,3180.0,micro
BZFD,BuzzFeed Inc. Class A Common Stock,92501554.0,Consumer Discretionary,Telecommunications Equipment,2021.0,United States,1828972.0,Nasdaq,False,True,3181.0,micro
AUBN,Auburn National Bancorporation Inc. Common Stock,92333738.0,Finance,Major Banks,,United States,750574.0,Nasdaq,False,True,3182.0,micro
MNTS,Momentus Inc. Class A Common Stock,92246284.0,Industrials,Military/Government/Technical,2019.0,United States,1781162.0,Nasdaq,False,True,3183.0,micro
ACRV,Acrivon Therapeutics Inc. Common Stock,92134728.0,Health Care,Biotechnology: Pharmaceutical Preparations,2022.0,United States,1781174.0,Nasdaq,False,True,3184.0,micro
DTI,Drilling Tools International Corporation Common Stock,92086605.0,Consumer Discretionary,Oil and Gas Field Machinery,2021.0,United States,1884516.0,Nasdaq,False,True,3185.0,micro
SKIN,SkinHealth Systems Inc. Class A Common Stock,91996505.0,Health Care,Medical/Dental Instruments,2020.0,United States,1818093.0,Nasdaq,False,True,3186.0,micro
CHGG,Chegg Inc. Common Stock,91853036.0,Real Estate,Other Consumer Services,2013.0,United States,1364954.0,NYSE,False,True,3187.0,micro
COE,51Talk Online Education Group American depositary shares each representing 60 Class A ordinary shares,90830603.0,Real Estate,Other Consumer Services,2016.0,China,1659494.0,NYSE,False,False,,
ICCC,ImmuCell Corporation Common Stock,90821970.0,Health Care,Biotechnology: In Vitro & In Vivo Diagnostic Substances,1987.0,United States,811641.0,Nasdaq,False,True,3188.0,micro
FUSB,First US Bancshares Inc. Common Stock,90552463.0,Finance,Major Banks,,United States,717806.0,Nasdaq,False,True,3189.0,micro
AEYE,AudioEye Inc. Common Stock,90501653.0,Technology,Computer Software: Prepackaged Software,,United States,1362190.0,Nasdaq,False,True,3190.0,micro
VRA,Vera Bradley Inc. Common Stock,90433641.0,Consumer Discretionary,Apparel,2010.0,United States,1495320.0,Nasdaq,False,True,3191.0,micro
MMLP,Martin Midstream Partners L.P. Limited Partnership,89986778.0,Energy,Oil Refining/Marketing,2002.0,United States,1176334.0,Nasdaq,False,True,3192.0,micro
ACH,Accendra Health Inc. Common Stock,89978504.0,Health Care,Medical Specialities,,United States,75252.0,NYSE,False,True,3193.0,micro
RLYB,Rallybio Corporation Common Stock,89959853.0,Health Care,Biotechnology: Pharmaceutical Preparations,2021.0,United States,1739410.0,Nasdaq,False,True,3194.0,micro
ALDX,Aldeyra Therapeutics Inc. Common Stock,89886367.0,Health Care,Biotechnology: Pharmaceutical Preparations,2014.0,United States,1341235.0,Nasdaq,False,True,3195.0,micro
AMCI,AMC Robotics Corporation Common Stock,89808857.0,Consumer Discretionary,Home Furnishings,2023.0,United States,1937891.0,Nasdaq,False,True,3196.0,micro
PFX,PhenixFIN Corporation Common Stock,89446909.0,Finance,Finance: Consumer Services,,United States,1490349.0,Nasdaq,False,True,3197.0,micro
EMPD,Empery Digital Inc. Common stock,89390153.0,Industrials,Auto Manufacturing,2021.0,United States,1829794.0,Nasdaq,False,True,3198.0,micro
UBCP,United Bancorp Inc. Common Stock,89359370.0,Finance,Major Banks,,United States,731653.0,Nasdaq,False,True,3199.0,micro
OESX,Orion Energy Systems Inc. Common Stock,89064649.0,Consumer Discretionary,Building Products,2015.0,United States,1409375.0,Nasdaq,False,True,3200.0,micro
TGEN,Tecogen Inc. Common Stock,89054075.0,Industrials,Industrial Machinery/Components,2025.0,United States,1537435.0,NYSE,False,True,3201.0,micro
ISPR,Ispire Technology Inc. Common Stock,88969064.0,Health Care, Medicinal Chemicals and Botanical Products ,2023.0,United States,1948455.0,Nasdaq,False,True,3202.0,micro
CBAT,CBAK Energy Technology Limited Ordinary Shares,88645836.0,Miscellaneous,Industrial Machinery/Components,,China,2086841.0,Nasdaq,False,False,,
SRL,Scully Royalty Ltd.,88617363.0,Industrials,Precious Metals,,Canada,16859.0,NYSE,False,False,,
MHNC,Maiden Holdings North America Ltd. 7.75% Notes due 2043,88567828.0,Finance,Property-Casualty Insurers,2013.0,Bermuda,1412100.0,NYSE,False,False,,
YRD,Yiren Digital Ltd. American Depositary Shares each representing two ordinary shares,88363346.0,Finance,Finance: Consumer Services,2015.0,China,1631761.0,NYSE,False,False,,
CPBI,Central Plains Bancshares Inc. Common Stock,87533511.0,Finance,Savings Institutions,2023.0,United States,1979332.0,Nasdaq,False,True,3203.0,micro
RFM,RiverNorth Flexible Municipal Income Fund Inc. Common Stock,87317902.0,Finance,Finance/Investors Services,2020.0,,1790177.0,NYSE,False,False,,
AIRT,Air T Inc. Common Stock,87317715.0,Consumer Discretionary,Air Freight/Delivery Services,,United States,353184.0,Nasdaq,False,True,3204.0,micro
EVF,Eaton Vance Senior Income Trust Common Stock,86992736.0,Finance,Investment Bankers/Brokers/Service,1998.0,United States,1070732.0,NYSE,False,True,3205.0,micro
MHH,Mastech Digital Inc Common Stock,86850961.0,Consumer Discretionary,Professional Services,,United States,1437226.0,NYSE,False,True,3206.0,micro
ACET,Adicet Bio Inc. Common Stock,86687397.0,Health Care,Biotechnology: Pharmaceutical Preparations,2018.0,United States,1720580.0,Nasdaq,False,True,3207.0,micro
GCV,Gabelli Convertible and Income Securities Fund Inc. (The) Common Stock,86632132.0,Finance,Finance/Investors Services,,United States,845611.0,NYSE,False,True,3208.0,micro
AEC,Anfield Energy Inc. Common Shares,86183896.0,Basic Materials,Metal Mining,,Canada,1519469.0,Nasdaq,False,False,,
MAYS,J. W. Mays Inc. Common Stock,85872228.0,Real Estate,Building operators,,United States,54187.0,Nasdaq,False,True,3209.0,micro
ECOR,electroCore Inc. Common Stock,85741066.0,Health Care,Biotechnology: Electromedical & Electrotherapeutic Apparatus,2018.0,United States,1560258.0,Nasdaq,False,True,3210.0,micro
HYPR,Hyperfine Inc. Class A Common Stock,85475227.0,Health Care,Biotechnology: Electromedical & Electrotherapeutic Apparatus,2021.0,United States,1833769.0,Nasdaq,False,True,3211.0,micro
LINK,Interlink Electronics Inc. Common Stock,85383477.0,Technology,Computer peripheral equipment,,United States,828146.0,Nasdaq,False,True,3212.0,micro
LNZA,LanzaTech Global Inc. Common Stock,85341343.0,Industrials,Major Chemicals,2021.0,United States,1843724.0,Nasdaq,False,True,3213.0,micro
OKYO,OKYO Pharma Limited Ordinary Shares,85016834.0,Health Care,Biotechnology: Biological Products (No Diagnostic Substances),2022.0,Guernsey,1849296.0,Nasdaq,False,False,,
WFF,WF Holding Limited Ordinary Shares,84678267.0,Consumer Discretionary,Miscellaneous manufacturing industries,2025.0,Malaysia,1980210.0,Nasdaq,False,False,,
STEX,Streamex Corp. Common Stock,84437427.0,Health Care,Biotechnology: Electromedical & Electrotherapeutic Apparatus,,United States,1530766.0,Nasdaq,False,True,3214.0,micro
GOSS,Gossamer Bio Inc. Common Stock,84423829.0,Health Care,Biotechnology: Pharmaceutical Preparations,2019.0,United States,1728117.0,Nasdaq,False,True,3215.0,micro
DWTX,Dogwood Therapeutics Inc. Common Stock,84301531.0,Health Care,Biotechnology: Pharmaceutical Preparations,2020.0,United States,1818844.0,Nasdaq,False,True,3216.0,micro
IBIO,iBio Inc. Common Stock,84242505.0,Health Care,Biotechnology: Pharmaceutical Preparations,,United States,1420720.0,Nasdaq,False,True,3217.0,micro
BDL,Flanigan's Enterprises Inc. Common Stock,83843566.0,Consumer Discretionary,Restaurants,1972.0,United States,12040.0,NYSE,False,True,3218.0,micro
NRT,North European Oil Royality Trust Common Stock,83818181.0,Energy,Oil & Gas Production,,United States,72633.0,NYSE,False,True,3219.0,micro
NDLS,Noodles & Company Class A Common Stock,83771906.0,Consumer Discretionary,Restaurants,2013.0,United States,1275158.0,Nasdaq,False,True,3220.0,micro
THRY,Thryv Holdings Inc. Common Stock,83545529.0,Consumer Discretionary,Advertising,,United States,1556739.0,Nasdaq,False,True,3221.0,micro
FATN,FatPipe Inc. Common Stock,83357961.0,Technology,Computer Software: Prepackaged Software,2025.0,United States,1993400.0,Nasdaq,False,True,3222.0,micro
MAIA,MAIA Biotechnology Inc. Common Stock,83342862.0,Health Care,Biotechnology: Pharmaceutical Preparations,2022.0,,1878313.0,NYSE,False,False,,
MWC,Micware Co. Ltd. American Depositary Shares,83187180.0,Technology,EDP Services,2026.0,Japan,2083526.0,Nasdaq,False,False,,
PODC,PodcastOne Inc. Common Stock,82892387.0,Technology,Computer Software: Programming Data Processing,,United States,1940177.0,Nasdaq,False,True,3223.0,micro
CPHC,Canterbury Park Holding Corporation 'New' Common Stock,82467799.0,Consumer Discretionary,Services-Misc. Amusement & Recreation,,United States,1672909.0,Nasdaq,False,True,3224.0,micro
CRDF,Cardiff Oncology Inc. Common Stock,82462964.0,Health Care,Biotechnology: Biological Products (No Diagnostic Substances),,United States,1213037.0,Nasdaq,False,True,3225.0,micro
GLBS,Globus Maritime Limited Common Stock,82444390.0,Consumer Discretionary,Marine Transportation,,Greece,1499780.0,Nasdaq,False,False,,
ATHE,Alterity Therapeutics Limited American Depositary Shares,82301823.0,Health Care,Biotechnology: Pharmaceutical Preparations,,Australia,1131343.0,Nasdaq,False,False,,
GECC,Great Elm Capital Corp. Common Stock,82227320.0,Finance,Finance: Consumer Services,,United States,1675033.0,Nasdaq,False,True,3226.0,micro
TYGO,Tigo Energy Inc. Common Stock,82147871.0,Technology,Semiconductors,2021.0,United States,1855447.0,Nasdaq,False,True,3227.0,micro
ASRV,AmeriServ Financial Inc. Common Stock,82009860.0,Finance,Major Banks,,United States,707605.0,Nasdaq,False,True,3228.0,micro
WSTN,Westin Acquisition Corp Class A Ordinary Share,81838800.0,Technology,EDP Services,2025.0,Singapore,2076192.0,Nasdaq,False,False,,
CVRX,CVRx Inc. Common Stock,81789703.0,Health Care,Medical/Dental Instruments,2021.0,United States,1235912.0,Nasdaq,False,True,3229.0,micro
SRFM,Surf Air Mobility Inc. Common Stock,81778302.0,Consumer Discretionary,Transportation Services,2023.0,United States,1936224.0,NYSE,False,True,3230.0,micro
USIO,Usio Inc. Common Stock,81496884.0,Finance,Investment Bankers/Brokers/Service,,United States,1088034.0,Nasdaq,False,True,3231.0,micro
BSIN,Big Sky Industrial Inc. Common Stock,81364813.0,Energy,Oil & Gas Production,,United States,101594.0,Nasdaq,False,True,3232.0,micro
NEXM,NexMetals Mining Corp. Common Shares,81277814.0,Basic Materials,Metal Mining,,Canada,795800.0,Nasdaq,False,False,,
DTF,DTF Tax-Free Income 2028 Term Fund Inc. Common Stock,81226647.0,Finance,Investment Managers,1991.0,United States,879535.0,NYSE,False,True,3233.0,micro
AFCG,Advanced Flower Capital Inc. Common Stock,80938751.0,Finance,Real Estate,2021.0,United States,1822523.0,Nasdaq,False,True,3234.0,micro
HNNA,Hennessy Advisors Inc. Common Stock,80901636.0,Finance,Investment Managers,,United States,1145255.0,Nasdaq,False,True,3235.0,micro
VERI,Veritone Inc. Common Stock,80777528.0,Technology,EDP Services,2017.0,United States,1615165.0,Nasdaq,False,True,3236.0,micro
FSEA,First Seacoast Bancorp Inc. Common Stock,80774977.0,Finance,Savings Institutions,2019.0,United States,1943802.0,Nasdaq,False,True,3237.0,micro
MEGL,Magic Empire Global Limited Class A Ordinary Shares,80679422.0,Finance,Finance: Consumer Services,2022.0,Hong Kong,1881472.0,Nasdaq,False,False,,
AIB,AIB Data Centers Inc. Common Stock,80538234.0,Finance,Investment Bankers/Brokers/Service,2026.0,,2070542.0,NYSE,False,False,,
IPWR,Ideal Power Inc. Common Stock,80365463.0,Technology,Semiconductors,2013.0,United States,1507957.0,Nasdaq,False,True,3238.0,micro
ARBE,Arbe Robotics Ltd. Ordinary Shares,80264558.0,Technology,EDP Services,,Israel,1861841.0,Nasdaq,False,False,,
VNCE,Vince Holding Corp. Common Stock,80167115.0,Consumer Discretionary,Clothing/Shoe/Accessory Stores,,United States,1579157.0,Nasdaq,False,True,3239.0,micro
CSPI,CSP Inc. Common Stock,80040321.0,Technology,EDP Services,1982.0,United States,356037.0,Nasdaq,False,True,3240.0,micro
YARW,Yarrow Bioscience Inc. Common Stock,80038985.0,Health Care,Biotechnology: Pharmaceutical Preparations,2018.0,United States,1566044.0,Nasdaq,False,True,3241.0,micro
SSTI,SoundThinking Inc. Common Stock,79904205.0,Technology,Computer Software: Prepackaged Software,2017.0,United States,1351636.0,Nasdaq,False,True,3242.0,micro
HMR,Heidmar Maritime Holdings Corp. Common Stock,79639196.0,Consumer Discretionary,Marine Transportation,,Greece,2029471.0,Nasdaq,False,False,,
OSTX,OS Therapies Incorporated Common Stock,79465051.0,Health Care,Biotechnology: Pharmaceutical Preparations,2024.0,,1795091.0,NYSE,False,False,,
BNAI,Brand Engagement Network Inc. Common Stock,79458719.0,Technology,EDP Services,2021.0,United States,1838163.0,Nasdaq,False,True,3243.0,micro
SERA,Sera Prognostics Inc. Class A Common Stock,79293427.0,Health Care,Medical Specialities,2021.0,United States,1534969.0,Nasdaq,False,True,3244.0,micro
APLM,Apollomics Inc. Class A Ordinary Shares,79196045.0,Health Care,Biotechnology: Pharmaceutical Preparations,,United States,1944885.0,Nasdaq,False,True,3245.0,micro
NFE,New Fortress Energy Inc. Class A Common Stock,78863727.0,Utilities,Oil/Gas Transmission,2019.0,United States,1749723.0,Nasdaq,False,True,3246.0,micro
IOR,Income Opportunity Realty Investors Inc. Common Stock,78558559.0,Real Estate,Real Estate Investment Trusts,1987.0,United States,949961.0,NYSE,False,True,3247.0,micro
BYRN,Byrna Technologies Inc. Common Stock,78422905.0,Miscellaneous,Industrial Machinery/Components,,United States,1354866.0,Nasdaq,False,True,3248.0,micro
GIBO,GIBO Holdings Limited Class A Ordinary Shares,78301600.0,Technology,Computer Software: Prepackaged Software,,Hong Kong,2034520.0,Nasdaq,False,False,,
ROC,Rank One Computing Corporation Common stock,78228521.0,Technology,Computer Software: Prepackaged Software,2026.0,United States,2077709.0,Nasdaq,False,True,3249.0,micro
GANX,Gain Therapeutics Inc. Common Stock,78122078.0,Health Care,Biotechnology: Pharmaceutical Preparations,2021.0,United States,1819411.0,Nasdaq,False,True,3250.0,micro
MCHX,Marchex Inc. Class B Common Stock,78034686.0,Technology,Computer Software: Prepackaged Software,2004.0,United States,1224133.0,Nasdaq,False,True,3251.0,micro
SOTK,Sono-Tek Corporation Common Stock,77797779.0,Technology,Industrial Machinery/Components,,United States,806172.0,Nasdaq,False,True,3252.0,micro
NAMM,Namib Minerals Ordinary Shares,77634844.0,Basic Materials,Precious Metals,,Cayman Islands,2026514.0,Nasdaq,False,False,,
GLV,Clough Global Dividend and Income Fund Common Shares of beneficial interest,77274265.0,Finance,Finance/Investors Services,2004.0,United States,1288795.0,NYSE,False,True,3253.0,micro
ZYBT,Zhengye Biotechnology Holding Limited Class A Ordinary Shares,77247943.0,Health Care,Biotechnology: Pharmaceutical Preparations,2025.0,China,1975641.0,Nasdaq,False,False,,
TELO,Telomir Pharmaceuticals Inc. Common Stock,77027951.0,Health Care,Biotechnology: Pharmaceutical Preparations,2024.0,United States,1971532.0,Nasdaq,False,True,3254.0,micro
EGG,Enigmatig Limited Class A Ordinary Shares,76852752.0,Consumer Discretionary,Professional Services,2025.0,,1982961.0,NYSE,False,False,,
SCOR,comScore Inc. Common Stock,76832690.0,Consumer Discretionary,Business Services,2018.0,United States,1158172.0,Nasdaq,False,True,3255.0,micro
LFVN,Lifevantage Corporation Common Stock (Delaware),76792643.0,Health Care,Biotechnology: Pharmaceutical Preparations,,United States,849146.0,Nasdaq,False,True,3256.0,micro
CANG,Cango Inc. Class A Ordinary Shares,76711078.0,Finance,Finance: Consumer Services,2025.0,China,1725123.0,NYSE,False,False,,
PBHC,Pathfinder Bancorp Inc. Common Stock (MD),76659334.0,Finance,Major Banks,,United States,1609065.0,Nasdaq,False,True,3257.0,micro
HFBL,Home Federal Bancorp Inc. of Louisiana Common Stock,76438842.0,Finance,Savings Institutions,2010.0,United States,1500375.0,Nasdaq,False,True,3258.0,micro
NPT,Texxon Holding Limited Ordinary shares,75872700.0,Consumer Discretionary,Specialty Chemicals,2025.0,China,2014337.0,Nasdaq,False,False,,
ZONE,Zone Frontier Inc. Class B Common Stock,75815629.0,Consumer Discretionary,Specialty Chemicals,2024.0,,1956741.0,NYSE,False,False,,
SUIG,Sui Group Holdings Limited Common Stock,75696911.0,Finance,Finance: Consumer Services,,United States,1425355.0,Nasdaq,False,True,3259.0,micro
BATL,Battalion Oil Corporation Common Stock,75612445.0,Energy,Oil & Gas Production,,United States,1282648.0,NYSE,False,True,3260.0,micro
DTCX,Datacentrex Inc. Common Stock,75470017.0,Technology,EDP Services,,United States,1853825.0,Nasdaq,False,True,3261.0,micro
BLNK,Blink Charging Co. Common Stock,75150724.0,Miscellaneous,Industrial Machinery/Components,,United States,1429764.0,Nasdaq,False,True,3262.0,micro
BLUW,Blue Water Acquisition Corp. III Class A Ordinary Shares,75121956.0,,,2025.0,United States,2050501.0,Nasdaq,False,True,3263.0,micro
CIRC,Circle8 Group Inc. Common Stock,75119586.0,Industrials,Biotechnology: Laboratory Analytical Instruments,2024.0,United States,1605888.0,Nasdaq,False,True,3264.0,micro
NTIC,Northern Technologies International Corporation Common Stock,75021868.0,Industrials,Industrial Specialties,,United States,875582.0,Nasdaq,False,True,3265.0,micro
INTG,Intergroup Corporation (The) Common Stock,74950563.0,Real Estate,Building operators,,United States,69422.0,Nasdaq,False,True,3266.0,micro
ODYS,Odysight.ai Inc. Common Stock,74904299.0,Technology,EDP Services,,Israel,1577445.0,Nasdaq,False,False,,
CING,Cingulate Inc. Common Stock,74890404.0,Health Care,Biotechnology: Pharmaceutical Preparations,2021.0,United States,1862150.0,Nasdaq,False,True,3267.0,micro
NRXS,Neuraxis Inc. Common Stock,74718702.0,Health Care,Biotechnology: Electromedical & Electrotherapeutic Apparatus,2023.0,United States,1933567.0,NYSE,False,True,3268.0,micro
VHUB,VenHub Global Inc. Common Stock,74540014.0,Technology,Industrial Machinery/Components,,United States,1972234.0,Nasdaq,False,True,3269.0,micro
NCTY,The9 Limited American Depository Shares,74533055.0,Finance,Finance: Consumer Services,2004.0,China,1296774.0,Nasdaq,False,False,,
WWR,Westwater Resources Inc. Common Stock,74259048.0,Basic Materials,Metal Mining,,United States,839470.0,NYSE,False,True,3270.0,micro
LGO,Largo Inc. Common Shares,74256480.0,Industrials,Mining & Quarrying of Nonmetallic Minerals (No Fuels),,Canada,1400438.0,Nasdaq,False,False,,
FSI,Flexible Solutions International Inc. Common Stock (CDA),74208213.0,Industrials,Major Chemicals,2002.0,Canada,1069394.0,NYSE,False,False,,
AIFC,AI Financial Corporation Common Stock,73567988.0,Finance,Investment Bankers/Brokers/Service,,United States,862861.0,Nasdaq,False,True,3271.0,micro
NSTS,NSTS Bancorp Inc. Common Stock,73543834.0,Finance,Savings Institutions,2022.0,United States,1881592.0,Nasdaq,False,True,3272.0,micro
YIBO,Planet Image International Limited Class A Ordinary Shares,73450434.0,Technology,Computer peripheral equipment,2024.0,China,1868395.0,Nasdaq,False,False,,
CEV,Eaton Vance California Municipal Income Trust Shares of Beneficial Interest,73430523.0,Finance,Finance/Investors Services,1999.0,United States,1074692.0,NYSE,False,True,3273.0,micro
SFWL,Shengfeng Development Limited Class A Ordinary Shares,73422787.0,Industrials,Trucking Freight/Courier Services,2023.0,China,1863218.0,Nasdaq,False,False,,
AISP,Airship AI Holdings Inc. Class A Common Stock,73356267.0,Technology,Computer Software: Prepackaged Software,2021.0,United States,1842566.0,Nasdaq,False,True,3274.0,micro
FRMM,Forum Markets Incorporated Common Stock,72990182.0,Finance,Finance: Consumer Services,2017.0,United States,1690080.0,Nasdaq,False,True,3275.0,micro
AMTD,AMTD IDEA Group American Depositary Shares each representing six (6) Class A Ordinary Shares,72669227.0,Finance,Finance: Consumer Services,,,1769731.0,NYSE,False,False,,
FLL,Full House Resorts Inc. Common Stock,72556070.0,Consumer Discretionary,Hotels/Resorts,,United States,891482.0,Nasdaq,False,True,3276.0,micro
ANVS,Annovis Bio Inc. Common Stock,72430458.0,Health Care,Biotechnology: Pharmaceutical Preparations,2020.0,United States,1477845.0,NYSE,False,True,3277.0,micro
RSSS,Research Solutions Inc Common Stock,72392047.0,Technology,EDP Services,,United States,1386301.0,Nasdaq,False,True,3278.0,micro
CTOR,Citius Oncology Inc. Common Stock,72311482.0,Health Care,Biotechnology: Pharmaceutical Preparations,2022.0,United States,1851484.0,Nasdaq,False,True,3279.0,micro
LONA,LeonaBio Inc. Common Stock,72264155.0,Health Care,Biotechnology: Biological Products (No Diagnostic Substances),2020.0,United States,1620463.0,Nasdaq,False,True,3280.0,micro
MB,MasterBeef Group Ordinary Shares,71879450.0,Consumer Discretionary,Restaurants,2025.0,Hong Kong,2027265.0,Nasdaq,False,False,,
PLRX,Pliant Therapeutics Inc. Common Stock,71829401.0,Health Care,Biotechnology: Pharmaceutical Preparations,2020.0,United States,1746473.0,Nasdaq,False,True,3281.0,micro
WKEY,WISeKey International Holding Ltd American Depositary Shares,71797288.0,Technology,EDP Services,,Switzerland,1738699.0,Nasdaq,False,False,,
CPSH,CPS Technologies Corp. Common Stock,71735385.0,Consumer Discretionary,Building Materials,,United States,814676.0,Nasdaq,False,True,3282.0,micro
CSBR,Champions Oncology Inc. Common Stock,71680641.0,Health Care,Biotechnology: Biological Products (No Diagnostic Substances),,United States,771856.0,Nasdaq,False,True,3283.0,micro
SEAT,Vivid Seats Inc. Class A Common Stock,71678401.0,Consumer Discretionary,Services-Misc. Amusement & Recreation,,United States,1856031.0,Nasdaq,False,True,3284.0,micro
DRIO,DarioHealth Corp. Common Stock,71536211.0,Health Care,Medical/Dental Instruments,,Israel,1533998.0,Nasdaq,False,False,,
RGS,Regis Corporation Common Stock,71440063.0,Consumer Discretionary,Other Consumer Services,1991.0,United States,716643.0,Nasdaq,False,True,3285.0,micro
ZEPP,Zepp Health Corporation American depositary shares each representing sixteen Class A ordinary shares,71271808.0,Technology,Computer Manufacturing,,China,1720446.0,NYSE,False,False,,
SPRO,Spero Therapeutics Inc. Common Stock,71046489.0,Health Care,Biotechnology: Pharmaceutical Preparations,2017.0,United States,1701108.0,Nasdaq,False,True,3286.0,micro
OPXS,Optex Systems Holdings Inc. Common Stock,70851507.0,Technology,Electronic Components,,United States,1397016.0,Nasdaq,False,True,3287.0,micro
CLST,Catalyst Bancorp Inc. Common Stock,70631680.0,Finance,Savings Institutions,2021.0,United States,1849867.0,Nasdaq,False,True,3288.0,micro
UPXI,Upexi Inc. Common Stock,70536299.0,Finance,Finance: Consumer Services,2021.0,United States,1775194.0,Nasdaq,False,True,3289.0,micro
REKR,Rekor Systems Inc. Common Stock,70483649.0,Telecommunications,Telecommunications Equipment,,United States,1697851.0,Nasdaq,False,True,3290.0,micro
MNOV,Medicinova Inc Common Stock,70386382.0,Health Care,Biotechnology: Pharmaceutical Preparations,,United States,1226616.0,Nasdaq,False,True,3291.0,micro
WFCF,Where Food Comes From Inc. Common Stock,70063858.0,Technology,Computer Software: Prepackaged Software,,United States,1360565.0,Nasdaq,False,True,3292.0,micro
WBX,Wallbox N.V. Class A Ordinary Shares,70000920.0,Consumer Discretionary,Industrial Specialties,,Spain,1866501.0,NYSE,False,False,,
SOWG,Sow Good Inc. Common Stock,69947628.0,Consumer Staples,Packaged Foods,,United States,1490161.0,Nasdaq,False,True,3293.0,micro
SDA,SunCar Technology Group Inc. Class A Ordinary Shares,69854402.0,Consumer Discretionary,Automotive Aftermarket,2021.0,Hong Kong,1936804.0,Nasdaq,False,False,,
RPID,Rapid Micro Biosystems Inc. Class A Common Stock,69721783.0,Industrials,Biotechnology: Laboratory Analytical Instruments,2021.0,United States,1380106.0,Nasdaq,False,True,3294.0,micro
AVD,American Vanguard Corporation Common Stock ($0.10 Par Value),69621492.0,Industrials,Agricultural Chemicals,1998.0,United States,5981.0,NYSE,False,True,3295.0,micro
JRSH,Jerash Holdings (US) Inc. Common Stock,69405172.0,Consumer Discretionary,Apparel,2018.0,United States,1696558.0,Nasdaq,False,True,3296.0,micro
LASE,Laser Photonics Corporation Common Stock,69245248.0,Miscellaneous,Industrial Machinery/Components,2022.0,United States,1807887.0,Nasdaq,False,True,3297.0,micro
TENX,Tenax Therapeutics Inc. Common Stock,69234246.0,Health Care,Biotechnology: Pharmaceutical Preparations,,United States,34956.0,Nasdaq,False,True,3298.0,micro
BZAI,Blaize Holdings Inc. Common Stock,69026950.0,Technology,Semiconductors,2025.0,United States,1871638.0,Nasdaq,False,True,3299.0,micro
YOUL,Youlife Group Inc. American Depositary Shares,69003265.0,Real Estate,Other Consumer Services,,China,2028177.0,Nasdaq,False,False,,
OM,Outset Medical Inc. Common Stock,68985592.0,Health Care,Biotechnology: Electromedical & Electrotherapeutic Apparatus,2020.0,United States,1484612.0,Nasdaq,False,True,3300.0,micro
INSG,Inseego Corp. Common Stock,68473869.0,Telecommunications,Telecommunications Equipment,,United States,1022652.0,Nasdaq,False,True,3301.0,micro
PIII,P3 Health Partners Inc. Class A Common Stock,68325841.0,Health Care,Medical/Nursing Services,2021.0,United States,1832511.0,Nasdaq,False,True,3302.0,micro
CVU,CPI Aerostructures Inc. Common Stock,68236130.0,Industrials,Military/Government/Technical,2022.0,United States,889348.0,NYSE,False,True,3303.0,micro
ZKIN,ZK International Group Co. Ltd Ordinary Share,68201647.0,Industrials,Metal Fabrications,2017.0,China,1687451.0,Nasdaq,False,False,,
DGNX,Diginex Limited Ordinary Shares,68176977.0,Technology,EDP Services,2025.0,Hong Kong,2010499.0,Nasdaq,False,False,,
MOB,Mobilicom Limited Ordinary Shares,68093870.0,Industrials,Aerospace,2022.0,Israel,1898643.0,Nasdaq,False,False,,
GRSD,Grandstand Limited Ordinary Shares,68088549.0,Consumer Discretionary,Services-Misc. Amusement & Recreation,2021.0,Jersey,1839799.0,Nasdaq,False,False,,
UAVS,AgEagle Aerial Systems Inc. Common Stock,67938162.0,Industrials,Aerospace,,United States,8504.0,NYSE,False,True,3304.0,micro
MDXH,MDxHealth SA Ordinary Shares,67746341.0,Health Care,Medical Specialities,2021.0,Belgium,1872529.0,Nasdaq,False,False,,
INVE,Identiv Inc. Common Stock,67375393.0,Technology,Computer peripheral equipment,,United States,1036044.0,Nasdaq,False,True,3305.0,micro
PMVP,PMV Pharmaceuticals Inc. Common Stock,67357153.0,Health Care,Biotechnology: Pharmaceutical Preparations,2020.0,United States,1699382.0,Nasdaq,False,True,3306.0,micro
ELTX,Elicio Therapeutics Inc. Common Stock,67018799.0,Health Care,Biotechnology: Pharmaceutical Preparations,2021.0,United States,1601485.0,Nasdaq,False,True,3307.0,micro
PEW,GrabAGun Digital Holdings Inc. Common Stock,66995504.0,Consumer Discretionary,Other Specialty Stores,2025.0,,2051380.0,NYSE,False,False,,
RNTX,Rein Therapeutics Inc. Common Stock,66839696.0,Health Care,Biotechnology: Pharmaceutical Preparations,2017.0,United States,1420565.0,Nasdaq,False,True,3308.0,micro
XBIT,XBiotech Inc. Common Stock,66768131.0,Health Care,Biotechnology: Pharmaceutical Preparations,2015.0,United States,1626878.0,Nasdaq,False,True,3309.0,micro
SER,Serina Therapeutics Inc. Common Stock,66549239.0,Health Care,Biotechnology: Pharmaceutical Preparations,2018.0,United States,1708599.0,NYSE,False,True,3310.0,micro
GEOS,Geospace Technologies Corporation Common Stock (Texas),66359643.0,Industrials,Industrial Machinery/Components,,United States,1001115.0,Nasdaq,False,True,3311.0,micro
PXS,Pyxis Tankers Inc. Common Stock,66274647.0,Consumer Discretionary,Marine Transportation,,Greece,1640043.0,Nasdaq,False,False,,
ROLR,High Roller Technologies Inc. Common Stock,66175878.0,Consumer Discretionary,Services-Misc. Amusement & Recreation,2024.0,,1947210.0,NYSE,False,False,,
TTEC,TTEC Holdings Inc. Common Stock,66056560.0,Consumer Discretionary,Professional Services,1996.0,United States,1013880.0,Nasdaq,False,True,3312.0,micro
AIRG,Airgain Inc. Common Stock,65763175.0,Technology,Radio And Television Broadcasting And Communications Equipment,2016.0,United States,1272842.0,Nasdaq,False,True,3313.0,micro
BOLD,Boundless Bio Inc. Common Stock,65741677.0,Health Care,Biotechnology: Pharmaceutical Preparations,2024.0,United States,1782303.0,Nasdaq,False,True,3314.0,micro
HOUR,Hour Loop Inc. Common Stock,65647664.0,Consumer Discretionary,Catalog/Specialty Distribution,2022.0,United States,1874875.0,Nasdaq,False,True,3315.0,micro
BTCS,BTCS Inc. Common Stock,65589926.0,Finance,Finance: Consumer Services,,United States,1436229.0,Nasdaq,False,True,3316.0,micro
INMB,INmune Bio Inc. Common stock,65221404.0,Health Care,Biotechnology: Biological Products (No Diagnostic Substances),2019.0,United States,1711754.0,Nasdaq,False,True,3317.0,micro
CAST,FreeCast Inc. Class A Common Stock,65186055.0,Technology,EDP Services,,United States,1633369.0,Nasdaq,False,True,3318.0,micro
GNSS,Genasys Inc. Common Stock,64897363.0,Consumer Staples,Consumer Electronics/Appliances,,United States,924383.0,Nasdaq,False,True,3319.0,micro
FEAM,5E Advanced Materials Inc. Common Stock,64763748.0,Industrials,Mining & Quarrying of Nonmetallic Minerals (No Fuels),,United States,1888654.0,Nasdaq,False,True,3320.0,micro
GCL,GCL Global Holdings Ltd Ordinary Shares,64703337.0,Technology,Computer Software: Prepackaged Software,,Singapore,2002045.0,Nasdaq,False,False,,
TREO,Tactical Resources Corp. Common Shares,64657162.0,Basic Materials,Metal Mining,,Canada,2041208.0,Nasdaq,False,False,,
LIDR,AEye Inc. Class A Common Stock,64618754.0,Consumer Discretionary,Auto Parts:O.E.M.,2021.0,United States,1818644.0,Nasdaq,False,True,3321.0,micro
STI,Solidion Technology Inc. Common Stock,64611932.0,Miscellaneous,Industrial Machinery/Components,2022.0,United States,1881551.0,Nasdaq,False,True,3322.0,micro
WATR,Air Water Ventures Limited Ordinary Shares,64544486.0,Consumer Staples,Beverages (Production/Distribution),,United Arab Emirates,2092314.0,Nasdaq,False,False,,
DIT,AMCON Distributing Company Common Stock,64417848.0,Consumer Discretionary,Food Distributors,1999.0,United States,928465.0,NYSE,False,True,3323.0,micro
SPCB,SuperCom Ltd. Ordinary Shares (Israel),64374633.0,Technology,Semiconductors,,Israel,1291855.0,Nasdaq,False,False,,
PRTS,CarParts.com Inc. Common Stock,64281493.0,Consumer Discretionary,Auto & Home Supply Stores,2007.0,United States,1378950.0,Nasdaq,False,True,3324.0,micro
EDSA,Edesa Biotech Inc. Common Shares,64277721.0,Health Care,Biotechnology: Pharmaceutical Preparations,,United States,1540159.0,Nasdaq,False,True,3325.0,micro
ASPS,Altisource Portfolio Solutions S.A. Common Stock,64067356.0,Consumer Discretionary,Other Consumer Services,,Luxembourg,1462418.0,Nasdaq,False,False,,
HIT,Health In Tech Inc. Class A Common Stock,63974933.0,Finance,Specialty Insurers,2024.0,United States,2019505.0,Nasdaq,False,True,3326.0,micro
INCR,Intercure Ltd. Ordinary Shares,63966839.0,Health Care,Biotechnology: Pharmaceutical Preparations,,Israel,1857030.0,Nasdaq,False,False,,
ELOX,Eloxx Pharmaceuticals Inc. Common Stock,63937511.0,Health Care,Biotechnology: Biological Products (No Diagnostic Substances),,United States,1035354.0,Nasdaq,False,True,3327.0,micro
SLSN,Solesence Inc. Common Stock,63935576.0,Consumer Discretionary,Package Goods/Cosmetics,,United States,883107.0,Nasdaq,False,True,3328.0,micro
IH,iHuman Inc. American depositary shares each representing five Class A ordinary shares,63891078.0,Real Estate,Other Consumer Services,2020.0,United States,1814423.0,NYSE,False,True,3329.0,micro
WCT,Wellchange Holdings Company Limited Class A Ordinary shares,63678394.0,Technology,Computer Software: Prepackaged Software,2024.0,Hong Kong,1990251.0,Nasdaq,False,False,,
TZOO,Travelzoo Common Stock,63560560.0,Consumer Discretionary,Advertising,,United States,1133311.0,Nasdaq,False,True,3330.0,micro
CRT,Cross Timbers Royalty Trust Common Stock,63480000.0,Energy,Oil & Gas Production,1992.0,United States,881787.0,NYSE,False,True,3331.0,micro
GENK,GEN Restaurant Group Inc. Class A Common Stock,63292067.0,Consumer Discretionary,Restaurants,2023.0,United States,1891856.0,Nasdaq,False,True,3332.0,micro
ALPS,ALPS Group Inc Ordinary Share,63232119.0,Health Care,Medical/Nursing Services,,Malaysia,2025774.0,Nasdaq,False,False,,
BSEM,BioStem Technologies Inc. Common Stock,63187127.0,Health Care,Biotechnology: Biological Products (No Diagnostic Substances),,United States,1658678.0,Nasdaq,False,True,3333.0,micro
BOF,BranchOut Food Inc. Common Stock,63174859.0,Consumer Staples,Packaged Foods,2023.0,United States,1962481.0,Nasdaq,False,True,3334.0,micro
CRGO,Freightos Limited Ordinary shares,63053868.0,Industrials,Integrated Freight & Logistics,,Israel,1927719.0,Nasdaq,False,False,,
EXOZ,eXoZymes Inc. Common Stock,63020428.0,Health Care,Biotechnology: Biological Products (No Diagnostic Substances),2024.0,United States,2010788.0,Nasdaq,False,True,3335.0,micro
DXR,Daxor Corporation Common Stock,62702526.0,Health Care,Medical/Dental Instruments,,United States,27367.0,Nasdaq,False,True,3336.0,micro
DLHC,DLH Holdings Corp.,62609911.0,Consumer Discretionary,Professional Services,,United States,785557.0,Nasdaq,False,True,3337.0,micro
HYFT,MindWalk Holdings Corp. Common Stock,62360341.0,Health Care,Biotechnology: Pharmaceutical Preparations,,Canada,1715925.0,Nasdaq,False,False,,
BAER,Bridger Aerospace Group Holdings Inc. Common Stock,62355708.0,Industrials,Aerospace,,United States,1941536.0,Nasdaq,False,True,3338.0,micro
TLPH,Talphera Inc. Common Stock,62286955.0,Health Care,Biotechnology: Pharmaceutical Preparations,2011.0,United States,1427925.0,Nasdaq,False,True,3339.0,micro
RYOJ,rYojbaba Co. Ltd. Common Shares,62139000.0,Consumer Discretionary,Professional Services,2025.0,Japan,2012600.0,Nasdaq,False,False,,
PCLA,PicoCELA Inc. American Depositary Shares,62105180.0,Consumer Discretionary,Building Products,2025.0,Japan,2018462.0,Nasdaq,False,False,,
ANPA,Rich Sparkle Holdings Limited Ordinary Shares,62068213.0,Consumer Discretionary,Other Consumer Services,2025.0,Hong Kong,2031688.0,Nasdaq,False,False,,
YTRA,Yatra Online Inc. Ordinary Shares,62058545.0,Consumer Discretionary,Transportation Services,,India,1516899.0,Nasdaq,False,False,,
HAIN,Hain Celestial Group Inc. (The) Common Stock,61940965.0,Consumer Staples,Packaged Foods,,United States,910406.0,Nasdaq,False,True,3340.0,micro
NVX,NOVONIX Limited American Depository Shares,61878133.0,Miscellaneous,Industrial Machinery/Components,,Australia,1859795.0,Nasdaq,False,False,,
WNW,Meiwu Technology Company Limited Ordinary Shares,61876607.0,Consumer Discretionary,Package Goods/Cosmetics,2020.0,China,1787803.0,Nasdaq,False,False,,
MYPS,PLAYSTUDIOS Inc.  Class A Common Stock,61742390.0,Technology,Computer Software: Prepackaged Software,2020.0,United States,1823878.0,Nasdaq,False,True,3341.0,micro
KNDI,Kandi Technologies Group Inc. Ordinary Shares,61333705.0,Industrials,Auto Manufacturing,,China,1720250.0,Nasdaq,False,False,,
PVL,Permianville Royalty Trust Units of Beneficial Interest,61050000.0,Energy,Oil & Gas Production,2011.0,United States,1520048.0,NYSE,False,True,3342.0,micro
ELBM,Electra Battery Materials Corporation Common Stock,60790639.0,Miscellaneous,Industrial Machinery/Components,,Canada,1907184.0,Nasdaq,False,False,,
COPR,Idaho Copper Corporation Common Stock,60764083.0,Basic Materials,Metal Mining,2026.0,,1263364.0,NYSE,False,False,,
BTMD,Biote Corp. Class A Common Stock,60717421.0,Health Care, Medicinal Chemicals and Botanical Products ,,United States,1819253.0,Nasdaq,False,True,3343.0,micro
KG,Kestrel Group Ltd.,60675353.0,Finance,Property-Casualty Insurers,2008.0,Bermuda,2055116.0,Nasdaq,False,False,,
GDHG,Golden Heaven Group Holdings Ltd. Class A Ordinary Shares,60322739.0,Consumer Discretionary,Services-Misc. Amusement & Recreation,2023.0,China,1928340.0,Nasdaq,False,False,,
SELF,Global Self Storage Inc. Common Stock,60190883.0,Real Estate,Real Estate Investment Trusts,,United States,1031235.0,Nasdaq,False,True,3344.0,micro
AACG,ATA Creativity Global American Depositary Shares,60173027.0,Real Estate,Other Consumer Services,2008.0,China,1420529.0,Nasdaq,False,False,,
VGAS,Verde Clean Fuels Inc. Class A Common Stock,60141988.0,Industrials,Major Chemicals,2021.0,United States,1841425.0,Nasdaq,False,True,3345.0,micro
NNOX,NANO-X IMAGING LTD Ordinary Shares,60026002.0,Health Care,Medical Electronics,2020.0,Israel,1795251.0,Nasdaq,False,False,,
NMAD,Nomad Power Solutions Inc. Common Stock,59734962.0,Health Care,Biotechnology: Pharmaceutical Preparations,,United States,1335105.0,Nasdaq,False,True,3346.0,micro
SORA,AsiaStrategy Ordinary Shares,59673600.0,Industrials,Other Specialty Stores,2025.0,Hong Kong,2033515.0,Nasdaq,False,False,,
HRTX,Heron Therapeutics Inc. Common Stock,59404787.0,Health Care,Biotechnology: Pharmaceutical Preparations,,United States,818033.0,Nasdaq,False,True,3347.0,micro
BBBYW,Neighborhood Intelligence Inc. Warrants,59208563.0,Consumer Discretionary,Catalog/Specialty Distribution,,United States,1130713.0,Nasdaq,False,True,3348.0,micro
SKIL,Skillsoft Corp. Class A Common Stock,59185691.0,Technology,Computer Software: Prepackaged Software,2019.0,United States,1774675.0,NYSE,False,True,3349.0,micro
LITB,LightInTheBox Holding Co. Ltd. American Depositary Shares each representing twelve ordinary shares,59179746.0,Consumer Discretionary,Catalog/Specialty Distribution,,China,1523836.0,NYSE,False,False,,
JZXN,Jiuzi Holdings Inc. Ordinary Shares,58724545.0,Consumer Discretionary,Retail-Auto Dealers and Gas Stations,2021.0,China,1816172.0,Nasdaq,False,False,,
GLND,Greenland Energy Company Common Stock,58598460.0,Energy,Oil & Gas Production,,United States,2093507.0,Nasdaq,False,True,3350.0,micro
UEIC,Universal Electronics Inc. Common Stock,58498181.0,Consumer Staples,Consumer Electronics/Appliances,1993.0,United States,101984.0,Nasdaq,False,True,3351.0,micro
PLCE,Children's Place Inc. (The) Common Stock,58483486.0,Consumer Discretionary,Clothing/Shoe/Accessory Stores,1997.0,United States,1041859.0,Nasdaq,False,True,3352.0,micro
XLO,Xilio Therapeutics Inc. Common Stock,58168517.0,Health Care,Biotechnology: Pharmaceutical Preparations,2021.0,United States,1840233.0,Nasdaq,False,True,3353.0,micro
WATT,Energous Corporation Common Stock,57923704.0,Technology,Radio And Television Broadcasting And Communications Equipment,2014.0,United States,1575793.0,Nasdaq,False,True,3354.0,micro
NCEW,New Century Logistics (BVI) Limited Ordinary Shares,57856000.0,Industrials,Integrated Freight & Logistics,2024.0,Hong Kong,1968043.0,Nasdaq,False,False,,
NXB,NextBoat Inc. Common Stcok,57828659.0,Industrials,Marine Transportation,2025.0,,2067767.0,NYSE,False,False,,
INKT,MiNK Therapeutics Inc. Common Stock,57817013.0,Health Care,Biotechnology: Biological Products (No Diagnostic Substances),2021.0,United States,1840229.0,Nasdaq,False,True,3355.0,micro
VOC,VOC Energy Trust Units of Beneficial Interest,57630000.0,Energy,Oil & Gas Production,2011.0,United States,1505413.0,NYSE,False,True,3356.0,micro
XTNT,Xtant Medical Holdings Inc. Common Stock,57377776.0,Health Care,Medical/Dental Instruments,,United States,1453593.0,NYSE,False,True,3357.0,micro
SGA,Saga Communications Inc. Class A Common Stock (FL),57285472.0,Consumer Discretionary,Broadcasting,,United States,886136.0,Nasdaq,False,True,3358.0,micro
NTRB,Nutriband Inc. Common Stock,57133120.0,Health Care,Industrial Specialties,,United States,1676047.0,Nasdaq,False,True,3359.0,micro
APWC,Asia Pacific Wire & Cable Corporation Ltd. Ordinary Shares (Bermuda),56900787.0,Industrials,Telecommunications Equipment,,Taiwan,1026980.0,Nasdaq,False,False,,
IMMP,Immutep Limited American Depositary Shares,56359830.0,Health Care,Biotechnology: Pharmaceutical Preparations,,Australia,1506184.0,Nasdaq,False,False,,
IMA,ImageneBio Inc. Common Stock,56303222.0,Health Care,Biotechnology: Biological Products (No Diagnostic Substances),2021.0,United States,1835579.0,Nasdaq,False,True,3360.0,micro
LFS,LEIFRAS Co. Ltd. American Depositary Shares  ,56245331.0,Real Estate,Other Consumer Services,2025.0,Japan,2030277.0,Nasdaq,False,False,,
TPCS,TechPrecision Corporation Common stock,56056726.0,Industrials,Metal Fabrications,,United States,1328792.0,Nasdaq,False,True,3361.0,micro
SCWO,374Water Inc. Common Stock,55989389.0,Consumer Discretionary,Metal Fabrications,,United States,933972.0,Nasdaq,False,True,3362.0,micro
BGSF,BGSF Inc. Common Stock,55931660.0,Consumer Discretionary,Professional Services,,United States,1474903.0,NYSE,False,True,3363.0,micro
HWH,HWH International Inc. Common Stock,55885632.0,Health Care,Other Pharmaceuticals,2022.0,United States,1897245.0,Nasdaq,False,True,3364.0,micro
MYO,Myomo Inc. Common Stock,55847074.0,Health Care,Industrial Specialties,2017.0,United States,1369290.0,NYSE,False,True,3365.0,micro
MCRB,Seres Therapeutics Inc. Common Stock,55648087.0,Health Care,Biotechnology: Pharmaceutical Preparations,2015.0,United States,1609809.0,Nasdaq,False,True,3366.0,micro
FNUC,Frontier Nuclear and Minerals Inc. Common Shares,54925540.0,Basic Materials,Other Metals and Minerals,2021.0,Canada,1769697.0,Nasdaq,False,False,,
SKYA,SkyAI Inc. Common Stock,54924333.0,Health Care,Medical/Dental Instruments,2022.0,United States,1737995.0,Nasdaq,False,True,3367.0,micro
AURE,Aurelion Inc. Class A Ordinary Shares,54332000.0,Finance,Finance: Consumer Services,2023.0,Hong Kong,1765850.0,Nasdaq,False,False,,
IDN,Intellicheck Inc. Common Stock,54314871.0,Technology,Computer Software: Prepackaged Software,1999.0,United States,1040896.0,Nasdaq,False,True,3368.0,micro
ABLV,Able View Global Inc. Class B Ordinary Shares,54279524.0,Consumer Discretionary,Other Consumer Services,,China,1957489.0,Nasdaq,False,False,,
CNVS,Cineverse Corp. Class A Common Stock,54198762.0,Consumer Discretionary,Consumer Electronics/Video Chains,,United States,1173204.0,Nasdaq,False,True,3369.0,micro
CTM,Castellum Inc. Common Stock,54148549.0,Consumer Discretionary,Professional Services,2022.0,,1877939.0,NYSE,False,False,,
BRID,Bridgford Foods Corporation Common Stock,54097919.0,Consumer Staples,Specialty Foods,,United States,14177.0,Nasdaq,False,True,3370.0,micro
XPL,Solitario Resources Corp. Common Stock,54017486.0,Basic Materials,Precious Metals,,United States,917225.0,NYSE,False,True,3371.0,micro
CELU,Celularity Inc. Class A Common Stock,53839487.0,Health Care,Biotechnology: Pharmaceutical Preparations,2019.0,United States,1752828.0,Nasdaq,False,True,3372.0,micro
TOUR,Tuniu Corporation American Depositary Shares,53721278.0,Consumer Discretionary,Transportation Services,2014.0,China,1597095.0,Nasdaq,False,False,,
TACT,TransAct Technologies Incorporated Common Stock,53584004.0,Technology,Computer peripheral equipment,1996.0,United States,1017303.0,Nasdaq,False,True,3373.0,micro
APT,Alpha Pro Tech Ltd. Common Stock,53582645.0,Health Care,Industrial Specialties,2000.0,Canada,884269.0,NYSE,False,False,,
SRTS,Sensus Healthcare Inc. Common Stock,53501692.0,Health Care,Medical/Dental Instruments,2016.0,United States,1494891.0,Nasdaq,False,True,3374.0,micro
CLNN,Clene Inc. Common Stock,53449814.0,Health Care,Biotechnology: Pharmaceutical Preparations,,United States,1822791.0,Nasdaq,False,True,3375.0,micro
OFS,OFS Capital Corporation Common Stock,53190370.0,Finance,Finance/Investors Services,,United States,1487918.0,Nasdaq,False,True,3376.0,micro
COCH,Envoy Medical Inc. Class A Common Stock,53187076.0,Health Care,Industrial Specialties,2021.0,United States,1840877.0,Nasdaq,False,True,3377.0,micro
DOMH,Dominari Holdings Inc. Common Stock,53093585.0,Finance,Investment Bankers/Brokers/Service,,United States,12239.0,Nasdaq,False,True,3378.0,micro
TC,Token Cat Limited American Depositary Shares,53089770.0,Consumer Discretionary,Business Services,2018.0,China,1743340.0,Nasdaq,False,False,,
SPWR,SunPower Inc. Common Stock,53055302.0,Technology,Semiconductors,,United States,1838987.0,Nasdaq,False,True,3379.0,micro
IBO,Impact BioMedical Inc. Common Stock,52832403.0,Health Care,Biotechnology: Pharmaceutical Preparations,2024.0,,1834105.0,NYSE,False,False,,
RYM,RYTHM Inc. Common Stock,52800000.0,Consumer Staples,Farming/Seeds/Milling,2021.0,United States,1800637.0,Nasdaq,False,True,3380.0,micro
CLPR,Clipper Realty Inc. Common Stock,52673665.0,Real Estate,Real Estate Investment Trusts,2017.0,United States,1649096.0,NYSE,False,True,3381.0,micro
STEM,Stem Inc. Class A Common Stock,52562022.0,Technology,EDP Services,1992.0,United States,1758766.0,NYSE,False,True,3382.0,micro
AEI,Alset Inc. Common Stock (TX),52509371.0,Finance,Real Estate,2020.0,United States,1750106.0,Nasdaq,False,True,3383.0,micro
STKS,The ONE Group Hospitality Inc. Common Stock,52286890.0,Consumer Discretionary,Restaurants,,United States,1399520.0,Nasdaq,False,True,3384.0,micro
CATO,Cato Corporation (The) Class A Common Stock,52169306.0,Consumer Discretionary,Clothing/Shoe/Accessory Stores,,United States,18255.0,NYSE,False,True,3385.0,micro
TIL,Instil Bio Inc. Common Stock,52119486.0,Health Care,Biotechnology: Biological Products (No Diagnostic Substances),2021.0,United States,1789769.0,Nasdaq,False,True,3386.0,micro
ZOOZ,ZOOZ Strategy Ltd. Ordinary Shares,52062452.0,Technology,Industrial Machinery/Components,,Israel,1992818.0,Nasdaq,False,False,,
SCYX,SCYNEXIS Inc. Common Stock,51936959.0,Health Care,Biotechnology: Pharmaceutical Preparations,2014.0,United States,1178253.0,Nasdaq,False,True,3387.0,micro
IZEA,IZEA Worldwide Inc. Common Stock,51900532.0,Consumer Discretionary,Advertising,,United States,1495231.0,Nasdaq,False,True,3388.0,micro
NAAS,NaaS Technology Inc. American Depositary Shares,51848300.0,Consumer Discretionary,Other Specialty Stores,2017.0,China,1712178.0,Nasdaq,False,False,,
SOGP,Sound Group Inc. American Depositary Shares,51801152.0,Technology,Computer Software: Programming Data Processing,2020.0,China,1783407.0,Nasdaq,False,False,,
PROP,Prairie Operating Co. Common Stock,51548691.0,Energy,Oil & Gas Production,,United States,1162896.0,Nasdaq,False,True,3389.0,micro
WYHG,Wing Yip Food Holdings Group Limited American Depositary Shares,51463374.0,Consumer Staples,Specialty Foods,2024.0,China,1999860.0,Nasdaq,False,False,,
MLGO,MicroAlgo Inc. Class A Ordinary Shares,51117965.0,Technology,EDP Services,2021.0,United States,1800392.0,Nasdaq,False,True,3390.0,micro
ELTK,Eltek Ltd. Ordinary Shares,51070685.0,Technology,Electrical Products,1997.0,Israel,1024672.0,Nasdaq,False,False,,
SNSC,SunScout Holding Limited Class A Ordinary Shares,51054000.0,Technology,Semiconductors,2026.0,,2101240.0,NYSE,False,False,,
TCBS,Texas Community Bancshares Inc. Common Stock,50387632.0,Finance,Banks,2021.0,United States,1849466.0,Nasdaq,False,True,3391.0,micro
MDAI,Spectral AI Inc. Class A Common Stock,50369412.0,Health Care,Medical/Dental Instruments,2021.0,United States,1833498.0,Nasdaq,False,True,3392.0,micro
AGIG,Abundia Global Impact Group Inc. Common stock,50331366.0,Energy,Oil & Gas Production,,United States,1156041.0,NYSE,False,True,3393.0,micro
SPWH,Sportsman's Warehouse Holdings Inc. Common Stock,49945338.0,Consumer Discretionary,Other Specialty Stores,2014.0,United States,1132105.0,Nasdaq,False,True,3394.0,micro
OMEX,Odyssey Marine Exploration Inc. Common Stock,49770298.0,Consumer Discretionary,Marine Transportation,,United States,798528.0,Nasdaq,False,True,3395.0,micro
MVIS,MicroVision Inc. Common Stock,49747545.0,Technology,Industrial Machinery/Components,1996.0,United States,65770.0,Nasdaq,False,True,3396.0,micro
GPMT,Granite Point Mortgage Trust Inc. Common Stock,49644111.0,Real Estate,Real Estate Investment Trusts,2017.0,United States,1703644.0,NYSE,False,True,3397.0,micro
DSWL,Deswell Industries Inc. Common Shares,49244241.0,Industrials,Plastic Products,1995.0,Macau,946936.0,Nasdaq,False,False,,
PRPO,Precipio Inc.  Common Stock,49230170.0,Industrials,Biotechnology: Laboratory Analytical Instruments,,United States,1043961.0,Nasdaq,False,True,3398.0,micro
ACFN,Acorn Energy Inc. Common Stock,49012840.0,Consumer Discretionary,Military/Government/Technical,,United States,880984.0,Nasdaq,False,True,3399.0,micro
NA,Nano Labs Ltd Class A Ordinary Shares,48981730.0,Technology,Semiconductors,2022.0,China,1872302.0,Nasdaq,False,False,,
POCI,Precision Optics Corporation Inc. Common stock,48704667.0,Health Care,Biotechnology: Electromedical & Electrotherapeutic Apparatus,,United States,867840.0,Nasdaq,False,True,3400.0,micro
HOWL,Werewolf Therapeutics Inc. Common Stock,48516448.0,Health Care,Biotechnology: Pharmaceutical Preparations,2021.0,United States,1785530.0,Nasdaq,False,True,3401.0,micro
ELWT,Elauwit Connection Inc. Common Stock,48456907.0,Consumer Discretionary,Telecommunications Equipment,2025.0,United States,2063863.0,Nasdaq,False,True,3402.0,micro
RSF,RiverNorth Capital and Income Fund Common Stock,48452867.0,Finance,Investment Managers,2019.0,,1644771.0,NYSE,False,False,,
ATYR,aTyr Pharma Inc. Common Stock,48357101.0,Health Care,Biotechnology: Biological Products (No Diagnostic Substances),2015.0,United States,1339970.0,Nasdaq,False,True,3403.0,micro
TEAD,Teads Holding Co. Common Stock,48149995.0,Technology,Computer Software: Programming Data Processing,2021.0,United States,1454938.0,Nasdaq,False,True,3404.0,micro
NTWK,NetSol Technologies Inc. Common  Stock,48099477.0,Technology,Computer Software: Prepackaged Software,,United States,1039280.0,Nasdaq,False,True,3405.0,micro
VHC,VirnetX Holding Corp Common Stock,47647953.0,Miscellaneous,Multi-Sector Companies,,United States,1082324.0,Nasdaq,False,True,3406.0,micro
VRM,Vroom Inc. Common Stock,47632612.0,Consumer Discretionary,Retail-Auto Dealers and Gas Stations,,United States,1580864.0,Nasdaq,False,True,3407.0,micro
HYPD,Hyperion DeFi Inc. Common Stock,47550668.0,Health Care,Biotechnology: Pharmaceutical Preparations,2018.0,United States,1682639.0,Nasdaq,False,True,3408.0,micro
BDMD,Baird Medical Investment Holdings Ltd Ordinary Share,47273815.0,Health Care,Medical/Dental Instruments,,China,1982444.0,Nasdaq,False,False,,
GNTA,Genenta Science S.p.A. American Depositary Shares,47160909.0,Health Care,Biotechnology: Biological Products (No Diagnostic Substances),2021.0,Italy,1838716.0,Nasdaq,False,False,,
HGBL,Heritage Global Inc. Common Stock,47109645.0,Consumer Discretionary,Business Services,,United States,849145.0,Nasdaq,False,True,3409.0,micro
GROV,Grove Collaborative Holdings Inc. Class A Common Stock,46971151.0,Consumer Discretionary,Catalog/Specialty Distribution,2021.0,,1841761.0,NYSE,False,False,,
VERU,Veru Inc. Common Stock,46888380.0,Health Care,Biotechnology: Pharmaceutical Preparations,,United States,863894.0,Nasdaq,False,True,3410.0,micro
TVGN,Tevogen Inc. Common Stock,46687742.0,Health Care,Biotechnology: Biological Products (No Diagnostic Substances),2022.0,United States,1860871.0,Nasdaq,False,True,3411.0,micro
LSF,Laird Superfood Inc. Common Stock,46674326.0,Consumer Staples,Packaged Foods,2020.0,,1650696.0,NYSE,False,False,,
FBDT,First Breach Inc. Common Stock,46573128.0,Industrials,Ordnance And Accessories,,United States,1892704.0,Nasdaq,False,True,3412.0,micro
GMHS,Gamehaus Holdings Inc. Class A Ordinary Shares,46446300.0,Technology,EDP Services,,China,2000530.0,Nasdaq,False,False,,
LOAN,Manhattan Bridge Capital Inc,46273311.0,Real Estate,Real Estate Investment Trusts,,United States,1080340.0,Nasdaq,False,True,3413.0,micro
THCH,TH International Limited Ordinary shares,46208579.0,Consumer Discretionary,Restaurants,,China,1877333.0,Nasdaq,False,False,,
STKE,Sol Strategies Inc. Common Shares,46199648.0,,,,Canada,1846839.0,Nasdaq,False,False,,
INDO,Indonesia Energy Corporation Limited Ordinary Shares,46006652.0,Energy,Oil & Gas Production,2019.0,,1757840.0,NYSE,False,False,,
SAIH,SAIHEAT Limited Class A Ordinary Shares,45983144.0,Technology,EDP Services,2021.0,Singapore,1847075.0,Nasdaq,False,False,,
CVV,CVD Equipment Corporation Common Stock,45947452.0,Technology,Industrial Machinery/Components,,United States,766792.0,Nasdaq,False,True,3414.0,micro
NEPH,Nephros Inc. Common Stock,45775406.0,Health Care,Medical/Dental Instruments,,United States,1196298.0,Nasdaq,False,True,3415.0,micro
QTEX,QTREX Quantum Ltd. Ordinary Shares,45688956.0,Health Care,Medical/Dental Instruments,2021.0,Israel,1837493.0,Nasdaq,False,False,,
LVO,LiveOne Inc. Common Stock,45523139.0,Consumer Discretionary,Restaurants,,United States,1491419.0,Nasdaq,False,True,3416.0,micro
SCLX,Scilex Holding Company Common Stock,45437550.0,Health Care,Biotechnology: Biological Products (No Diagnostic Substances),2021.0,United States,1820190.0,Nasdaq,False,True,3417.0,micro
KFFB,Kentucky First Federal Bancorp Common Stock,45366471.0,Finance,Savings Institutions,2005.0,United States,1297341.0,Nasdaq,False,True,3418.0,micro
AXIL,AXIL Brands Inc. Common Stock,45302602.0,Consumer Discretionary,Package Goods/Cosmetics,2024.0,,1718500.0,NYSE,False,False,,
OPTT,Ocean Power Technologies Inc. Common Stock,45086170.0,Utilities,Electric Utilities: Central,2007.0,United States,1378140.0,NYSE,False,True,3419.0,micro
GRCE,Grace Therapeutics Inc. Common Stock,45016890.0,Health Care,Biotechnology: Pharmaceutical Preparations,,Canada,1444192.0,Nasdaq,False,False,,
CMTL,Comtech Telecommunications Corp. Common Stock,44942147.0,Technology,Radio And Television Broadcasting And Communications Equipment,,United States,23197.0,Nasdaq,False,True,3420.0,micro
KBSX,FST Corp. Ordinary Shares,44766003.0,Consumer Discretionary,Recreational Games/Products/Toys,,Taiwan,2014254.0,Nasdaq,False,False,,
VTIX,Virtuix Holdings Inc. Class A Common Stock,44502467.0,Technology,Computer peripheral equipment,,United States,1606242.0,Nasdaq,False,True,3421.0,micro
RETO,ReTo Eco-Solutions Inc. Class A Shares,44451903.0,Industrials,Industrial Machinery/Components,2017.0,China,1687277.0,Nasdaq,False,False,,
MBBC,Marathon Bancorp Inc. Common Stock,44408727.0,Finance,Banks,,United States,1835385.0,Nasdaq,False,True,3422.0,micro
NSRX,Nasus Pharma Ltd. Ordinary Shares,44149746.0,Health Care,Biotechnology: Pharmaceutical Preparations,2025.0,,2029039.0,NYSE,False,False,,
PTLE,PTL LTD Class A Ordinary Shares,43967854.0,Energy,Oil Refining/Marketing,2024.0,Singapore,2016337.0,Nasdaq,False,False,,
RAVE,Rave Restaurant Group Inc. Common Stock,43913739.0,Consumer Discretionary,Food Distributors,,United States,718332.0,Nasdaq,False,True,3423.0,micro
MGX,Metagenomi Therapeutics Inc. Common Stock,43821442.0,Health Care,Biotechnology: Biological Products (No Diagnostic Substances),2024.0,United States,1785279.0,Nasdaq,False,True,3424.0,micro
TGE,The Generation Essentials Group Class A Ordinary Shares,43595579.0,Consumer Discretionary,Newspapers/Magazines,2025.0,,2053456.0,NYSE,False,False,,
SDEV,Stablecoin Development Corporation Common Stock,43483722.0,Health Care,Biotechnology: Pharmaceutical Preparations,,United States,1389545.0,NYSE,False,True,3425.0,micro
FTEK,Fuel Tech Inc. Common Stock,43391337.0,Industrials,Pollution Control Equipment,,United States,846913.0,Nasdaq,False,True,3426.0,micro
BHST,BioHarvest Sciences Inc. Common Stock,43068900.0,,,,Canada,1723464.0,Nasdaq,False,False,,
KXIN,Kaixin Holdings Ordinary Shares,42948454.0,Consumer Discretionary,Retail-Auto Dealers and Gas Stations,2017.0,China,1713539.0,Nasdaq,False,False,,
XOS,Xos Inc. Common Stock,42937913.0,Consumer Discretionary,Auto Parts:O.E.M.,2020.0,United States,1819493.0,Nasdaq,False,True,3427.0,micro
PXLW,Pixelworks Inc.  Common Stock,42890196.0,Technology,Computer Software: Prepackaged Software,2000.0,United States,1040161.0,Nasdaq,False,True,3428.0,micro
BRIA,BrilliA Inc Class A Ordinary Shares,42875000.0,Consumer Discretionary,Apparel,2024.0,,2000230.0,NYSE,False,False,,
SYPR,Sypris Solutions Inc. Common Stock,42829165.0,Industrials,Industrial Machinery/Components,,United States,864240.0,Nasdaq,False,True,3429.0,micro
MGLD,The Marygold Companies Inc. Common Stock,42811212.0,Finance,Finance: Consumer Services,2022.0,,1005101.0,NYSE,False,False,,
PAVM,PAVmed Inc. Common Stock,42778161.0,Health Care,Medical/Dental Instruments,2016.0,United States,1624326.0,Nasdaq,False,True,3430.0,micro
GAIA,Gaia Inc. Class A Common Stock,42461074.0,Consumer Discretionary,Movies/Entertainment,1999.0,United States,1089872.0,Nasdaq,False,True,3431.0,micro
PHUN,Phunware Inc. Common Stock,42357737.0,Technology,EDP Services,2016.0,Greece,1665300.0,Nasdaq,False,False,,
BODI,The Beachbody Company Inc. Class A Common Stock,42331525.0,Consumer Discretionary,Other Consumer Services,,United States,1826889.0,Nasdaq,False,True,3432.0,micro
BRAG,Bragg Gaming Group Inc. Common Shares,42246229.0,Technology,Office Equipment/Supplies/Services,,Canada,1867834.0,Nasdaq,False,False,,
RMCO,Royalty Management Holding Corporation Class A Common Stock,42180128.0,Miscellaneous,Multi-Sector Companies,2023.0,United States,1843656.0,Nasdaq,False,True,3433.0,micro
SLMT,Brera Holdings PLC Class B Ordinary Shares,41835317.0,Consumer Discretionary,Services-Misc. Amusement & Recreation,2023.0,Ireland,1939965.0,Nasdaq,False,False,,
AIOS,AIOS Tech Inc. Class A Common Shares,41687942.0,Industrials,Metal Fabrications,2016.0,China,1603993.0,Nasdaq,False,False,,
FSP,Franklin Street Properties Corp. Common Stock,41667090.0,Real Estate,Real Estate Investment Trusts,,United States,1031316.0,NYSE,False,True,3434.0,micro
CULP,Culp Inc. Common Stock,41594145.0,Consumer Discretionary,Textiles,,United States,723603.0,Nasdaq,False,True,3435.0,micro
MREO,Mereo BioPharma Group plc American Depositary Shares,41454906.0,Health Care,Biotechnology: Pharmaceutical Preparations,,United Kingdom,1719714.0,Nasdaq,False,False,,
EUDA,EUDA Health Holdings Limited Ordinary Shares,41441458.0,Health Care,Medical/Nursing Services,2021.0,Singapore,1847846.0,Nasdaq,False,False,,
FLNA,Filana Therapeutics Inc. Common Stock,41428852.0,Health Care,Biotechnology: Pharmaceutical Preparations,,United States,1069530.0,Nasdaq,False,True,3436.0,micro
MAMO,Massimo Group Common Stock,41228705.0,Consumer Discretionary,Industrial Specialties,2024.0,United States,1952853.0,Nasdaq,False,True,3437.0,micro
SQNS,Sequans Communications S.A. American Depositary Shares (each representing one hundred (100) Ordinary Shares),41188579.0,Technology,Semiconductors,,France,1383395.0,NYSE,False,False,,
MLSS,Milestone Scientific Inc. Common Stock,41166108.0,Health Care,Industrial Specialties,2015.0,United States,855683.0,NYSE,False,True,3438.0,micro
TOON,Kartoon Studios Inc. Common Stock,41054709.0,Consumer Discretionary,Movies/Entertainment,,United States,1355848.0,NYSE,False,True,3439.0,micro
AHMA,Ambitions Enterprise Management Co. L.L.C Class A Ordinary Shares,40723250.0,Consumer Discretionary,Services-Misc. Amusement & Recreation,2025.0,United Arab Emirates,2010959.0,Nasdaq,False,False,,
KPTI,Karyopharm Therapeutics Inc. Common Stock,40599813.0,Health Care,Biotechnology: Pharmaceutical Preparations,2013.0,United States,1503802.0,Nasdaq,False,True,3440.0,micro
QTI,QT Imaging Holdings Inc. Common Stock,40543171.0,Health Care,Biotechnology: Electromedical & Electrotherapeutic Apparatus,,United States,1844505.0,Nasdaq,False,True,3441.0,micro
SJ,Scienjoy Holding Corporation Class A Ordinary Shares ,40509481.0,Technology,EDP Services,2019.0,China,1753673.0,Nasdaq,False,False,,
ETS,Elite Express Holding Inc. Class A Common Stock,40439709.0,Industrials,Trucking Freight/Courier Services,2025.0,United States,2053641.0,Nasdaq,False,True,3442.0,micro
PETS,PetMed Express Inc. Common Stock,40431175.0,Consumer Staples,Retail-Drug Stores and Proprietary Stores,,United States,1040130.0,Nasdaq,False,True,3443.0,micro
MIND,MIND Technology Inc. Common Stock (DE),40264514.0,Industrials,Industrial Machinery/Components,1994.0,United States,926423.0,Nasdaq,False,True,3444.0,micro
GROW,U.S. Global Investors Inc. Class A Common Stock,40065553.0,Finance,Investment Managers,,United States,754811.0,Nasdaq,False,True,3445.0,micro
CRVO,CervoMed Inc. Common Stock,39914413.0,Health Care,Biotechnology: Pharmaceutical Preparations,,United States,1053691.0,Nasdaq,False,True,3446.0,micro
GGR,Gogoro Inc. Ordinary Shares,39888485.0,Industrials,Auto Manufacturing,,Taiwan,1886190.0,Nasdaq,False,False,,
YSXT,YSX Tech. Co. Ltd Class A Ordinary Shares,39853125.0,Consumer Discretionary,Automotive Aftermarket,2024.0,China,1993463.0,Nasdaq,False,False,,
DCGO,DocGo Inc. Common Stock,39709847.0,Health Care,Medical/Nursing Services,2020.0,United States,1822359.0,Nasdaq,False,True,3447.0,micro
SNT,Senstar Technologies Corporation Common Shares,39663810.0,Telecommunications,Telecommunications Equipment,,Canada,1993727.0,Nasdaq,False,False,,
FTCI,FTC Solar Inc. Common Stock,39486136.0,Technology,Semiconductors,2021.0,United States,1828161.0,Nasdaq,False,True,3448.0,micro
ARBK,Argo Blockchain plc American Depositary Shares,39277436.0,Finance,Finance: Consumer Services,2021.0,United Kingdom,1841675.0,Nasdaq,False,False,,
CNF,CNFinance Holdings Limited American Depositary Shares each representing two hundred (200) Ordinary Shares,39155347.0,Finance,Finance: Consumer Services,,,1733868.0,NYSE,False,False,,
PLUT,Plutus Financial Group Limited Ordinary Shares,39142500.0,Finance,Investment Bankers/Brokers/Service,2025.0,Hong Kong,1933021.0,Nasdaq,False,False,,
IXHL,Incannex Healthcare Inc. Common Stock,39124092.0,Health Care,Biotechnology: Pharmaceutical Preparations,,Australia,1873875.0,Nasdaq,False,False,,
NSPR,InspireMD Inc. Common Stock,39060157.0,Health Care,Medical/Dental Instruments,,Israel,1433607.0,Nasdaq,False,False,,
ZDGE,Zedge Inc. Class B Common Stock ,38944520.0,Technology,Computer Software: Prepackaged Software,2016.0,,1667313.0,NYSE,False,False,,
STG,Sunlands Technology Group American Depositary Shares representing Class A ordinary shares,38839688.0,Real Estate,Other Consumer Services,2018.0,,1723935.0,NYSE,False,False,,
ALGS,Aligos Therapeutics Inc. Common Stock,38778705.0,Health Care,Biotechnology: Biological Products (No Diagnostic Substances),2020.0,United States,1799448.0,Nasdaq,False,True,3449.0,micro
CCG,Cheche Group Inc. Class A Ordinary Shares,38758940.0,Finance,Specialty Insurers,,China,1965473.0,Nasdaq,False,False,,
HOLO,MicroCloud Hologram Inc. Ordinary Shares,38492765.0,Technology,Computer Software: Programming Data Processing,2021.0,United States,1841209.0,Nasdaq,False,True,3450.0,micro
STRR,Star Equity Holdings Inc. Common Stock,38443579.0,Consumer Discretionary,Professional Services,,United States,1210708.0,Nasdaq,False,True,3451.0,micro
SNWV,SANUWAVE Health Inc. Common Stock,38280275.0,Health Care,Medical/Dental Instruments,,United States,1417663.0,Nasdaq,False,True,3452.0,micro
LPSN,LivePerson Inc. Common Stock,38245621.0,Technology,Computer Software: Prepackaged Software,2000.0,United States,1102993.0,Nasdaq,False,True,3453.0,micro
ACCL,Acco Group Holdings Limited Class A Ordinary Shares,38086000.0,Consumer Discretionary,Professional Services,2025.0,Hong Kong,2038378.0,Nasdaq,False,False,,
WAVE,Eco Wave Power Global AB (publ) American Depositary Shares,38061950.0,Utilities,Electric Utilities: Central,2021.0,Israel,1846715.0,Nasdaq,False,False,,
AERT,Aeries Technology Inc. Class A Ordinary Share,37941970.0,Consumer Discretionary,Professional Services,2021.0,United States,1853044.0,Nasdaq,False,True,3454.0,micro
MNY,MoneyHero Limited Class A Ordinary Shares,37768235.0,Consumer Discretionary,Business Services,,Singapore,1974044.0,Nasdaq,False,False,,
KAZR,Skyline Builders Group Holding Limited Class A Ordinary Shares,37498976.0,Consumer Discretionary,Engineering & Construction,2025.0,Hong Kong,2031009.0,Nasdaq,False,False,,
GAME,GameSquare Holdings Inc. Common Stock,37457070.0,Consumer Discretionary,Services-Misc. Amusement & Recreation,,United States,1714562.0,Nasdaq,False,True,3455.0,micro
ELUT,Elutia Inc. Class A Common Stock,37442115.0,Health Care,Biotechnology: Biological Products (No Diagnostic Substances),2020.0,United States,1708527.0,Nasdaq,False,True,3456.0,micro
LFT,Lument Finance Trust Inc. Common Stock,37433107.0,Real Estate,Real Estate Investment Trusts,2013.0,United States,1547546.0,NYSE,False,True,3457.0,micro
VIDA,VIDA Global Inc. Class A Common Stock,37332306.0,Technology,Computer Software: Prepackaged Software,2026.0,,1973062.0,NYSE,False,False,,
HBIO,Harvard Bioscience Inc. Common Stock,37328901.0,Industrials,Biotechnology: Laboratory Analytical Instruments,2000.0,United States,1123494.0,Nasdaq,False,True,3458.0,micro
HCAI,Huachen AI Parking Management Technology Holding Co. Ltd. Class A Ordinary Shares,37061273.0,Consumer Discretionary,Miscellaneous manufacturing industries,2025.0,China,1958399.0,Nasdaq,False,False,,
MATH,Metalpha Technology Holding Limited Ordinary Shares,36946200.0,Finance,Finance: Consumer Services,2017.0,China,1682241.0,Nasdaq,False,False,,
ATHR,Aether Holdings Inc. Common Stock,36836558.0,Technology,Computer Software: Prepackaged Software,2025.0,United States,2026353.0,Nasdaq,False,True,3459.0,micro
NWGL,CL Workshop Group Limited American Depositary Shares,36643520.0,Basic Materials,Forest Products,2023.0,China,1948294.0,Nasdaq,False,False,,
XTIA,XTI Aerospace Inc. Common Stock,36553900.0,Technology,EDP Services,2014.0,United States,1529113.0,Nasdaq,False,True,3460.0,micro
CPHI,China Pharma Holdings Inc. Common Stock,36353592.0,Health Care,Biotechnology: Pharmaceutical Preparations,,China,1106644.0,NYSE,False,False,,
MLCI,Mount Logan Capital Inc. Common Stock,36251608.0,Finance,Investment Managers,,United States,2051820.0,Nasdaq,False,True,3461.0,micro
JG,Aurora Mobile Limited American Depositary Shares,36007961.0,Technology,Computer Software: Programming Data Processing,2018.0,China,1737339.0,Nasdaq,False,False,,
BBGI,Beasley Broadcast Group Inc. Class A Common Stock,35943369.0,Consumer Discretionary,Broadcasting,2000.0,United States,1099160.0,Nasdaq,False,True,3462.0,micro
CREX,Creative Realities Inc. Common Stock,35709976.0,Technology,EDP Services,,United States,1356093.0,Nasdaq,False,True,3463.0,micro
PN,PN Smart Energy Limited Class A Ordinary Shares,35704741.0,Technology,Retail: Computer Software & Peripheral Equipment,2025.0,China,2001288.0,Nasdaq,False,False,,
MIRA,MIRA Pharmaceuticals Inc. Common Stock,35697763.0,Health Care,Biotechnology: Pharmaceutical Preparations,2023.0,United States,1904286.0,Nasdaq,False,True,3464.0,micro
PFAI,Pinnacle Food Group Limited Class A Common Shares,35679203.0,Consumer Staples,Farming/Seeds/Milling,2025.0,Canada,2032755.0,Nasdaq,False,False,,
WKHS,Workhorse Group Inc. Common Stock,35627187.0,Industrials,Auto Manufacturing,,United States,1425287.0,Nasdaq,False,True,3465.0,micro
COHN,Cohen & Company Inc.,35583249.0,Finance,Investment Bankers/Brokers/Service,,United States,1270436.0,NYSE,False,True,3466.0,micro
BGDE,Big Digital Energy Inc. Common Stock,35402119.0,Finance,Finance: Consumer Services,,Australia,1218683.0,Nasdaq,False,False,,
BLNE,Beeline Holdings Inc. Common Stock,35233118.0,Finance,Finance: Consumer Services,,United States,1534708.0,Nasdaq,False,True,3467.0,micro
FIEE,FiEE Inc Common Stock,35223110.0,Utilities,Telecommunications Equipment,,United States,1467761.0,Nasdaq,False,True,3468.0,micro
CNTY,Century Casinos Inc. Common Stock,35172115.0,Consumer Discretionary,Hotels/Resorts,,United States,911147.0,Nasdaq,False,True,3469.0,micro
WPRT,Westport Fuel Systems Inc Common Shares,35142108.0,Industrials,Industrial Machinery/Components,2008.0,Canada,1370416.0,Nasdaq,False,False,,
NTIP,Network-1 Technologies Inc. Common Stock,34980667.0,Miscellaneous,Multi-Sector Companies,,United States,1065078.0,NYSE,False,True,3470.0,micro
NXXT,NextNRG Inc. Common Stock,34685930.0,Consumer Discretionary,Retail-Auto Dealers and Gas Stations,2021.0,United States,1817004.0,Nasdaq,False,True,3471.0,micro
KYNB,Kyntra Bio Inc. Common Stock,34539028.0,Health Care,Biotechnology: Pharmaceutical Preparations,2014.0,United States,921299.0,Nasdaq,False,True,3472.0,micro
VTSI,VirTra Inc. Common Stock,34072068.0,Consumer Discretionary,Miscellaneous manufacturing industries,,United States,1085243.0,Nasdaq,False,True,3473.0,micro
RNAZ,TransCode Therapeutics Inc. Common Stock,34030785.0,Health Care,Biotechnology: Pharmaceutical Preparations,2021.0,United States,1829635.0,Nasdaq,False,True,3474.0,micro
TELA,TELA Bio Inc. Common Stock,33778815.0,Health Care,Medical/Dental Instruments,2019.0,United States,1561921.0,Nasdaq,False,True,3475.0,micro
BHM,Bluerock Homes Trust Inc. Class A Common Stock,33685830.0,Real Estate,Real Estate Investment Trusts,2022.0,,1903382.0,NYSE,False,False,,
ONMD,OneMedNet Corp Class A Common Stock,33674704.0,Health Care,Biotechnology: Commercial Physical & Biological Resarch,2021.0,United Kingdom,1849380.0,Nasdaq,False,False,,
SLND,Southland Holdings Inc. Common Stock,33673650.0,Industrials,Military/Government/Technical,,United States,1883814.0,NYSE,False,True,3476.0,micro
NXTC,NextCure Inc. Common Stock,33643589.0,Health Care,Biotechnology: Pharmaceutical Preparations,2019.0,United States,1661059.0,Nasdaq,False,True,3477.0,micro
GNS,Genius Group Limited Ordinary Shares,33610009.0,Technology,Computer Software: Prepackaged Software,2022.0,Singapore,1847806.0,NYSE,False,False,,
DXLG,Destination XL Group Inc. Common Stock,33606040.0,Consumer Discretionary,Clothing/Shoe/Accessory Stores,,United States,813298.0,Nasdaq,False,True,3478.0,micro
EHLD,Euroholdings Ltd. Common Stock ,33517719.0,Consumer Discretionary,Marine Transportation,,Greece,2032779.0,Nasdaq,False,False,,
SPRU,Spruce Power Holding Corporation Class A Common Stock,33498804.0,Utilities,Electric Utilities: Central,2019.0,United States,1772720.0,NYSE,False,True,3479.0,micro
MCRP,Micropolis AI Robotics Ordinary Shares,33496398.0,Consumer Discretionary,Auto Parts:O.E.M.,2025.0,,1993431.0,NYSE,False,False,,
XBP,XBP Global Holdings Inc. Common Stock,33386563.0,Technology,EDP Services,2021.0,United States,1839530.0,Nasdaq,False,True,3480.0,micro
CNTX,Context Therapeutics Inc. Common Stock,33324577.0,Health Care,Biotechnology: Pharmaceutical Preparations,2021.0,United States,1842952.0,Nasdaq,False,True,3481.0,micro
LITS,Lite Strategy Inc. Common Stock,33157954.0,Health Care,Biotechnology: Pharmaceutical Preparations,2003.0,United States,1262104.0,Nasdaq,False,True,3482.0,micro
KOSS,Koss Corporation Common Stock,33132533.0,Consumer Staples,Consumer Electronics/Appliances,,United States,56701.0,Nasdaq,False,True,3483.0,micro
BOSC,B.O.S. Better Online Solutions Common Stock,32852115.0,Telecommunications,Computer Communications Equipment,,Israel,1005516.0,Nasdaq,False,False,,
NSYS,Nortech Systems Incorporated Common Stock,32846847.0,Technology,Industrial Machinery/Components,,United States,722313.0,Nasdaq,False,True,3484.0,micro
BANL,CBL International Limited Class B Ordinary Shares,32764734.0,Energy,Oil Refining/Marketing,2023.0,Malaysia,1914805.0,Nasdaq,False,False,,
KLXE,KLX Energy Services Holdings Inc. Common Stock,32760511.0,Energy,Oilfield Services/Equipment,,United States,1738827.0,Nasdaq,False,True,3485.0,micro
JAGU,Jaguar Uranium Corp. Class A Common Shares,32713919.0,Basic Materials,Metal Mining,2026.0,Canada,2039273.0,NYSE,False,False,,
QNCX,Quince Therapeutics Inc. Common Stock,32698575.0,Health Care,Biotechnology: Biological Products (No Diagnostic Substances),2019.0,United States,1662774.0,Nasdaq,False,True,3486.0,micro
CCEL,Cryo-Cell International Inc. Common Stock,32573106.0,Health Care,Misc Health and Biotechnology Services,2022.0,United States,862692.0,NYSE,False,True,3487.0,micro
RMTI,Rockwell Medical Inc. Common Stock,32525853.0,Health Care,Biotechnology: Pharmaceutical Preparations,1998.0,United States,1041024.0,Nasdaq,False,True,3488.0,micro
UG,United-Guardian Inc. Common Stock,32481835.0,Consumer Discretionary,Package Goods/Cosmetics,,United States,101295.0,Nasdaq,False,True,3489.0,micro
RCON,Recon Technology Ltd. Class A Ordinary Shares,32283365.0,Energy,Oilfield Services/Equipment,2009.0,China,1442620.0,Nasdaq,False,False,,
SWAG,Stran & Company Inc. Common Stock,32246489.0,Consumer Discretionary,Advertising,2021.0,United States,1872525.0,Nasdaq,False,True,3490.0,micro
CLPS,CLPS Incorporation Common Stock,32122928.0,Technology,Computer Software: Prepackaged Software,2018.0,China,1724542.0,Nasdaq,False,False,,
LVLU,Lulu's Fashion Lounge Holdings Inc. Common Stock,32104220.0,Consumer Discretionary,Catalog/Specialty Distribution,2021.0,United States,1780201.0,Nasdaq,False,True,3491.0,micro
PPSI,Pioneer Power Solutions Inc. Common Stock,32076879.0,Miscellaneous,Industrial Machinery/Components,,United States,1449792.0,Nasdaq,False,True,3492.0,micro
RAND,Rand Capital Corporation Common Stock,32044293.0,Finance,Finance: Consumer Services,,United States,81955.0,Nasdaq,False,True,3493.0,micro
NCI,Neo-Concept International Group Holdings Limited Class A Ordinary Shares,31870521.0,Consumer Discretionary,Apparel,2024.0,Hong Kong,1916331.0,Nasdaq,False,False,,
BEEM,Beam Global Common Stock,31686641.0,Miscellaneous,Industrial Machinery/Components,,United States,1398805.0,Nasdaq,False,True,3494.0,micro
KSCP,Knightscope Inc. Class A Common Stock,31648598.0,Telecommunications,Telecommunications Equipment,2022.0,United States,1600983.0,Nasdaq,False,True,3495.0,micro
SRXH,SRX Global Inc. Common Stock,31614010.0,Consumer Staples,Beverages (Production/Distribution),2021.0,,1471727.0,NYSE,False,False,,
HHS,Harte Hanks Inc. Common Stock,31605978.0,Consumer Discretionary,Advertising,,United States,45919.0,Nasdaq,False,True,3496.0,micro
SST,System1 Inc. Class A Common Stock,31570833.0,Technology,Computer Software: Programming Data Processing,2020.0,United States,1805833.0,NYSE,False,True,3497.0,micro
ANGH,Anghami Inc. Ordinary Shares,31545532.0,Consumer Discretionary,Telecommunications Equipment,,United Arab Emirates,1871983.0,Nasdaq,False,False,,
AVAT,Avalanche Treasury Corporation Class A Common Stock,31539928.0,Finance,Finance: Consumer Services,,United States,2092446.0,Nasdaq,False,True,3498.0,micro
ATNM,Actinium Pharmaceuticals Inc. (Delaware) Common Stock,31441436.0,Health Care,Biotechnology: Pharmaceutical Preparations,,United States,1388320.0,NYSE,False,True,3499.0,micro
BENF,Beneficient Class A Common Stock,31375116.0,Finance,Finance: Consumer Services,,United States,1775734.0,Nasdaq,False,True,3500.0,micro
ACTU,Actuate Therapeutics Inc. Common stock,31218463.0,Health Care,Biotechnology: Pharmaceutical Preparations,2024.0,United States,1652935.0,Nasdaq,False,True,3501.0,micro
RYET,Ruanyun Edai Technology Inc. Ordinary shares,31091523.0,Technology,Computer Software: Prepackaged Software,2025.0,China,1873454.0,Nasdaq,False,False,,
BCTX,BriaCell Therapeutics Corp. Common Shares,31058240.0,Health Care,Biotechnology: Pharmaceutical Preparations,,Canada,1610820.0,Nasdaq,False,False,,
RADX,Radiopharm Theranostics Limited American Depositary Shares,31055067.0,Health Care,Biotechnology: Pharmaceutical Preparations,,Australia,1949257.0,Nasdaq,False,False,,
ARAY,Accuray Incorporated Common Stock,31054220.0,Health Care,Medical/Dental Instruments,2007.0,United States,1138723.0,Nasdaq,False,True,3502.0,micro
NOMA,NOMADAR Corp. Class A Common Stock,30872729.0,Consumer Discretionary,Services-Misc. Amusement & Recreation,,United States,1994214.0,Nasdaq,False,True,3503.0,micro
FMST,Foremost Clean Energy Ltd. Common Shares,30686336.0,Basic Materials,Other Metals and Minerals,,Canada,1935418.0,Nasdaq,False,False,,
YI,111 Inc. American Depositary Shares,30613435.0,Consumer Staples,Retail-Drug Stores and Proprietary Stores,2018.0,China,1738906.0,Nasdaq,False,False,,
PSIG,PS International Group Ltd. Ordinary Shares,30607836.0,Industrials,Integrated Freight & Logistics,,Hong Kong,1997201.0,Nasdaq,False,False,,
IGC,IGC Pharma Inc. Common Stock,30591328.0,Health Care,Biotechnology: Pharmaceutical Preparations,,United States,1326205.0,NYSE,False,True,3504.0,micro
BCHT,Birchtech Corp. Common Stock,30514921.0,Industrials,Industrial Machinery/Components,2026.0,,728385.0,NYSE,False,False,,
EHTH,eHealth Inc. Common Stock,30456647.0,Finance,Specialty Insurers,2006.0,United States,1333493.0,Nasdaq,False,True,3505.0,micro
BRNS,Barinthus Biotherapeutics plc American Depositary Shares,30350727.0,Health Care,Biotechnology: Pharmaceutical Preparations,2021.0,United Kingdom,1828185.0,Nasdaq,False,False,,
SMJF,SMJ International Holdings Inc. Class A Ordinary Shares,30198450.0,Consumer Discretionary,RETAIL: Building Materials,2025.0,,2070954.0,NYSE,False,False,,
ESLA,Estrella Immunopharma Inc. Common Stock,30013526.0,Health Care,Biotechnology: Biological Products (No Diagnostic Substances),2021.0,United States,1844417.0,Nasdaq,False,True,3506.0,micro
GIXI,Gix Internet Ltd. Ordinary Shares,29908212.0,Technology,Computer Software: Prepackaged Software,,Israel,1782265.0,,False,False,,
GRAN,Grande Group Limited Class A Ordinary Shares,29887500.0,Finance,Finance: Consumer Services,2025.0,Hong Kong,2027722.0,Nasdaq,False,False,,
NNVC,NanoViricides Inc. Common Stock,29867003.0,Health Care,Biotechnology: Pharmaceutical Preparations,,United States,1379006.0,NYSE,False,True,3507.0,micro
WLDSW,Wearable Devices Ltd. Warrant,29516892.0,Telecommunications,Computer Communications Equipment,2022.0,Israel,1887673.0,Nasdaq,False,False,,
SPHL,Springview Holdings Ltd Class A Ordinary Shares,29428752.0,Consumer Discretionary,Homebuilding,2024.0,Singapore,2002236.0,Nasdaq,False,False,,
VAI,Valor Energy Incorporated Common Stock,29406128.0,Consumer Discretionary,Rental/Leasing Companies,2018.0,China,1711012.0,Nasdaq,False,False,,
CRWS,Crown Crafts Inc Common Stock,29375584.0,Consumer Discretionary,Textiles,,United States,25895.0,Nasdaq,False,True,3508.0,micro
DAIO,Data I/O Corporation Common Stock,29315668.0,Industrials,Electrical Products,1981.0,United States,351998.0,Nasdaq,False,True,3509.0,micro
QRHC,Quest Resource Holding Corporation Common Stock,29108141.0,Utilities,Environmental Services,,United States,1442236.0,Nasdaq,False,True,3510.0,micro
CVM,Cel-Sci Corporation Common Stock,29021829.0,Health Care,Biotechnology: Biological Products (No Diagnostic Substances),1997.0,United States,725363.0,NYSE,False,True,3511.0,micro
FKWL,Franklin Wireless Corp. Common Stock,28989329.0,Utilities,Telecommunications Equipment,,United States,722572.0,Nasdaq,False,True,3512.0,micro
JFU,9F Inc. American Depositary Shares,28962399.0,Finance,Finance: Consumer Services,2019.0,China,1619544.0,Nasdaq,False,False,,
CLIR,ClearSign Technologies Corporation Common Stock (DE),28931684.0,Industrials,Industrial Machinery/Components,2012.0,United States,1434524.0,Nasdaq,False,True,3513.0,micro
ASTI,Ascent Solar Technologies Inc. Common Stock,28860307.0,Technology,Semiconductors,,United States,1350102.0,Nasdaq,False,True,3514.0,micro
BIRD,Smartbird Inc. Class A Common Stock,28755385.0,Consumer Discretionary,Apparel,2021.0,United States,1653909.0,Nasdaq,False,True,3515.0,micro
TAOX,Tao Synergies Inc. Common Stock,28735649.0,Finance,Finance: Consumer Services,,United States,1571934.0,Nasdaq,False,True,3516.0,micro
KPLT,Katapult Holdings Inc. Common Stock,28690777.0,Consumer Discretionary,Diversified Commercial Services,2019.0,United States,1785424.0,Nasdaq,False,True,3517.0,micro
ATCH,AtlasClear Holdings Inc. Common Stock,28368738.0,Finance,Finance: Consumer Services,2024.0,,1963088.0,NYSE,False,False,,
USEA,United Maritime Corporation Common Stock,28328273.0,Consumer Discretionary,Marine Transportation,,Greece,1912847.0,Nasdaq,False,False,,
BIOX,Bioceres Crop Solutions Corp. Ordinary Shares,28263023.0,Industrials,Agricultural Chemicals,,Argentina,1769484.0,Nasdaq,False,False,,
MODD,Modular Medical Inc. Common Stock,28201848.0,Health Care,Medical/Dental Instruments,,United States,1074871.0,Nasdaq,False,True,3518.0,micro
MWYN,Marwynn Holdings Inc. Common stock,28070778.0,Consumer Discretionary,Food Distributors,2025.0,United States,2030522.0,Nasdaq,False,True,3519.0,micro
GIFT,Giftify Inc. Common Stock,28021314.0,Consumer Discretionary,Catalog/Specialty Distribution,,United States,1760233.0,Nasdaq,False,True,3520.0,micro
GPUS,Hyperscale Data Inc. Common Stock,27926330.0,Technology,Industrial Machinery/Components,1997.0,United States,896493.0,NYSE,False,True,3521.0,micro
EONR,EON Resources Inc. Class A Common Stock,27852355.0,Energy,Oil & Gas Production,2022.0,,1842556.0,NYSE,False,False,,
WHLRD,Wheeler Real Estate Investment Trust Inc. Series D Cumulative Preferred Stock,27793836.0,Real Estate,Real Estate Investment Trusts,,United States,1527541.0,Nasdaq,False,True,3522.0,micro
LIVE,Live Ventures Incorporated Common Stock,27706337.0,Consumer Discretionary,Other Specialty Stores,,United States,1045742.0,Nasdaq,False,True,3523.0,micro
AAME,Atlantic American Corporation Common Stock,27332286.0,Finance,Life Insurance,,United States,8177.0,Nasdaq,False,True,3524.0,micro
OPTH,Optimi Health Corp. Common Shares,27197868.0,Health Care,Biotechnology: Pharmaceutical Preparations,,Canada,2027329.0,Nasdaq,False,False,,
YAAS,Youxin Technology Ltd Class A Ordinary shares,27186322.0,Technology,Computer Software: Prepackaged Software,2024.0,China,1964946.0,Nasdaq,False,False,,
KTCC,Key Tronic Corporation Common Stock,26822394.0,Technology,Electrical Products,1983.0,United States,719733.0,Nasdaq,False,True,3525.0,micro
AVX,Avax One Technology Ltd. Common Shares,26704553.0,Finance,Finance: Consumer Services,2021.0,Canada,1826397.0,Nasdaq,False,False,,
AWRE,Aware Inc. Common Stock,26611417.0,Technology,Computer Software: Prepackaged Software,1996.0,United States,1015739.0,Nasdaq,False,True,3526.0,micro
PRT,PermRock Royalty Trust Units of Beneficial Interest,26521296.0,Energy,Oil & Gas Production,2018.0,United States,1724009.0,NYSE,False,True,3527.0,micro
LOCL,Local Bounti Corporation Common Stock,26185733.0,Consumer Staples,Farming/Seeds/Milling,2021.0,United States,1840780.0,NYSE,False,True,3528.0,micro
TXMD,TherapeuticsMD Inc. Common Stock,26158058.0,Health Care,Biotechnology: Pharmaceutical Preparations,,United States,25743.0,Nasdaq,False,True,3529.0,micro
JOB,GEE Group Inc. Common Stock,26094288.0,Consumer Discretionary,Diversified Commercial Services,1968.0,United States,40570.0,NYSE,False,True,3530.0,micro
PLRZ,Polyrizon Ltd. Ordinary Shares,26070577.0,Health Care,Medical/Dental Instruments,2024.0,Israel,1893645.0,Nasdaq,False,False,,
GRNQ,Greenpro Capital Corp. Common Stock,25995895.0,Consumer Discretionary,Professional Services,,China,1597846.0,Nasdaq,False,False,,
FEMY,Femasys Inc. Common Stock,25962584.0,Health Care,Medical/Dental Instruments,2021.0,United States,1339005.0,Nasdaq,False,True,3531.0,micro
TWG,Top Wealth Group Holding Limited Class A Ordinary Shares,25726086.0,Consumer Staples,Packaged Foods,2024.0,Hong Kong,1978057.0,Nasdaq,False,False,,
HKIT,Hitek Global Inc. Class A Ordinary Share,25626801.0,Technology,Computer Software: Prepackaged Software,2023.0,China,1742341.0,Nasdaq,False,False,,
EVAX,Evaxion A/S American Depositary Share,25604460.0,Health Care,Biotechnology: Biological Products (No Diagnostic Substances),2021.0,Denmark,1828253.0,Nasdaq,False,False,,
BEAT,Heartbeam Inc. Common Stock,25362762.0,Health Care,Medical/Dental Instruments,2021.0,United States,1779372.0,Nasdaq,False,True,3532.0,micro
FLD,Fold Holdings Inc. Class A Common Stock,25352029.0,Finance,Finance: Consumer Services,2025.0,United States,1889123.0,Nasdaq,False,True,3533.0,micro
NXPL,NextPlat Corp Common Stock,25124436.0,Telecommunications,Telecommunications Equipment,,United States,1058307.0,Nasdaq,False,True,3534.0,micro
BYSI,BeyondSpring Inc. Ordinary Shares,25124210.0,Health Care,Biotechnology: Pharmaceutical Preparations,2017.0,United States,1677940.0,Nasdaq,False,True,3535.0,micro
BRLS,Borealis Foods Inc. Class A Common Shares,25112068.0,Consumer Staples,Packaged Foods,2021.0,Canada,1852973.0,Nasdaq,False,False,,
TVRD,Tvardi Therapeutics Inc. Common Stock,25077213.0,Health Care,Biotechnology: Pharmaceutical Preparations,2014.0,United States,1346830.0,Nasdaq,False,True,3536.0,micro
NUR,Nuran Wireless Inc. Common Shares,25069930.0,,,,Canada,1680637.0,Nasdaq,False,False,,
LOOP,Loop Industries Inc. Common Stock,24935243.0,Industrials,Major Chemicals,,Canada,1504678.0,Nasdaq,False,False,,
QNTM,Quantum Biopharma Ltd. Class B Subordinate Voting Shares,24909565.0,Health Care,Biotechnology: Pharmaceutical Preparations,,Canada,1771885.0,Nasdaq,False,False,,
GYGY,Game Your Game Inc. Common Stock,24898160.0,Technology,Computer Software: Prepackaged Software,,United States,2111846.0,Nasdaq,False,True,3537.0,micro
MF,MindForge Inc. Class A Ordinary Shares,24866516.0,Technology,Computer Software: Programming Data Processing,2024.0,China,1888525.0,Nasdaq,False,False,,
CCHH,CCH Holdings Ltd Class A Ordinary Shares,24769659.0,Consumer Discretionary,Restaurants,2025.0,Malaysia,2074123.0,Nasdaq,False,False,,
YQ,17 Education & Technology Group Inc. American Depositary Shares,24750969.0,Real Estate,Other Consumer Services,2020.0,China,1821468.0,Nasdaq,False,False,,
GRDX,GridAI Technologies Corp. Common Stock,24673686.0,Health Care,Biotechnology: Pharmaceutical Preparations,2016.0,United States,1604191.0,Nasdaq,False,True,3538.0,micro
LTRN,Lantern Pharma Inc. Common Stock,24673402.0,Health Care,Biotechnology: Pharmaceutical Preparations,2020.0,United States,1763950.0,Nasdaq,False,True,3539.0,micro
SNAL,Snail Inc. Class A Common Stock,24628480.0,Technology,Computer Software: Prepackaged Software,2022.0,United States,1886894.0,Nasdaq,False,True,3540.0,micro
ATOS,Atossa Therapeutics Inc. Common Stock,24549073.0,Health Care,Biotechnology: Pharmaceutical Preparations,2012.0,United States,1488039.0,Nasdaq,False,True,3541.0,micro
HUBC,Hub Cyber Security Ltd. Ordinary Shares,24544829.0,Telecommunications,Computer Communications Equipment,,Israel,1905660.0,Nasdaq,False,False,,
AYTU,Aytu BioPharma Inc.  Common Stock,24471714.0,Health Care,Biotechnology: Pharmaceutical Preparations,,United States,1385818.0,Nasdaq,False,True,3542.0,micro
EDHL,Everbright Digital Holding Limited Ordinary Shares,24433028.0,Consumer Discretionary,Advertising,2025.0,Hong Kong,2024876.0,Nasdaq,False,False,,
TRSG,Tungray Technologies Inc Class A Ordinary Shares,24203158.0,Industrials,Industrial Machinery/Components,2024.0,Singapore,1943444.0,Nasdaq,False,False,,
TCRX,TScan Therapeutics Inc. Common Stock,24200866.0,Health Care,Biotechnology: Biological Products (No Diagnostic Substances),2021.0,United States,1783328.0,Nasdaq,False,True,3543.0,micro
CTSO,Cytosorbents Corporation Common Stock,24119047.0,Health Care,Medical/Dental Instruments,,United States,1175151.0,Nasdaq,False,True,3544.0,micro
PAPL,Pineapple Financial Inc. Common Stock,24113776.0,Finance,Finance: Consumer Services,,,1938109.0,NYSE,False,False,,
MERC,Mercer International Inc. Common Stock,24012561.0,Basic Materials,Paper,,Canada,1333274.0,Nasdaq,False,False,,
UPC,Universe Pharmaceuticals Inc. Class A Ordinary Shares,23966340.0,Health Care,Biotechnology: Pharmaceutical Preparations,2021.0,China,1809616.0,Nasdaq,False,False,,
WIMI,WiMi Hologram Cloud Inc. Class B Ordinary Shares,23900570.0,Technology,Computer Software: Prepackaged Software,2020.0,China,1770088.0,Nasdaq,False,False,,
LGPS,LogProstyle Inc. Common Shares,23846979.0,Consumer Discretionary,Homebuilding,2025.0,,2040290.0,NYSE,False,False,,
STAK,STAK Inc. Class A Ordinary Shares,23820833.0,Consumer Discretionary,Oil and Gas Field Machinery,2025.0,China,2002453.0,Nasdaq,False,False,,
GTEC,Greenland Technologies Holding Corporation Class A Ordinary Shares,23674792.0,Industrials,Industrial Machinery/Components,2018.0,China,1735041.0,Nasdaq,False,False,,
FEDU,Four Seasons Education (Cayman) Inc. American Depositary Shares each ADS representing 10 ordinary shares,23586798.0,Real Estate,Other Consumer Services,2017.0,,1709819.0,NYSE,False,False,,
ORIO,Orion Digital Corp. Common Shares,23543190.0,Finance,Finance: Consumer Services,,Canada,1602842.0,Nasdaq,False,False,,
JSPR,Jasper Therapeutics Inc. Common Stock,23455238.0,Health Care,Biotechnology: Biological Products (No Diagnostic Substances),2020.0,United States,1788028.0,Nasdaq,False,True,3545.0,micro
GRML,Greenland Mines Ltd. Common Stock,23423707.0,Health Care,Biotechnology: Biological Products (No Diagnostic Substances),2022.0,United States,1907223.0,Nasdaq,False,True,3546.0,micro
KMRK,K-Tech Solutions Company Limited Class A Ordinary Shares,23421000.0,Consumer Discretionary,Recreational Games/Products/Toys,2025.0,Hong Kong,2049187.0,Nasdaq,False,False,,
RPGL,Republic Power Group Limited Class A Ordinary Shares,23414439.0,Technology,Computer Software: Prepackaged Software,2025.0,Singapore,1912884.0,Nasdaq,False,False,,
SKYQ,Sky Quarry Inc. Common Stock,23408484.0,Industrials,Environmental Services,2024.0,United States,1812447.0,Nasdaq,False,True,3547.0,micro
BLIV,BeLive Holdings Ordinary Share,23359324.0,Technology,EDP Services,2025.0,Singapore,1982448.0,Nasdaq,False,False,,
ABVC,ABVC BioPharma Inc. Common Stock,23042699.0,Health Care,Biotechnology: Pharmaceutical Preparations,,United States,1173313.0,Nasdaq,False,True,3548.0,micro
CLRB,Cellectar Biosciences Inc.  Common Stock,22968622.0,Health Care,Biotechnology: Pharmaceutical Preparations,,United States,1279704.0,Nasdaq,False,True,3549.0,micro
INLX,Intellinetics Inc. Common Stock,22924469.0,Technology,Computer Software: Prepackaged Software,2022.0,,1081745.0,NYSE,False,False,,
BCG,Binah Capital Group Inc. Common Stock,22860576.0,Finance,Finance: Consumer Services,,United States,1953984.0,Nasdaq,False,True,3550.0,micro
PTN,Palatin Technologies Inc. Common Stock,22845891.0,Health Care,Biotechnology: Pharmaceutical Preparations,,United States,911216.0,Nasdaq,False,True,3551.0,micro
EXYN,Exyn Technologies Inc. Common Stock,22827857.0,Technology,Computer Software: Prepackaged Software,2026.0,United States,1960355.0,Nasdaq,False,True,3552.0,micro
TGHL,The GrowHub Limited Class A Ordinary Shares,22741999.0,Technology,EDP Services,2025.0,Singapore,2024114.0,Nasdaq,False,False,,
BFRI,Biofrontera Inc. Common Stock,22575586.0,Health Care,Biotechnology: Pharmaceutical Preparations,2021.0,United States,1858685.0,Nasdaq,False,True,3553.0,micro
COSM,Cosmos Health Inc. Common Stock,22572155.0,Health Care,Other Pharmaceuticals,,United States,1474167.0,Nasdaq,False,True,3554.0,micro
EPOW,E-Power Inc. Class A Ordinary Shares,22466057.0,Miscellaneous,Industrial Machinery/Components,2021.0,China,1780731.0,Nasdaq,False,False,,
ALLR,Allarity Therapeutics Inc. Common Stock,22434121.0,Health Care,Biotechnology: Pharmaceutical Preparations,,United States,1860657.0,Nasdaq,False,True,3555.0,micro
COCP,Cocrystal Pharma Inc. Common Stock,22345312.0,Health Care,Biotechnology: Pharmaceutical Preparations,,United States,1412486.0,Nasdaq,False,True,3556.0,micro
CNSY,Cerenome Inc. Common Stock ,22313498.0,Health Care,Medical/Dental Instruments,,United States,1095981.0,Nasdaq,False,True,3557.0,micro
FTHM,Fathom Holdings Inc. Common Stock,22149187.0,Finance,Real Estate,2020.0,United States,1753162.0,Nasdaq,False,True,3558.0,micro
CKX,CKX Lands Inc. Common Stock,22132731.0,Energy,Oil & Gas Production,2003.0,United States,352955.0,NYSE,False,True,3559.0,micro
CTRM,Castor Maritime Inc. Common Shares,22126791.0,Consumer Discretionary,Marine Transportation,,Cyprus,1720161.0,Nasdaq,False,False,,
UONE,Urban One Inc. Class A Common Stock,22013378.0,Consumer Discretionary,Broadcasting,,United States,1041657.0,Nasdaq,False,True,3560.0,micro
CDLX,Cardlytics Inc. Common Stock,21906024.0,Technology,Computer Software: Programming Data Processing,2018.0,United States,1666071.0,Nasdaq,False,True,3561.0,micro
NTRP,NextTrip Inc. Common Stock,21874846.0,Consumer Discretionary,Transportation Services,,United States,788611.0,Nasdaq,False,True,3562.0,micro
ENLV,Enlivex Ltd. Ordinary Shares,21856828.0,Health Care,Biotechnology: Pharmaceutical Preparations,2014.0,Israel,1596812.0,Nasdaq,False,False,,
LEXX,Lexaria Bioscience Corp. Common Stock,21821500.0,Health Care,Biotechnology: Pharmaceutical Preparations,,Canada,1348362.0,Nasdaq,False,False,,
PRZO,ParaZero Technologies Ltd. Ordinary Shares,21743700.0,Industrials,Military/Government/Technical,2023.0,Israel,1916241.0,Nasdaq,False,False,,
PSHG,Performance Shipping Inc. Common Shares,21630737.0,Consumer Discretionary,Marine Transportation,,Greece,1481241.0,Nasdaq,False,False,,
LGVN,Longeveron Inc. Class A Common Stock,21615989.0,Health Care,Biotechnology: Pharmaceutical Preparations,2021.0,United States,1721484.0,Nasdaq,False,True,3563.0,micro
UCAR,U Power Limited Class A Ordinary Shares,21615191.0,Miscellaneous,Industrial Machinery/Components,2023.0,China,1939780.0,Nasdaq,False,False,,
RVP,Retractable Technologies Inc. Common Stock,21554754.0,Health Care,Medical/Dental Instruments,2001.0,United States,946563.0,NYSE,False,True,3564.0,micro
UTSI,UTStarcom Holdings Corp. Ordinary Shares,21551630.0,Telecommunications,Telecommunications Equipment,2000.0,China,1030471.0,Nasdaq,False,False,,
TLF,Tandy Leather Factory Inc. Common Stock,21463237.0,Consumer Discretionary,Apparel,,United States,909724.0,Nasdaq,False,True,3565.0,micro
DUO,Fangdd Network Group Ltd. Class A Ordinary Shares,21367385.0,Finance,Real Estate,2019.0,China,1750593.0,Nasdaq,False,False,,
CYCN,Cyclerion Therapeutics Inc. Common Stock,21159707.0,Health Care,Biotechnology: Pharmaceutical Preparations,,United States,1755237.0,Nasdaq,False,True,3566.0,micro
DYAI,Dyadic International Inc. Common Stock,21001393.0,Health Care,Biotechnology: Biological Products (No Diagnostic Substances),,United States,1213809.0,Nasdaq,False,True,3567.0,micro
RECT,Rectitude Holdings Ltd Ordinary Shares,20979126.0,Consumer Discretionary,Industrial Machinery/Components,2024.0,Singapore,1995116.0,Nasdaq,False,False,,
INTZ,Intrusion Inc. Common Stock,20953445.0,Telecommunications,Computer Communications Equipment,,United States,736012.0,Nasdaq,False,True,3568.0,micro
OPAD,Offerpad Solutions Inc. Class A Common Stock,20925803.0,Finance,Real Estate,,United States,1825024.0,Nasdaq,False,True,3569.0,micro
MRKR,Marker Therapeutics Inc. Common Stock,20841409.0,Health Care,Biotechnology: Pharmaceutical Preparations,,United States,1094038.0,Nasdaq,False,True,3570.0,micro
BTCT,BTC Digital Ltd. Ordinary Shares,20768998.0,Finance,Finance: Consumer Services,,China,1796514.0,Nasdaq,False,False,,
LFWD,Lifeward Ltd. Ordinary Shares,20560436.0,Health Care,Industrial Specialties,2014.0,Israel,1607962.0,Nasdaq,False,False,,
PSQH,PSQ Holdings Inc. Class A Common Stock,20536696.0,Consumer Discretionary,Advertising,2021.0,,1847064.0,NYSE,False,False,,
MXC,Mexco Energy Corporation Common Stock,20357700.0,Energy,Oil & Gas Production,2003.0,United States,66418.0,NYSE,False,True,3571.0,micro
NEUP,Neuphoria Therapeutics Inc. Common Stock,20267066.0,Health Care,Biotechnology: Pharmaceutical Preparations,2021.0,United States,1191070.0,Nasdaq,False,True,3572.0,micro
ACCS,ACCESS Newswire Inc. Common Stock,20246438.0,Consumer Discretionary,Professional Services,,United States,843006.0,NYSE,False,True,3573.0,micro
DETX,Liberty Defense Holdings Ltd. Common Shares,20232405.0,Industrials,Industrial Machinery/Components,,United States,1919776.0,Nasdaq,False,True,3574.0,micro
CCM,Concord Medical Services Holdings Limited American Depositary Shares (Each represents thirty (30) Class A ordinary shares),20189012.0,Health Care,Medical/Nursing Services,2024.0,China,1472072.0,NYSE,False,False,,
ILLR,Triller Group Inc. Common Stock,20186217.0,Finance,Investment Managers,2019.0,United States,1769624.0,Nasdaq,False,True,3575.0,micro
AHT,Ashford Hospitality Trust Inc Common Stock,20185820.0,Real Estate,Real Estate Investment Trusts,2003.0,United States,1232582.0,NYSE,False,True,3576.0,micro
SCAG,Scage Future American Depositary Shares,20185487.0,Consumer Discretionary,Construction/Ag Equipment/Trucks,,China,2000366.0,Nasdaq,False,False,,
BESS,Bimergen Energy Corporation Common Stock,20015156.0,Utilities,Electric Utilities: Central,2026.0,,1066764.0,NYSE,False,False,,
BTLN,Brightline Interactive Inc. Common Stock,19962907.0,Technology,EDP Services,2021.0,United States,1854445.0,Nasdaq,False,True,3577.0,micro
MNDO,MIND C.T.I. Ltd. Ordinary Shares,19912666.0,Technology,EDP Services,,Israel,1119083.0,Nasdaq,False,False,,
MDRR,Medalist Diversified Inc. Common Stock,19867537.0,Real Estate,Real Estate Investment Trusts,2018.0,United States,1654595.0,Nasdaq,False,True,3578.0,micro
HODO,House of Doge Inc. Common Stock,19799376.0,Finance,Finance: Consumer Services,2025.0,United States,1903595.0,Nasdaq,False,True,3579.0,micro
CMMB,Chemomab Therapeutics Ltd. American Depositary Share,19780510.0,Health Care,Biotechnology: Pharmaceutical Preparations,2019.0,Israel,1534248.0,Nasdaq,False,False,,
AKTX,Akari Therapeutics plc ADS,19761867.0,Health Care,Biotechnology: Pharmaceutical Preparations,,United Kingdom,1541157.0,Nasdaq,False,False,,
EPSM,Epsium Enterprise Limited Class A Ordinary Shares,19741816.0,Consumer Staples,Beverages (Production/Distribution),2025.0,Macau,1883437.0,Nasdaq,False,False,,
BRFH,Barfresh Food Group Inc. Common Stock,19732888.0,Consumer Staples,Packaged Foods,,United States,1487197.0,Nasdaq,False,True,3580.0,micro
JVA,Coffee Holding Co. Inc. Common Stock,19694667.0,Consumer Staples,Packaged Foods,2005.0,United States,1007019.0,Nasdaq,False,True,3581.0,micro
SVRN,SVRN Inc. Common Stock,19658552.0,Consumer Discretionary,Marine Transportation,,Greece,1869467.0,Nasdaq,False,False,,
VWAV,VisionWave Holdings Inc. Common Stock,19635736.0,Technology,Computer Software: Prepackaged Software,,United States,2038439.0,Nasdaq,False,True,3582.0,micro
NIKI,Niki BioSolutions Inc. Common Stock,19424311.0,Industrials,Industrial Machinery/Components,2018.0,Hong Kong,1734005.0,Nasdaq,False,False,,
LPCN,Lipocine Inc. Common Stock,19415216.0,Health Care,Biotechnology: Pharmaceutical Preparations,,United States,1535955.0,Nasdaq,False,True,3583.0,micro
DUKR,DUKE Robotics Corp. Common Stock,19391035.0,Industrials,Aerospace,,Israel,1638911.0,Nasdaq,False,False,,
KTTA,Pasithea Therapeutics Corp. Common Stock,19390404.0,Health Care,Biotechnology: Pharmaceutical Preparations,2021.0,United States,1841330.0,Nasdaq,False,True,3584.0,micro
NCEL,NewcelX Ltd. Ordinary Shares,19350029.0,Health Care,Biotechnology: Pharmaceutical Preparations,2021.0,Switzerland,1783036.0,Nasdaq,False,False,,
NYC,American Strategic Investment Co. Class A Common Stock,19329792.0,Real Estate,Real Estate Investment Trusts,2020.0,,1595527.0,NYSE,False,False,,
CRMT,America's Car-Mart Inc Common Stock,19319589.0,Consumer Discretionary,Retail-Auto Dealers and Gas Stations,,United States,799850.0,Nasdaq,False,True,3585.0,micro
SPPL,SIMPPLE LTD. Ordinary Shares,19278782.0,Consumer Discretionary,Diversified Commercial Services,2023.0,Singapore,1948697.0,Nasdaq,False,False,,
AZIO,Azio AI Holdings Inc. Common Stock,19267382.0,Consumer Discretionary,Auto Parts:O.E.M.,,United States,1563568.0,Nasdaq,False,True,3586.0,micro
SDOT,Sadot Group Inc. Common Stock,19232826.0,Consumer Discretionary,Restaurants,2020.0,United States,1701756.0,Nasdaq,False,True,3587.0,micro
ANY,Sphere 3D Corp. Common Shares,19063547.0,Finance,Finance: Consumer Services,,Canada,1591956.0,Nasdaq,False,False,,
VNTG,Vantage Corp Class A Ordinary Shares,19006686.0,Industrials,Integrated Freight & Logistics,2025.0,Singapore,2027160.0,NYSE,False,False,,
PBK,PowerBank Corporation Common Stock,18998716.0,Utilities,Power Generation,,Canada,2011053.0,Nasdaq,False,False,,
ARKR,Ark Restaurants Corp. Common Stock,18932324.0,Consumer Discretionary,Restaurants,,United States,779544.0,Nasdaq,False,True,3588.0,micro
SLGB,Smart Logistics Global Limited Class A Ordinary Shares,18900000.0,Industrials,Integrated Freight & Logistics,2025.0,Hong Kong,1987189.0,Nasdaq,False,False,,
MYND,Mynd.ai Inc. American Depositary Shares,18857842.0,Technology,Computer peripheral equipment,2017.0,,1708441.0,NYSE,False,False,,
AIFA,All In FutureTech Alliance Inc. Common Stock,18811526.0,Consumer Discretionary,Services-Misc. Amusement & Recreation,2017.0,United States,1708341.0,Nasdaq,False,True,3589.0,micro
MSGM,Motorsport Games Inc. Class A Common Stock,18722312.0,Technology,Computer Software: Prepackaged Software,2021.0,United States,1821175.0,Nasdaq,False,True,3590.0,micro
FOFO,Hang Feng Technology Innovation Co. Ltd. Ordinary Shares,18700563.0,Consumer Discretionary,Professional Services,2025.0,Hong Kong,2060083.0,Nasdaq,False,False,,
DSY,Big Tree Cloud Holdings Limited Class A Ordinary Shares,18674857.0,Consumer Discretionary,Containers/Packaging,,China,1999297.0,Nasdaq,False,False,,
MDCXW,Medicus Pharma Ltd. Warrant,18652094.0,Health Care,Biotechnology: Pharmaceutical Preparations,,Canada,1997296.0,Nasdaq,False,False,,
PMEC,Primech Holdings Ltd. Ordinary Shares,18632724.0,Consumer Discretionary,Diversified Commercial Services,2023.0,Singapore,1891944.0,Nasdaq,False,False,,
LICN,Lichen International Limited Class A Ordinary Shares,18573612.0,Consumer Discretionary,Professional Services,2023.0,China,1876766.0,Nasdaq,False,False,,
BMR,Beamr Imaging Ltd. Ordinary Share,18480526.0,Technology,Computer Software: Prepackaged Software,2023.0,Israel,1899005.0,Nasdaq,False,False,,
FOXX,Foxx Development Holdings Inc. Common Stock,18447923.0,Telecommunications,Computer Communications Equipment,,United States,2013807.0,Nasdaq,False,True,3591.0,micro
MOBX,Mobix Labs Inc. Class A Common Stock,18241801.0,Technology,Semiconductors,2021.0,United States,1855467.0,Nasdaq,False,True,3592.0,micro
LIQT,LiqTech International Inc. Common Stock,18203682.0,Technology,Industrial Machinery/Components,,Denmark,1307579.0,Nasdaq,False,False,,
TPST,Tempest Therapeutics Inc. Common Stock,18193744.0,Health Care,Biotechnology: Pharmaceutical Preparations,,United States,1544227.0,Nasdaq,False,True,3593.0,micro
UFG,Uni-Fuels Holdings Limited Class A Ordinary Shares,18193386.0,Energy,Oil Refining/Marketing,2025.0,Singapore,2021688.0,Nasdaq,False,False,,
LHAI,Linkhome Holdings Inc. Common stock,18183000.0,Finance,Real Estate,2025.0,United States,2017758.0,Nasdaq,False,True,3594.0,micro
IDAI,T Stamp Inc. Class A Common Stock,18102124.0,Technology,Computer Software: Prepackaged Software,,United States,1718939.0,Nasdaq,False,True,3595.0,micro
FABC,Fabric.AI Inc. Common Stock,17789177.0,Consumer Discretionary,Telecommunications Equipment,,United States,1086745.0,Nasdaq,False,True,3596.0,micro
FENG,Phoenix New Media Limited American Depositary Shares each representing 48 Class A ordinary shares.,17654640.0,Industrials,Broadcasting,2011.0,China,1509646.0,NYSE,False,False,,
EFOI,Energy Focus Inc. Common Stock,17642745.0,Consumer Discretionary,Building Products,,United States,924168.0,Nasdaq,False,True,3597.0,micro
NIXX,Nixxy Inc. Common Stock,17570792.0,Technology,EDP Services,,United States,1462223.0,Nasdaq,False,True,3598.0,micro
LRE,Lead Real Estate Co. Ltd American Depositary Shares,17540755.0,Consumer Discretionary,Homebuilding,2023.0,Japan,1888980.0,Nasdaq,False,False,,
SMX,SMX (Security Matters) Public Limited Company Ordinary Shares,17539979.0,Technology,Industrial Machinery/Components,,Ireland,1940674.0,Nasdaq,False,False,,
PLUR,Pluri Inc. Common Stock,17529525.0,Health Care,Biotechnology: Biological Products (No Diagnostic Substances),,Israel,1158780.0,Nasdaq,False,False,,
GWH,ESS Tech Inc. Common Stock,17358030.0,Miscellaneous,Industrial Machinery/Components,,United States,1819438.0,NYSE,False,True,3599.0,micro
RKTO,Rocket One Inc. Common Stock,17214188.0,Health Care,Biotechnology: Pharmaceutical Preparations,2019.0,United States,1711786.0,Nasdaq,False,True,3600.0,micro
BIVI,BioVie Inc. Class A Common Stock,17155830.0,Health Care,Biotechnology: Pharmaceutical Preparations,,United States,1580149.0,Nasdaq,False,True,3601.0,micro
FUSE,Fusemachines Inc. Common stock,17124516.0,Technology,EDP Services,,United States,2033383.0,Nasdaq,False,True,3602.0,micro
YXT,YXT.COM GROUP HOLDING LIMITED American Depository Shares,17120589.0,Technology,Computer Software: Prepackaged Software,2024.0,China,1872090.0,Nasdaq,False,False,,
MGIH,Millennium Group International Holdings Limited Ordinary Shares,17100000.0,Consumer Discretionary,Publishing,2023.0,Hong Kong,1903995.0,Nasdaq,False,False,,
JL,J-Long Group Limited Class A Ordinary Shares,17077313.0,Consumer Discretionary,Clothing/Shoe/Accessory Stores,2024.0,Hong Kong,1948436.0,Nasdaq,False,False,,
PASW,Ping An Biomedical Co. Ltd. Class A Ordinary Shares,17025985.0,Consumer Discretionary,Apparel,1999.0,Hong Kong,1897532.0,Nasdaq,False,False,,
TLIH,Ten-League International Holdings Limited Ordinary Shares,16995714.0,Consumer Discretionary,Industrial Specialties,2025.0,Singapore,1982012.0,Nasdaq,False,False,,
AIFF,Firefly Neuroscience Inc. Common Stock,16945541.0,Technology,Computer Software: Prepackaged Software,,United States,803578.0,Nasdaq,False,True,3603.0,micro
JF,J and Friends Holdings Limited American Depositary Shares,16927962.0,Technology,Computer Software: Programming Data Processing,2018.0,China,1716338.0,Nasdaq,False,False,,
TMDE,TMD Energy Limited Ordinary Shares,16924383.0,Energy,Oil Refining/Marketing,2025.0,,2009714.0,NYSE,False,False,,
ATCX,Atlas Critical Minerals Corporation Common Stock,16902092.0,Basic Materials,Precious Metals,,Brazil,1684688.0,Nasdaq,False,False,,
BCDA,BioCardia Inc. Common Stock,16804048.0,Health Care,Biotechnology: Biological Products (No Diagnostic Substances),,United States,925741.0,Nasdaq,False,True,3604.0,micro
JDZG,JIADE LIMITED Class A Ordinary Shares,16728968.0,Real Estate,Other Consumer Services,2024.0,China,1976908.0,Nasdaq,False,False,,
PRPL,Purple Innovation Inc. Common Stock,16672407.0,Consumer Discretionary,Home Furnishings,2015.0,United States,1643953.0,Nasdaq,False,True,3605.0,micro
PBM,Psyence Biomedical Ltd. Common Shares,16668613.0,Health Care,Biotechnology: Pharmaceutical Preparations,,Canada,1985062.0,Nasdaq,False,False,,
MRNO,Murano Global Investments PLC Ordinary Shares,16641003.0,Consumer Discretionary,Hotels/Resorts,,Mexico,1988776.0,Nasdaq,False,False,,
PMA,Ming Shing Group Holdings Limited Ordinary Shares,16608000.0,Consumer Discretionary,Engineering & Construction,2024.0,Hong Kong,1956166.0,Nasdaq,False,False,,
ADIL,Adial Pharmaceuticals Inc Common Stock,16595625.0,Health Care,Biotechnology: Pharmaceutical Preparations,2018.0,United States,1513525.0,Nasdaq,False,True,3606.0,micro
PLSM,Pulsenmore Ltd. Ordinary Shares,16582252.0,Health Care,Medical/Dental Instruments,,Israel,2064764.0,Nasdaq,False,False,,
BBLGW,Bone Biologics Corp Warrants,16536342.0,Health Care,Industrial Specialties,,United States,1419554.0,Nasdaq,False,True,3607.0,micro
IPM,Intelligent Protection Management Corp. Common Stock ,16535384.0,Technology,Computer Software: Programming Data Processing,,United States,1355839.0,Nasdaq,False,True,3608.0,micro
PETZ,TDH Holdings Inc. Common Shares,16517229.0,Finance,Real Estate,2017.0,China,1684425.0,Nasdaq,False,False,,
HTOO,Fusion Fuel Green PLC Class A Ordinary Shares,16427812.0,Technology,Industrial Machinery/Components,,Ireland,1819794.0,Nasdaq,False,False,,
FTFT,Future FinTech Group Inc. Common Stock,16406250.0,Consumer Discretionary,Business Services,,China,1066923.0,Nasdaq,False,False,,
ONEG,OneConstruction Group Limited Ordinary Shares,16400000.0,Consumer Discretionary,Homebuilding,2024.0,Hong Kong,2030834.0,Nasdaq,False,False,,
GTIM,Good Times Restaurants Inc. Common Stock,16364739.0,Consumer Discretionary,Restaurants,,United States,825324.0,Nasdaq,False,True,3609.0,micro
CHOW,ChowChow Cloud International Holdings Limited Ordinary Shares,16265067.0,Technology,Computer Software: Prepackaged Software,2025.0,,2041829.0,NYSE,False,False,,
HTCO,High-Trend International Group Class A Ordinary Shares,16212778.0,Consumer Discretionary,Marine Transportation,,Singapore,1928948.0,Nasdaq,False,False,,
ADVB,Advanced Biomed Inc. Common Stock,16141339.0,Health Care,Medical Specialities,2025.0,Taiwan,1941029.0,Nasdaq,False,False,,
WETH,Wetouch Technology Inc. Common Stock,16057841.0,Technology,Computer peripheral equipment,,China,1826660.0,Nasdaq,False,False,,
MDBH,MDB Capital Holdings LLC Class A common,16043964.0,Finance,Finance: Consumer Services,2023.0,United States,1934642.0,Nasdaq,False,True,3610.0,micro
XCH,XCHG Limited American Depositary Share,16023691.0,Miscellaneous,Industrial Machinery/Components,2024.0,Germany,1979887.0,Nasdaq,False,False,,
SMSI,Smith Micro Software Inc. Common Stock,15931158.0,Technology,Computer Software: Prepackaged Software,1995.0,United States,948708.0,Nasdaq,False,True,3611.0,micro
CTXR,Citius Pharmaceuticals Inc. Common Stock,15908764.0,Health Care,Biotechnology: Pharmaceutical Preparations,,United States,1506251.0,Nasdaq,False,True,3612.0,micro
AUST,Austin Gold Corp. Common Shares,15883881.0,Basic Materials,Precious Metals,2022.0,,1817740.0,NYSE,False,False,,
MOGU,MOGU Inc. American Depositary Shares (each  representing 25 Class A Ordinary Shares),15875588.0,Consumer Discretionary,Business Services,2018.0,,1743971.0,NYSE,False,False,,
UUU,Universal Safety Products Inc. Common Stock,15869146.0,Technology,Electronic Components,2003.0,United States,102109.0,NYSE,False,True,3613.0,micro
COOT,Australian Oilseeds Holdings Limited Ordinary Shares,15807065.0,Consumer Staples,Packaged Foods,,Australia,1959994.0,Nasdaq,False,False,,
HPAI,Helport AI Limited Ordinary Shares,15789114.0,Technology,Computer Software: Prepackaged Software,,Singapore,2001699.0,Nasdaq,False,False,,
GIGM,GigaMedia Limited Ordinary Shares,15694174.0,Technology,Computer Software: Programming Data Processing,,Taiwan,1105101.0,Nasdaq,False,False,,
QCLS,Q/C Technologies Inc. Common Stock,15642591.0,Health Care,Biotechnology: In Vitro & In Vivo Diagnostic Substances,2014.0,United States,1321834.0,Nasdaq,False,True,3614.0,micro
TULP,Bloomia Holdings Inc. Common Stock,15606261.0,Consumer Staples,Farming/Seeds/Milling,,United States,875355.0,Nasdaq,False,True,3615.0,micro
ARTW,Art's-Way Manufacturing Co. Inc. Common Stock,15604158.0,Industrials,Industrial Machinery/Components,,United States,7623.0,Nasdaq,False,True,3616.0,micro
AIXC,AIxCrypto Holdings Inc. Common Stock,15601180.0,Finance,Finance: Consumer Services,2015.0,United States,1460702.0,Nasdaq,False,True,3617.0,micro
RAY,Raytech Holding Limited Ordinary Shares,15568069.0,Consumer Discretionary,Consumer Electronics/Appliances,2024.0,Hong Kong,1948443.0,Nasdaq,False,False,,
NRSN,NeuroSense Therapeutics Ltd. Ordinary Shares,15514313.0,Health Care,Biotechnology: Pharmaceutical Preparations,2021.0,Israel,1875091.0,Nasdaq,False,False,,
LEDS,SemiLEDS Corporation Common Stock,15471264.0,Technology,Semiconductors,2010.0,Taiwan,1333822.0,Nasdaq,False,False,,
EBON,Ebang International Holdings Inc. Class A Ordinary Shares,15452855.0,Finance,Investment Bankers/Brokers/Service,2020.0,China,1799290.0,Nasdaq,False,False,,
SUNE,SUNation Energy Inc. Common Stock,15436066.0,Consumer Discretionary,Engineering & Construction,,United States,22701.0,Nasdaq,False,True,3618.0,micro
DFNS,T3 Defense Inc. Common Stock,15406844.0,Consumer Discretionary,Professional Services,2020.0,United States,1787518.0,Nasdaq,False,True,3619.0,micro
OFAL,OFA Group Class A Ordinary Shares,15332645.0,Consumer Discretionary,Military/Government/Technical,2025.0,Hong Kong,2036307.0,Nasdaq,False,False,,
HIND,Vyome Holdings Inc. Common Stock,15300391.0,Health Care,Biotechnology: Pharmaceutical Preparations,2016.0,United States,1427570.0,Nasdaq,False,True,3620.0,micro
DLPN,Dolphin Entertainment Inc. Common Stock,15239895.0,Consumer Discretionary,Other Consumer Services,,United States,1282224.0,Nasdaq,False,True,3621.0,micro
NMTC,NeuroOne Medical Technologies Corporation Common Stock,15206624.0,Health Care,Medical/Dental Instruments,,United States,1500198.0,Nasdaq,False,True,3622.0,micro
TDTH,Trident Digital Tech Holdings Ltd Class B Ordinary Shares,15200682.0,Consumer Discretionary,Business Services,2024.0,Singapore,1983550.0,Nasdaq,False,False,,
SCNX,Scienture Holdings Inc. Common Stock,15193734.0,Health Care,Biotechnology: Pharmaceutical Preparations,,United States,1382574.0,Nasdaq,False,True,3623.0,micro
CABR,Caring Brands Inc. Common Stock,15137610.0,Consumer Discretionary,Package Goods/Cosmetics,,United States,2020737.0,Nasdaq,False,True,3624.0,micro
DFLI,Dragonfly Energy Holdings Corp. Common Stock (NV),15128591.0,Miscellaneous,Industrial Machinery/Components,2021.0,United States,1847986.0,Nasdaq,False,True,3625.0,micro
RCT,RedCloud Holdings plc Ordinary Shares,15125792.0,Technology,Computer Software: Programming Data Processing,2025.0,United Kingdom,2027360.0,Nasdaq,False,False,,
MYSE,Myseum.AI Inc. Common Stock,15017683.0,Telecommunications,Telecommunications Equipment,2021.0,United States,1648960.0,Nasdaq,False,True,3626.0,micro
HUIZ,Huize Holding Limited American Depositary Shares,14956992.0,Finance,Specialty Insurers,2020.0,China,1778982.0,Nasdaq,False,False,,
BNGO,Bionano Genomics Inc. Common Stock,14956790.0,Industrials,Biotechnology: Laboratory Analytical Instruments,2018.0,United States,1411690.0,Nasdaq,False,True,3627.0,micro
ASTC,Astrotech Corporation (DE) Common Stock,14932318.0,Industrials,Biotechnology: Laboratory Analytical Instruments,,United States,1001907.0,Nasdaq,False,True,3628.0,micro
PASG,Passage Bio Inc. Common Stock,14834104.0,Health Care,Biotechnology: Biological Products (No Diagnostic Substances),2020.0,United States,1787297.0,Nasdaq,False,True,3629.0,micro
FRTT,Fort Technology Inc. Common Shares,14806413.0,Industrials,Agricultural Chemicals,,Canada,2092967.0,Nasdaq,False,False,,
DDC,DDC Enterprise Limited Class A Ordinary Shares,14783382.0,Consumer Staples,Packaged Foods,2023.0,,1808110.0,NYSE,False,False,,
UCL,uCloudlink Group Inc. American Depositary Shares,14715036.0,Consumer Discretionary,Telecommunications Equipment,2020.0,Hong Kong,1775898.0,Nasdaq,False,False,,
DARE,Dare Bioscience Inc. Common Stock,14555121.0,Health Care,Biotechnology: Pharmaceutical Preparations,2014.0,United States,1401914.0,Nasdaq,False,True,3630.0,micro
WVVIP,Willamette Valley Vineyards Inc. Series A Redeemable Preferred Stock,14490429.0,Consumer Staples,Beverages (Production/Distribution),,United States,838875.0,Nasdaq,False,True,3631.0,micro
NEON,Neonode Inc. Common Stock,14468557.0,Technology,Industrial Machinery/Components,,Sweden,87050.0,Nasdaq,False,False,,
EQS,Equus Total Return Inc. Common Stock,14385697.0,Finance,Finance/Investors Services,,United States,878932.0,NYSE,False,True,3632.0,micro
SKK,SKK Holdings Limited Class A Ordinary Shares,14373635.0,Industrials,Water Sewer Pipeline Comm & Power Line Construction,2024.0,Singapore,1991261.0,Nasdaq,False,False,,
CALC,CalciMedica Inc. Common Stock,14339413.0,Health Care,Biotechnology: Pharmaceutical Preparations,2023.0,United States,1534133.0,Nasdaq,False,True,3633.0,micro
EDTK,Skillful Craftsman Education Technology Limited Ordinary Share,14255517.0,Real Estate,Other Consumer Services,2020.0,China,1782309.0,Nasdaq,False,False,,
DOGZ,Dogness (International) Corporation Class A Common Stock,14220445.0,Consumer Discretionary,Miscellaneous manufacturing industries,2017.0,China,1707303.0,Nasdaq,False,False,,
RGNT,Regentis Biomaterials Ltd. Ordinary Shares,14188320.0,Health Care,Industrial Specialties,2025.0,Israel,1912966.0,NYSE,False,False,,
LSTA,Lisata Therapeutics Inc. Common Stock,14147171.0,Health Care,Biotechnology: Pharmaceutical Preparations,,United States,320017.0,Nasdaq,False,True,3634.0,micro
REFR,Research Frontiers Incorporated Common Stock,14023824.0,Miscellaneous,Multi-Sector Companies,,United States,793524.0,Nasdaq,False,True,3635.0,micro
CYN,Cyngn Inc. Common Stock,13990583.0,Technology,EDP Services,2021.0,United States,1874097.0,Nasdaq,False,True,3636.0,micro
ZEO,Zeo Energy Corporation Class A Common Stock,13985067.0,Miscellaneous,Industrial Machinery/Components,2021.0,United States,1865506.0,Nasdaq,False,True,3637.0,micro
BIYA,Baiya International Group Inc Class A Ordinary Shares,13973847.0,Consumer Discretionary,Diversified Commercial Services,2025.0,China,1944712.0,Nasdaq,False,False,,
BRN,Barnwell Industries Inc. Common Stock,13929109.0,Energy,Oil & Gas Production,1965.0,United States,10048.0,NYSE,False,True,3638.0,micro
ALP,Alpha Compute Corp Common Stock,13871138.0,Finance,Finance: Consumer Services,,Canada,1095435.0,Nasdaq,False,False,,
NHTC,Natural Health Trends Corp. Common Stock,13724557.0,Consumer Discretionary,Consumer Specialties,,United States,912061.0,Nasdaq,False,True,3639.0,micro
TURB,Turbo Energy S.A. American Depositary Shares,13699540.0,Miscellaneous,Industrial Machinery/Components,2023.0,Spain,1963439.0,Nasdaq,False,False,,
CLRO,ClearOne Inc. Common Stock,13644601.0,Utilities,Telecommunications Equipment,,United States,840715.0,Nasdaq,False,True,3640.0,micro
QNRX,Quoin Pharmaceuticals Ltd. American Depositary Shares,13536731.0,Health Care,Biotechnology: Pharmaceutical Preparations,2016.0,Israel,1671502.0,Nasdaq,False,False,,
AEON,AEON Biopharma Inc. Class A Common Stock,13518236.0,Health Care,Biotechnology: Pharmaceutical Preparations,,United States,1837607.0,NYSE,False,True,3641.0,micro
MBRX,Moleculin Biotech Inc. Common Stock,13517302.0,Health Care,Biotechnology: Pharmaceutical Preparations,2016.0,United States,1659617.0,Nasdaq,False,True,3642.0,micro
TOMZ,TOMI Environmental Solutions Inc. Common Stock,13516678.0,Industrials,Major Chemicals,,United States,314227.0,Nasdaq,False,True,3643.0,micro
CETY,Clean Energy Technologies Inc. Common Stock,13504378.0,Utilities,Oil/Gas Transmission,,United States,1329606.0,Nasdaq,False,True,3644.0,micro
AIMD,Ainos Inc. Common Stock,13499635.0,Technology,Computer peripheral equipment,,United States,1014763.0,Nasdaq,False,True,3645.0,micro
SOS,SOS Limited Class A Ordinary Shares,13491463.0,Finance,Investment Bankers/Brokers/Service,,China,1346610.0,NYSE,False,False,,
BTOC,Armlogi Holding Corp. Common Stock,13451151.0,Consumer Discretionary,Office Equipment/Supplies/Services,2024.0,United States,1972529.0,Nasdaq,False,True,3646.0,micro
SMXT,Solarmax Technology Inc. Common Stock,13325624.0,Consumer Discretionary,Engineering & Construction,2024.0,United States,1519472.0,Nasdaq,False,True,3647.0,micro
NAII,Natural Alternatives International Inc. Common Stock,13303485.0,Health Care, Medicinal Chemicals and Botanical Products ,,United States,787253.0,Nasdaq,False,True,3648.0,micro
ZDAI,DirectBooking Technology Co. Ltd. Class A Ordinary Shares,13253787.0,Consumer Discretionary,General Bldg Contractors - Nonresidential Bldgs,2024.0,Hong Kong,1966678.0,Nasdaq,False,False,,
MTEX,Mannatech Incorporated Common Stock,13160349.0,Health Care, Medicinal Chemicals and Botanical Products ,,United States,1056358.0,Nasdaq,False,True,3649.0,micro
PHIO,Phio Pharmaceuticals Corp. Common Stock,13127493.0,Health Care,Biotechnology: Pharmaceutical Preparations,,United States,1533040.0,Nasdaq,False,True,3650.0,micro
INTS,Intensity Therapeutics Inc. Common stock,13059516.0,Health Care,Biotechnology: Biological Products (No Diagnostic Substances),2023.0,United States,1567264.0,Nasdaq,False,True,3651.0,micro
FGI,FGI Industries Ltd. Ordinary Shares,13016767.0,Industrials,Industrial Specialties,2022.0,United States,1864943.0,Nasdaq,False,True,3652.0,micro
FBLG,FibroBiologics Inc. Common Stock,12983476.0,Health Care,Biotechnology: Pharmaceutical Preparations,,United States,1958777.0,Nasdaq,False,True,3653.0,micro
JBDI,JBDI Holdings Limited Ordinary Shares,12939764.0,,,2024.0,Singapore,1964314.0,Nasdaq,False,False,,
ASBP,Aspire Biopharma Holdings Inc. Common Stock,12910537.0,Health Care,Biotechnology: Pharmaceutical Preparations,2022.0,United States,1847345.0,Nasdaq,False,True,3654.0,micro
FNGR,FingerMotion Inc. Common Stock,12770948.0,Technology,Computer Software: Prepackaged Software,,United States,1602409.0,Nasdaq,False,True,3655.0,micro
GTBP,GT Biopharma Inc. Common Stock,12765988.0,Health Care,Biotechnology: Pharmaceutical Preparations,,United States,109657.0,Nasdaq,False,True,3656.0,micro
WXM,WF International Limited Ordinary Shares,12710267.0,Consumer Discretionary,Engineering & Construction,2025.0,China,1979610.0,Nasdaq,False,False,,
ICU,SeaStar Medical Holding Corporation Common Stock,12691702.0,Health Care,Medical/Dental Instruments,2021.0,United States,1831868.0,Nasdaq,False,True,3657.0,micro
IRIX,IRIDEX Corporation Common Stock,12666058.0,Health Care,Biotechnology: Electromedical & Electrotherapeutic Apparatus,1996.0,United States,1006045.0,Nasdaq,False,True,3658.0,micro
AIRI,Air Industries Group Common Stock,12563204.0,Industrials,Military/Government/Technical,,United States,1009891.0,NYSE,False,True,3659.0,micro
ARAI,Arrive AI Inc. Common Stock,12502166.0,Consumer Discretionary,Diversified Commercial Services,,United States,1818274.0,Nasdaq,False,True,3660.0,micro
CJMB,Callan JMB Inc. Common Stock,12482639.0,Consumer Discretionary,Business Services,2025.0,United States,2032545.0,Nasdaq,False,True,3661.0,micro
INHD,Inno Holdings Inc. Common Stock,12476876.0,Industrials,Steel/Iron Ore,2023.0,United States,1961847.0,Nasdaq,False,True,3662.0,micro
IHT,InnSuites Hospitality Trust Shares of Beneficial Interest,12411741.0,Real Estate,Real Estate Investment Trusts,1999.0,United States,82473.0,NYSE,False,True,3663.0,micro
IOTR,iOThree Limited Ordinary Shares,12402879.0,Consumer Discretionary,Telecommunications Equipment,2025.0,Singapore,1997637.0,Nasdaq,False,False,,
SEED,Origin Agritech Limited Common Stock,12383968.0,Consumer Staples,Farming/Seeds/Milling,,China,1321851.0,Nasdaq,False,False,,
SOAR,Volato Group Inc. Class A Common Stock,12351737.0,Consumer Discretionary,Transportation Services,2022.0,,1853070.0,NYSE,False,False,,
BLIN,Bridgeline Digital Inc. Common Stock,12347881.0,Technology,Computer Software: Prepackaged Software,2007.0,United States,1378590.0,Nasdaq,False,True,3664.0,micro
HCTI,Healthcare Triangle Inc. Common Stock,12283436.0,Technology,EDP Services,2021.0,United States,1839285.0,Nasdaq,False,True,3665.0,micro
UPLD,Upland Software Inc. Common Stock,12154055.0,Technology,Computer Software: Prepackaged Software,2014.0,United States,1505155.0,Nasdaq,False,True,3666.0,micro
MPU,Mega Matrix Inc. Class A Ordinary Shares,12125060.0,Consumer Discretionary,Movies/Entertainment,1998.0,United States,1953021.0,NYSE,False,True,3667.0,micro
ICMB,Investcorp Credit Management BDC Inc. Common Stock,12123276.0,Finance,Finance: Consumer Services,2014.0,United States,1578348.0,Nasdaq,False,True,3668.0,micro
LHSW,Lianhe Sowell International Group Ltd Class A Ordinary Shares,12121598.0,Technology,Computer Software: Prepackaged Software,2025.0,China,2004024.0,Nasdaq,False,False,,
CLWT,Euro Tech Holdings Company Limited Common Stock,12117744.0,Consumer Discretionary,Professional and commerical equipment,1997.0,Hong Kong,1026662.0,Nasdaq,False,False,,
SAGT,SAGTEC GLOBAL LIMITED Class A Ordinary shares,12054840.0,Technology,Computer Software: Prepackaged Software,2025.0,Malaysia,2029138.0,Nasdaq,False,False,,
MTVA,MetaVia Inc. Common Stock,11990344.0,Health Care,Biotechnology: Pharmaceutical Preparations,2016.0,United States,1638287.0,Nasdaq,False,True,3669.0,micro
MMA,Mixed Martial Arts Group Limited Ordinary Shares,11970561.0,Consumer Discretionary,Other Consumer Services,2024.0,,1981519.0,NYSE,False,False,,
BLRX,BioLineRx Ltd. American Depositary Shares,11969128.0,Health Care,Biotechnology: Pharmaceutical Preparations,,Israel,1498403.0,Nasdaq,False,False,,
GFAI,Guardforce AI Co. Limited Ordinary Shares,11967140.0,Consumer Discretionary,Diversified Commercial Services,,Singapore,1804469.0,Nasdaq,False,False,,
HUDI,Huadi International Group Co. Ltd. Ordinary Shares,11913559.0,Industrials,Steel/Iron Ore,2021.0,China,1791725.0,Nasdaq,False,False,,
PDSB,PDS Biotechnology Corporation Common Stock,11865924.0,Health Care,Biotechnology: Pharmaceutical Preparations,2015.0,United States,1472091.0,Nasdaq,False,True,3670.0,micro
ADGM,Adagio Medical Holdings Inc Common Stock,11769322.0,Health Care,Medical/Dental Instruments,,United States,2006986.0,Nasdaq,False,True,3671.0,micro
HSCS,HeartSciences Inc. Common Stock,11737468.0,Health Care,Industrial Specialties,2022.0,United States,1468492.0,Nasdaq,False,True,3672.0,micro
BIOT,Instinct Bio Technical Company Holdings Inc. Ordinary Shares,11737322.0,Consumer Discretionary,Package Goods/Cosmetics,,Japan,2072188.0,Nasdaq,False,False,,
CLIK,Click Holdings Limited Class A Ordinary Share,11731355.0,Consumer Discretionary,Diversified Commercial Services,2024.0,Hong Kong,2020027.0,Nasdaq,False,False,,
FLUX,Flux Power Holdings Inc. Common Stock,11682173.0,Miscellaneous,Industrial Machinery/Components,,United States,1083743.0,Nasdaq,False,True,3673.0,micro
KPRX,Kiora Pharmaceuticals Inc.  Common Stock,11459162.0,Health Care,Biotechnology: Pharmaceutical Preparations,,United States,1372514.0,Nasdaq,False,True,3674.0,micro
EDUC,Educational Development Corporation Common Stock,11423452.0,Consumer Discretionary,Consumer Specialties,,United States,31667.0,Nasdaq,False,True,3675.0,micro
TOVX,Theriva Biologics Inc. Common Stock,11385971.0,Health Care,Biotechnology: Pharmaceutical Preparations,,United States,894158.0,NYSE,False,True,3676.0,micro
NVNI,Nvni Group Limited Ordinary Shares,11333185.0,Technology,Computer Software: Prepackaged Software,,Cayman Islands,1965143.0,Nasdaq,False,False,,
QNME,Quanome Technologies Inc. Common Stock,11292239.0,Industrials,Integrated Freight & Logistics,2024.0,United States,1996192.0,Nasdaq,False,True,3677.0,micro
KNRX,KNOREX LTD. Class A Ordinary Shares,11256552.0,Technology,Computer Software: Programming Data Processing,2025.0,,1982960.0,NYSE,False,False,,
QH,Quhuo Limited Class A Ordinary Shares,11196135.0,Consumer Discretionary,Business Services,2020.0,China,1781193.0,Nasdaq,False,False,,
MTEK,Maris-Tech Ltd. Ordinary Shares,11153420.0,Telecommunications,Telecommunications Equipment,2022.0,Israel,1872964.0,Nasdaq,False,False,,
MSAI,MultiSensor AI Holdings Inc. Common Stock,11138522.0,Technology,Electronic Components,2021.0,United States,1863990.0,Nasdaq,False,True,3678.0,micro
AZTR,Azitra Inc Common Stock,10969277.0,Health Care,Biotechnology: Pharmaceutical Preparations,2023.0,,1701478.0,NYSE,False,False,,
VTGN,Vistagen Therapeutics Inc. Common Stock,10916720.0,Health Care,Biotechnology: Pharmaceutical Preparations,,United States,1411685.0,Nasdaq,False,True,3679.0,micro
OXBR,Oxbridge Re Holdings Limited Ordinary Shares,10905693.0,Finance,Property-Casualty Insurers,2014.0,Cayman Islands,1584831.0,Nasdaq,False,False,,
GYRO,Gyrodyne LLC Common Stock,10886575.0,Real Estate,Building operators,,United States,1589061.0,Nasdaq,False,True,3680.0,micro
LNAI,Lunai Bioworks Inc. Common Stock,10881336.0,Health Care,Biotechnology: Pharmaceutical Preparations,,United States,1527728.0,Nasdaq,False,True,3681.0,micro
LZMH,LZ Technology Holdings Limited Class B Ordinary Shares,10863985.0,Technology,EDP Services,2025.0,China,1967397.0,Nasdaq,False,False,,
INAB,IN8bio Inc. Common Stock,10844221.0,Health Care,Biotechnology: Biological Products (No Diagnostic Substances),2021.0,United States,1740279.0,Nasdaq,False,True,3682.0,micro
INUV,Inuvo Inc.,10812900.0,Consumer Discretionary,Advertising,,United States,829323.0,NYSE,False,True,3683.0,micro
REED,Reed's Inc. Common Stock,10806548.0,Consumer Staples,Beverages (Production/Distribution),2025.0,,1140215.0,NYSE,False,False,,
RVSN,Rail Vision Ltd. Ordinary Share,10719790.0,Industrials,Railroads,2022.0,Israel,1743905.0,Nasdaq,False,False,,
YJ,Yunji Inc. American Depository Shares,10713050.0,Consumer Discretionary,Other Specialty Stores,2019.0,China,1759614.0,Nasdaq,False,False,,
PMI,Picard Medical Inc. Common Stock,10710944.0,Health Care,Medical/Dental Instruments,2025.0,,2030617.0,NYSE,False,False,,
FCUV,Focus Universal Inc. Common Stock,10653614.0,Industrials,Industrial Machinery/Components,,United States,1590418.0,Nasdaq,False,True,3684.0,micro
SNTI,Senti Biosciences Holdings Inc. Common Stock,10648391.0,Health Care,Biotechnology: Biological Products (No Diagnostic Substances),2021.0,United States,1854270.0,Nasdaq,False,True,3685.0,micro
CMCT,Creative Media & Community Trust Corporation Common stock,10581500.0,Real Estate,Real Estate Investment Trusts,,United States,908311.0,Nasdaq,False,True,3686.0,micro
OBAI,Our Bond Inc. Common Stock,10539395.0,Consumer Discretionary,Telecommunications Equipment,,United States,1756064.0,Nasdaq,False,True,3687.0,micro
JCTC,Jewett-Cameron Trading Company Common Shares,10525138.0,Consumer Discretionary,RETAIL: Building Materials,,United States,885307.0,Nasdaq,False,True,3688.0,micro
REBN,Reborn Coffee Inc. Common Stock,10431088.0,Consumer Discretionary,Restaurants,2022.0,United States,1707910.0,Nasdaq,False,True,3689.0,micro
GDTC,CytoMed Therapeutics Limited Ordinary Shares,10407840.0,Health Care,Biotechnology: Pharmaceutical Preparations,2023.0,Singapore,1873093.0,Nasdaq,False,False,,
AMOD,Alpha Modus Holdings Inc. Class A Common Stock,10371429.0,Miscellaneous,Multi-Sector Companies,,United States,1862463.0,Nasdaq,False,True,3690.0,micro
SQFTP,Presidio Property Trust Inc. 9.375% Series D Cumulative Redeemable Perpetual Preferred Stock $0.01 par value per share,10327910.0,Real Estate,Real Estate Investment Trusts,,United States,1080657.0,Nasdaq,False,True,3691.0,micro
APRE,Aprea Therapeutics Inc. Common stock,10324732.0,Health Care,Biotechnology: Pharmaceutical Preparations,2019.0,United States,1781983.0,Nasdaq,False,True,3692.0,micro
CISO,CISO Global Inc. Common Stock,10247825.0,Consumer Discretionary,Professional Services,,United States,1777319.0,Nasdaq,False,True,3693.0,micro
AQMS,Aqua Metals Inc. Common Stock,10191699.0,Industrials,Metal Fabrications,2015.0,United States,1621832.0,Nasdaq,False,True,3694.0,micro
MIMI,Mint Incorporation Limited Class A Ordinary Shares,10185581.0,Consumer Discretionary,Business Services,2025.0,Hong Kong,1998560.0,Nasdaq,False,False,,
AWX,Avalon Holdings Corporation Common Stock,10177515.0,Utilities,Environmental Services,1998.0,United States,1061069.0,NYSE,False,True,3695.0,micro
SINT,SiNtx Technologies Inc. Common Stock,10130092.0,Health Care,Medical/Dental Instruments,2014.0,United States,1269026.0,Nasdaq,False,True,3696.0,micro
MSN,Emerson Radio Corporation Common Stock,10125724.0,Consumer Staples,Consumer Electronics/Appliances,1994.0,United States,32621.0,NYSE,False,True,3697.0,micro
KALA,KALA BIO Inc. Common Stock,10105038.0,Health Care,Biotechnology: Pharmaceutical Preparations,2017.0,United States,1479419.0,Nasdaq,False,True,3698.0,micro
BMRA,Biomerica Inc. Common Stock,10095730.0,Health Care,Biotechnology: In Vitro & In Vivo Diagnostic Substances,,United States,73290.0,Nasdaq,False,True,3699.0,micro
RAIN,Rain Enhancement Technologies Holdco Inc. Class A Common Stock,10067825.0,Technology,Industrial Machinery/Components,,United States,2028293.0,Nasdaq,False,True,3700.0,micro
GMM,Global Mofy AI Limited Class A Ordinary Shares,10020150.0,Technology,Computer Software: Programming Data Processing,2023.0,China,1913749.0,Nasdaq,False,False,,
XBIO,Xenetic Biosciences Inc. Common Stock,9958519.0,Health Care,Biotechnology: Pharmaceutical Preparations,,United States,1534525.0,Nasdaq,False,True,3701.0,micro
IQST,iQSTEL Inc. Common Stock,9935615.0,Telecommunications,Telecommunications Equipment,,United States,1527702.0,Nasdaq,False,True,3702.0,micro
CYCU,Cycurion Inc. Common Stock,9787027.0,Technology,EDP Services,2025.0,United States,1868419.0,Nasdaq,False,True,3703.0,micro
CVR,Chicago Rivet & Machine Co. Common Stock,9757933.0,Industrials,Industrial Machinery/Components,1930.0,United States,19871.0,NYSE,False,True,3704.0,micro
AMSS,AMASS Brands Inc. Common Stock,9725058.0,Consumer Staples,Beverages (Production/Distribution),,United States,1851491.0,Nasdaq,False,True,3705.0,micro
NDRA,ENDRA Life Sciences Inc. Common Stock,9688953.0,Health Care,Biotechnology: Electromedical & Electrotherapeutic Apparatus,2017.0,United States,1681682.0,Nasdaq,False,True,3706.0,micro
BNKK,Bonk Inc. Common Stock,9681137.0,Consumer Discretionary,Package Goods/Cosmetics,2020.0,United States,1760903.0,Nasdaq,False,True,3707.0,micro
RMCF,Rocky Mountain Chocolate Factory Inc. Common Stock,9628379.0,Consumer Staples,Specialty Foods,,United States,1616262.0,Nasdaq,False,True,3708.0,micro
WOK,WORK Medical Technology Group LTD Class A Ordinary Shares,9605293.0,Health Care,Medical/Dental Instruments,2024.0,China,1929783.0,Nasdaq,False,False,,
CENN,Cenntro Inc. Common Stock,9604727.0,Industrials,Auto Manufacturing,,New Zealand,1707919.0,Nasdaq,False,False,,
AMS,American Shared Hospital Services Common Stock,9576000.0,Health Care,Medical Specialities,1988.0,United States,744825.0,NYSE,False,True,3709.0,micro
DTSS,Datasea Intelligent Technology Ltd. Class A Ordinary Shares,9520421.0,Technology,Computer Software: Prepackaged Software,,China,2110423.0,Nasdaq,False,False,,
IMRN,Immuron Limited American Depositary Shares,9443306.0,Health Care,Biotechnology: Pharmaceutical Preparations,2017.0,Australia,1660046.0,Nasdaq,False,False,,
BTBD,BT Brands Inc. Common Stock,9400780.0,Consumer Discretionary,Restaurants,2021.0,United States,1718224.0,Nasdaq,False,True,3710.0,micro
SLE,Super League Enterprise Inc. Common Stock,9274391.0,Technology,EDP Services,2019.0,United States,1621672.0,Nasdaq,False,True,3711.0,micro
BON,Bon Natural Life Limited Class A Ordinary Shares,9266843.0,Health Care, Medicinal Chemicals and Botanical Products ,2021.0,China,1816815.0,Nasdaq,False,False,,
SFHG,Samfine Creation Holdings Group Limited Class A Ordinary Share,9256800.0,Consumer Discretionary,Publishing,2024.0,Hong Kong,1926792.0,Nasdaq,False,False,,
INEO,INNEOVA Holdings Limited Class A Ordinary Shares,9165510.0,Consumer Discretionary,Motor Vehicles,2024.0,Singapore,1933951.0,Nasdaq,False,False,,
GLE,Global Engine Group Holding Limited Class A Ordinary Shares,9153660.0,Technology,EDP Services,2024.0,Hong Kong,1908705.0,Nasdaq,False,False,,
ATER,Aterian Inc. Common Stock,9145157.0,Consumer Discretionary,Home Furnishings,2019.0,United States,1757715.0,Nasdaq,False,True,3712.0,micro
BFRG,Bullfrog AI Holdings Inc. Common Stock,9103951.0,Health Care,Biotechnology: Pharmaceutical Preparations,2023.0,United States,1829247.0,Nasdaq,False,True,3713.0,micro
VSA,VisionSys AI Inc. American Depositary Shares,9077042.0,Real Estate,Other Consumer Services,2014.0,China,1592560.0,Nasdaq,False,False,,
ELOG,Eastern International Ltd. Ordinary Shares,9046560.0,Industrials,Integrated Freight & Logistics,2025.0,China,2013320.0,Nasdaq,False,False,,
PDC,Perpetuals.com Ltd American Depositary Shares,8999182.0,Technology,EDP Services,2023.0,Japan,1944399.0,Nasdaq,False,False,,
BAOS,Baosheng Media Group Holdings Limited Ordinary shares,8983692.0,Consumer Discretionary,Business Services,2021.0,China,1811216.0,Nasdaq,False,False,,
AIRE,reAlpha Tech Corp. Common Stock,8944098.0,Finance,Real Estate,,United States,1859199.0,Nasdaq,False,True,3714.0,micro
MARPS,Marine Petroleum Trust Units of Beneficial Interest,8905000.0,Energy,Oil & Gas Production,,United States,62362.0,Nasdaq,False,True,3715.0,micro
ZTG,Zenta Group Company Limited Class A Ordinary Shares,8855448.0,Consumer Discretionary,Professional Services,2025.0,Macau,2011458.0,Nasdaq,False,False,,
GAUZ,Gauzy Ltd. Ordinary Shares,8799666.0,Miscellaneous,Industrial Machinery/Components,2024.0,Israel,1781446.0,Nasdaq,False,False,,
CNSP,CNS Pharmaceuticals Inc. Common Stock,8783308.0,Health Care,Biotechnology: Pharmaceutical Preparations,2019.0,United States,1729427.0,Nasdaq,False,True,3716.0,micro
TRAW,Traws Pharma Inc. Common Stock,8759918.0,Health Care,Biotechnology: Pharmaceutical Preparations,2013.0,United States,1130598.0,Nasdaq,False,True,3717.0,micro
TPET,Trio Petroleum Corp. Common Stock,8755161.0,Energy,Oil & Gas Production,2023.0,,1898766.0,NYSE,False,False,,
IMNN,Imunon Inc. Common Stock,8753789.0,Health Care,Biotechnology: Pharmaceutical Preparations,,United States,749647.0,Nasdaq,False,True,3718.0,micro
SURG,SurgePays Inc. Common Stock,8687563.0,Consumer Discretionary,Advertising,,United States,1392694.0,Nasdaq,False,True,3719.0,micro
WKSP,Worksport Ltd. Common Stock,8674155.0,Consumer Discretionary,Auto Parts:O.E.M.,,Canada,1096275.0,Nasdaq,False,False,,
ENSC,Ensysce Biosciences Inc. Common Stock,8615468.0,Health Care,Biotechnology: Pharmaceutical Preparations,,United States,1716947.0,Nasdaq,False,True,3720.0,micro
CCTG,CCSC Technology International Holdings Limited Class A Ordinary Shares,8597616.0,Consumer Discretionary,Building Products,2024.0,Hong Kong,1931717.0,Nasdaq,False,False,,
ALAR,Alarum Technologies Ltd. American Depositary Share,8555556.0,Technology,Computer Software: Prepackaged Software,2018.0,Israel,1725332.0,Nasdaq,False,False,,
PLAG,Planet Green Holdings Corp. Common Stock,8552438.0,Consumer Staples,Packaged Foods,,China,1117057.0,NYSE,False,False,,
EVGN,Evogene Ltd Ordinary Shares,8523279.0,Industrials,Agricultural Chemicals,,Israel,1574565.0,Nasdaq,False,False,,
PRSO,Peraso Inc. Common Stock,8473768.0,Technology,Semiconductors,,United States,890394.0,Nasdaq,False,True,3721.0,micro
TDIC,Dreamland Limited Class A Ordinary Shares,8469967.0,Consumer Discretionary,Other Consumer Services,2025.0,Hong Kong,2041338.0,Nasdaq,False,False,,
XCUR,Exicure Inc. Common Stock,8444334.0,Health Care,Biotechnology: Pharmaceutical Preparations,,United States,1698530.0,Nasdaq,False,True,3722.0,micro
THH,TryHard Holdings Limited Ordinary Shares,8407770.0,Consumer Discretionary,Services-Misc. Amusement & Recreation,2025.0,Japan,2044241.0,Nasdaq,False,False,,
CXAI,CXApp Inc. Class A Common Stock,8391288.0,Technology,EDP Services,2021.0,United States,1820875.0,Nasdaq,False,True,3723.0,micro
SNGX,Soligenix Inc. Common Stock,8307883.0,Health Care,Biotechnology: Pharmaceutical Preparations,,United States,812796.0,Nasdaq,False,True,3724.0,micro
XWEL,XWELL Inc. Common Stock,8296372.0,Consumer Discretionary,Other Consumer Services,,United States,1410428.0,Nasdaq,False,True,3725.0,micro
MGRX,Mangoceuticals Inc. Common Stock,8281890.0,Health Care,Misc Health and Biotechnology Services,2023.0,United States,1938046.0,Nasdaq,False,True,3726.0,micro
CHAI,Core AI Holdings Inc. Common Shares,8230830.0,Telecommunications,Telecommunications Equipment,2020.0,Canada,1649009.0,Nasdaq,False,False,,
AMIX,Autonomix Medical Inc. Common Stock,8228273.0,Health Care,Medical/Dental Instruments,2024.0,United States,1617867.0,Nasdaq,False,True,3727.0,micro
ALZN,Alzamend Neuro Inc. Common Stock,8203729.0,Health Care,Biotechnology: Pharmaceutical Preparations,2021.0,United States,1677077.0,Nasdaq,False,True,3728.0,micro
ZCMD,Zhongchao Inc. Class A Ordinary Shares,8150288.0,Real Estate,Other Consumer Services,2020.0,China,1785566.0,Nasdaq,False,False,,
SKYE,Skye Bioscience Inc. Common Stock,8146926.0,Health Care,Biotechnology: Pharmaceutical Preparations,,United States,1516551.0,Nasdaq,False,True,3729.0,micro
GXAI,Gaxos.ai Inc. Common Stock,8112199.0,Technology,Computer Software: Prepackaged Software,2023.0,United States,1895618.0,Nasdaq,False,True,3730.0,micro
SGLY,Singularity Future Technology Ltd. Common Stock,8105682.0,Industrials,Integrated Freight & Logistics,2008.0,United States,1422892.0,Nasdaq,False,True,3731.0,micro
LUCY,Innovative Eyewear Inc. Common Stock,8102114.0,Health Care,Ophthalmic Goods,2022.0,United States,1808377.0,Nasdaq,False,True,3732.0,micro
CODX,Co-Diagnostics Inc. Common Stock,8098330.0,Health Care,Medical/Dental Instruments,2026.0,United States,1692415.0,Nasdaq,False,True,3733.0,micro
VRME,VerifyMe Inc. Common Stock,8096596.0,Technology,EDP Services,,United States,1104038.0,Nasdaq,False,True,3734.0,micro
NCPL,Netcapital Inc. Common Stock,8083336.0,Finance,Finance: Consumer Services,,United States,1414767.0,Nasdaq,False,True,3735.0,micro
UZX,Linkage Global Inc. Class A Ordinary Shares,8075472.0,Consumer Discretionary,Catalog/Specialty Distribution,2023.0,Japan,1969401.0,Nasdaq,False,False,,
AIDX,20/20 Biolabs Inc. Common Stock,8050399.0,Health Care,Precision Instruments,,United States,1139685.0,Nasdaq,False,True,3736.0,micro
GP,GreenPower Motor Company Inc. Common Shares,8036587.0,Consumer Discretionary,Construction/Ag Equipment/Trucks,,Canada,1584547.0,Nasdaq,False,False,,
LOBO,LOBO TECHNOLOGIES LTD. Class A Ordinary Shares,8029708.0,Consumer Discretionary,Motor Vehicles,2024.0,China,1932072.0,Nasdaq,False,False,,
GITS,Global Interactive Technologies Inc. Common Stock,8009773.0,Technology,Computer Software: Programming Data Processing,2023.0,South Korea,1911545.0,Nasdaq,False,False,,
NXTT,Next Technology Holding Inc. Ordinary Shares,7998184.0,Technology,EDP Services,,China,1784970.0,Nasdaq,False,False,,
SEGG,Sports Entertainment Gaming Global Corporation Common Stock,7985743.0,Technology,Computer Software: Prepackaged Software,2023.0,United States,1673481.0,Nasdaq,False,True,3737.0,micro
BGL,Blue Gold Limited Class A Ordinary Shares,7979701.0,Basic Materials,Metal Mining,,United Kingdom,2019435.0,Nasdaq,False,False,,
AEHL,Antelope Enterprise Holdings Limited Class A Ordinary Shares,7976208.0,Consumer Discretionary,Telecommunications Equipment,,China,1470683.0,Nasdaq,False,False,,
MTEN,Mingteng International Corporation Inc. Class A Ordinary Shares,7879361.0,Industrials,Building Products,2024.0,China,1948099.0,Nasdaq,False,False,,
FEBO,Fenbo Holdings Limited Class A Ordinary Shares,7854375.0,Consumer Discretionary,Home Furnishings,2023.0,Hong Kong,1957001.0,Nasdaq,False,False,,
NVNO,enVVeno Medical Corporation Common Stock,7851534.0,Health Care,Medical/Dental Instruments,2018.0,United States,1661053.0,Nasdaq,False,True,3738.0,micro
TRIB,Trinity Biotech plc American Depositary Shares,7806067.0,Health Care,Biotechnology: In Vitro & In Vivo Diagnostic Substances,1992.0,Ireland,888721.0,Nasdaq,False,False,,
ICCM,IceCure Medical Ltd. Ordinary Shares,7743608.0,Health Care,Medical/Dental Instruments,,Israel,1584371.0,Nasdaq,False,False,,
TAOP,Taoping Inc. Ordinary Shares ,7742531.0,Technology,Computer Software: Prepackaged Software,,Hong Kong,1552670.0,Nasdaq,False,False,,
BMGL,Basel Medical Group Ltd Ordinary Shares,7733471.0,Health Care,Medical/Nursing Services,2025.0,Singapore,2004489.0,Nasdaq,False,False,,
ARBB,ARB IOT Group Limited Ordinary Shares,7678864.0,Technology,EDP Services,2023.0,Malaysia,1930179.0,Nasdaq,False,False,,
CGTL,Creative Global Technology Holdings Limited Class A Ordinary Shares,7650685.0,Technology,Retail: Computer Software & Peripheral Equipment,2024.0,China,1967822.0,Nasdaq,False,False,,
YMAT,J-Star Holding Co. Ltd. Class A Ordinary Shares,7619196.0,Consumer Discretionary,Recreational Games/Products/Toys,2025.0,Taiwan,1875016.0,Nasdaq,False,False,,
CYAB,Cyabra Inc. Common Stock,7579058.0,Technology,Computer Software: Prepackaged Software,,Israel,2032341.0,Nasdaq,False,False,,
ACXP,Acurx Pharmaceuticals Inc. Common Stock,7535987.0,Health Care,Biotechnology: Pharmaceutical Preparations,2021.0,United States,1736243.0,Nasdaq,False,True,3739.0,micro
MRM,MEDIROM Healthcare Technologies Inc. American Depositary Share,7506853.0,Consumer Discretionary,Other Consumer Services,2020.0,Japan,1819704.0,Nasdaq,False,False,,
GELS,Gelteq Limited Ordinary Shares,7497741.0,Health Care,Biotechnology: Pharmaceutical Preparations,2024.0,Australia,1920092.0,Nasdaq,False,False,,
CUPR,Cuprina Holdings (Cayman) Limited Class A Ordinary Shares,7480688.0,Health Care,Industrial Specialties,2025.0,Singapore,1995704.0,Nasdaq,False,False,,
INBS,Intelligent Bio Solutions Inc. Common Stock,7477851.0,Health Care,Medical/Dental Instruments,2020.0,United States,1725430.0,Nasdaq,False,True,3740.0,micro
CELZ,Creative Medical Technology Holdings Inc. Common Stock,7449589.0,Health Care,Biotechnology: Biological Products (No Diagnostic Substances),,United States,1187953.0,Nasdaq,False,True,3741.0,micro
ERNA,Ernexa Therapeutics Inc. Common Stock,7411146.0,Health Care,Biotechnology: Pharmaceutical Preparations,,United States,748592.0,Nasdaq,False,True,3742.0,micro
FFAI,Faraday Future Intelligent Electric Inc. Class A Common Stock,7402178.0,Industrials,Auto Manufacturing,2020.0,United States,1805521.0,Nasdaq,False,True,3743.0,micro
BOLT,Bolt Biotherapeutics Inc. Common Stock,7397165.0,Health Care,Biotechnology: Pharmaceutical Preparations,2021.0,United States,1641281.0,Nasdaq,False,True,3744.0,micro
VIVK,Vivakor Inc. Common Stock,7374265.0,Utilities,Environmental Services,,United States,1450704.0,Nasdaq,False,True,3745.0,micro
HKPD,Cellyan Biotechnology Co. Ltd Class A Ordinary Shares,7371994.0,Health Care,Other Pharmaceuticals,2025.0,Hong Kong,2007702.0,Nasdaq,False,False,,
YHGJ,Yunhong Green CTI Ltd. Common Stock,7279791.0,Industrials,Specialty Chemicals,,United States,1042187.0,Nasdaq,False,True,3746.0,micro
NAMI,Jinxin Technology Holding Company American Depositary Shares,7274569.0,Real Estate,Other Consumer Services,2024.0,China,1967631.0,Nasdaq,False,False,,
VS,Versus Systems Inc. Common Stock,7206669.0,Technology,EDP Services,,Canada,1701963.0,Nasdaq,False,False,,
IFBD,Infobird Co. Ltd Ordinary Shares,7205945.0,Technology,Computer Software: Prepackaged Software,2021.0,China,1815566.0,Nasdaq,False,False,,
DFSC,DEFSEC Technologies Inc. Common Stock,7203848.0,Technology,Computer Software: Prepackaged Software,,Canada,1889823.0,Nasdaq,False,False,,
DLXY,Delixy Holdings Limited Class A Ordinary Shares,7194000.0,Energy,Oil Refining/Marketing,2025.0,Singapore,2025218.0,Nasdaq,False,False,,
JCSE,JE Cleantech Holdings Limited Ordinary Shares,7143699.0,Consumer Discretionary,Miscellaneous manufacturing industries,2022.0,Singapore,1905511.0,Nasdaq,False,False,,
AIM,AIM ImmunoTech Inc. Common Stock,7141726.0,Health Care,Biotechnology: Biological Products (No Diagnostic Substances),,,946644.0,NYSE,False,False,,
JYD,Jayud Global Logistics Limited Class A Ordinary Shares,7138714.0,Industrials,Integrated Freight & Logistics,2023.0,China,1938186.0,Nasdaq,False,False,,
CURX,Curanex Pharmaceuticals Inc Common Stock,7127655.0,Health Care,Biotechnology: Pharmaceutical Preparations,2025.0,United States,2025942.0,Nasdaq,False,True,3747.0,micro
VNRX,VolitionRX Limited Common Stock,7049200.0,Health Care,Biotechnology: In Vitro & In Vivo Diagnostic Substances,2015.0,Singapore,93314.0,NYSE,False,False,,
LCFYW,Locafy Limited Warrant,7044349.0,Technology,Computer Software: Programming Data Processing,2022.0,Australia,1875547.0,Nasdaq,False,False,,
TKLF,Tokyo Lifestyle Co. Ltd. American Depositary Shares,6984089.0,Consumer Discretionary,Other Specialty Stores,2022.0,Japan,1836242.0,Nasdaq,False,False,,
DTST,Data Storage Corporation Common Stock,6919704.0,Technology,EDP Services,,United States,1419951.0,Nasdaq,False,True,3748.0,micro
POM,POMDOCTOR LIMITED American Depositary Shares,6896109.0,Consumer Discretionary,Other Specialty Stores,2025.0,China,1877971.0,Nasdaq,False,False,,
AMST,Amesite Inc. Common Stock,6877344.0,Technology,Computer Software: Prepackaged Software,2020.0,United States,1807166.0,Nasdaq,False,True,3749.0,micro
AUID,authID Inc. Common Stock,6855339.0,Technology,Computer Software: Prepackaged Software,,United States,1534154.0,Nasdaq,False,True,3750.0,micro
SSM,Sono Group N.V. Ordinary Shares,6839203.0,Technology,Semiconductors,,Germany,1840416.0,Nasdaq,False,False,,
BQ,Boqii Holding Limited Class A Ordinary Shares,6785136.0,Consumer Discretionary,Other Specialty Stores,2025.0,,1815021.0,NYSE,False,False,,
MWG,Multi Ways Holdings Limited Class A Ordinary Shares,6736051.0,Consumer Discretionary,Miscellaneous manufacturing industries,2023.0,,1941500.0,NYSE,False,False,,
HXHX,Haoxin Holdings Limited Class A Ordinary Shares,6677000.0,Industrials,Trucking Freight/Courier Services,2025.0,China,1936817.0,Nasdaq,False,False,,
HCWC,Healthy Choice Wellness Corp. Class A Common Stock,6658495.0,Consumer Staples,Food Chains,2024.0,,1948864.0,NYSE,False,False,,
ACON,Aclarion Inc. Common Stock,6658277.0,Health Care,Medical Specialities,2022.0,United States,1635077.0,Nasdaq,False,True,3751.0,micro
XTLB,XTL Biopharmaceuticals Ltd. American Depositary Shares,6536852.0,Health Care,Biotechnology: Pharmaceutical Preparations,,Israel,1023549.0,Nasdaq,False,False,,
OLB,The OLB Group Inc. Common Stock,6514309.0,Consumer Discretionary,Business Services,,United States,1314196.0,Nasdaq,False,True,3752.0,micro
CLGN,CollPlant Biotechnologies Ltd Ordinary Shares,6491187.0,Health Care,Industrial Specialties,,Israel,1631487.0,Nasdaq,False,False,,
ENVB,Enveric Biosciences Inc. Common Stock,6445273.0,Health Care,Biotechnology: Pharmaceutical Preparations,,United States,890821.0,Nasdaq,False,True,3753.0,micro
GURE,Gulf Resources Inc. (NV) Common Stock,6438035.0,Industrials,Major Chemicals,,China,885462.0,Nasdaq,False,False,,
BYAH,Park Ha Biological Technology Co. Ltd. Class A Ordinary Shares,6332923.0,Consumer Discretionary,Package Goods/Cosmetics,2024.0,China,1986247.0,Nasdaq,False,False,,
NWTG,Newton Golf Company Inc. Common Stock,6289840.0,Consumer Discretionary,Recreational Games/Products/Toys,2023.0,United States,1934245.0,Nasdaq,False,True,3754.0,micro
DPU,Top KingWin Ltd Class A Ordinary Shares,6278377.0,Consumer Discretionary,Business Services,2023.0,China,1938865.0,Nasdaq,False,False,,
ZBAO,Zhibao Technology Inc. Class A Ordinary Shares,6256387.0,Finance,Specialty Insurers,2024.0,China,1966750.0,Nasdaq,False,False,,
EHGO,Eshallgo Inc. Class A Ordinary Shares,6200966.0,Consumer Discretionary,Diversified Commercial Services,2024.0,China,1879754.0,Nasdaq,False,False,,
GLXG,Galaxy Payroll Group Limited Class A Ordinary Shares,6199976.0,Industrials,Diversified Commercial Services,2024.0,Hong Kong,1905920.0,Nasdaq,False,False,,
SNOA,Sonoma Pharmaceuticals Inc. Common Stock,6177068.0,Health Care,Medical/Dental Instruments,2007.0,United States,1367083.0,Nasdaq,False,True,3755.0,micro
WAFU,Wah Fu Education Group Limited Ordinary Shares,6174783.0,Real Estate,Other Consumer Services,2019.0,China,1716770.0,Nasdaq,False,False,,
RITR,Reitar Logtech Holdings Limited Ordinary shares,6163198.0,Finance,Real Estate,2024.0,Hong Kong,1951229.0,Nasdaq,False,False,,
HCWB,HCW Biologics Inc. Common Stock,6160867.0,Health Care,Biotechnology: Pharmaceutical Preparations,2021.0,United States,1828673.0,Nasdaq,False,True,3756.0,micro
KRKR,36Kr Holdings Inc. American Depositary Shares,6138549.0,Consumer Discretionary,Business Services,2019.0,China,1779476.0,Nasdaq,False,False,,
AQB,AquaBounty Technologies Inc. Common Stock,6073701.0,Consumer Staples,Meat/Poultry/Fish,,United States,1603978.0,Nasdaq,False,True,3757.0,micro
GDC,GD Culture Group Limited Common Stock,6035625.0,Industrials,Steel/Iron Ore,2015.0,United States,1641398.0,Nasdaq,False,True,3758.0,micro
ZNB,Zeta Network Group Class A Ordinary Shares,6027085.0,Real Estate,Other Consumer Services,,United States,1747661.0,Nasdaq,False,True,3759.0,micro
ILAG,Intelligent Living Application Group Inc. Ordinary Shares,6023149.0,Consumer Discretionary,Office Equipment/Supplies/Services,2022.0,Hong Kong,1814963.0,Nasdaq,False,False,,
AMBO,Ambow Education Holding Ltd. American Depository Shares (each representing twenty (20) Class A Ordinary Shares),6006676.0,Real Estate,Other Consumer Services,,China,1494558.0,NYSE,False,False,,
ADXN,Addex Therapeutics Ltd American Depositary Shares,5997070.0,Health Care,Biotechnology: Pharmaceutical Preparations,,Switzerland,1574232.0,Nasdaq,False,False,,
AUUD,Auddia Inc. Common Stock,5977142.0,Technology,EDP Services,2021.0,United States,1554818.0,Nasdaq,False,True,3760.0,micro
DAIC,CID HoldCo Inc. Common Stock,5976129.0,Technology,EDP Services,,United States,2033770.0,Nasdaq,False,True,3761.0,micro
DKI,DarkIris Inc. Class A Ordinary Shares,5962296.0,Technology,Computer Software: Prepackaged Software,2025.0,Hong Kong,2058584.0,Nasdaq,False,False,,
ORKT,Orangekloud Technology Inc. Class A Ordinary Shares,5956565.0,Technology,Computer Software: Prepackaged Software,2024.0,Singapore,1979407.0,Nasdaq,False,False,,
CRE,Cre8 Enterprise Limited Class A Ordinary Shares,5941256.0,Consumer Discretionary,Publishing,2025.0,Hong Kong,2003977.0,Nasdaq,False,False,,
POLA,Polar Power Inc. Common Stock,5896190.0,Miscellaneous,Industrial Machinery/Components,2016.0,United States,1622345.0,Nasdaq,False,True,3762.0,micro
PCSA,Processa Pharmaceuticals Inc. Common Stock,5866111.0,Health Care,Biotechnology: Pharmaceutical Preparations,,United States,1533743.0,Nasdaq,False,True,3763.0,micro
MITQ,Moving iMage Technologies Inc. Common Stock,5855291.0,Consumer Discretionary,Industrial Machinery/Components,2021.0,United States,1770236.0,NYSE,False,True,3764.0,micro
XPON,Expion Energy Inc. Common Stock,5850997.0,Miscellaneous,Industrial Machinery/Components,2022.0,United States,1894954.0,Nasdaq,False,True,3765.0,micro
XELB,Xcel Brands Inc. Common Stock,5807155.0,Miscellaneous,Multi-Sector Companies,,United States,1083220.0,Nasdaq,False,True,3766.0,micro
KUST,Kustom Entertainment Inc. Common Stock,5789153.0,Technology,Radio And Television Broadcasting And Communications Equipment,,United States,1342958.0,Nasdaq,False,True,3767.0,micro
NCNA,NuCana plc American Depositary Share,5785140.0,Health Care,Biotechnology: Pharmaceutical Preparations,2017.0,United Kingdom,1709626.0,Nasdaq,False,False,,
BIAF,bioAffinity Technologies Inc. Common Stock,5775637.0,Health Care,Biotechnology: Commercial Physical & Biological Resarch,2022.0,United States,1712762.0,Nasdaq,False,True,3768.0,micro
SNES,SenesTech Inc. Common Stock,5748955.0,Industrials,Agricultural Chemicals,2016.0,United States,1680378.0,Nasdaq,False,True,3769.0,micro
AZI,Autozi Internet Technology (Global) Ltd. Class A Ordinary Shares,5733544.0,Consumer Discretionary,Automotive Aftermarket,2024.0,China,1959726.0,Nasdaq,False,False,,
RMSG,Real Messenger Corporation Ordinary Shares,5720475.0,Technology,Computer Software: Programming Data Processing,,United States,1983324.0,Nasdaq,False,True,3770.0,micro
SYNX,Silynxcom Ltd. Ordinary Shares,5692350.0,Consumer Staples,Consumer Electronics/Appliances,2024.0,,1976443.0,NYSE,False,False,,
RENX,RenX Enterprises Corp. Common Stock,5662887.0,Utilities,Environmental Services,,United States,1959023.0,Nasdaq,False,True,3771.0,micro
YCBD,cbdMD Inc. Common Stock,5600281.0,Consumer Discretionary,Package Goods/Cosmetics,2017.0,United States,1644903.0,NYSE,False,True,3772.0,micro
DSS,DSS Inc. Common Stock,5543470.0,Consumer Discretionary,Containers/Packaging,,United States,771999.0,NYSE,False,True,3773.0,micro
VMAR,Vision Marine Technologies Inc. Common Shares,5518239.0,Industrials,Marine Transportation,2020.0,Canada,1813783.0,Nasdaq,False,False,,
BGMS,Bio Green Med Solution Inc. Common Stock,5514138.0,Health Care,Biotechnology: Pharmaceutical Preparations,,United States,1130166.0,Nasdaq,False,True,3774.0,micro
KITT,Nauticus Robotics Inc. Common stock,5512812.0,Industrials,Industrial Machinery/Components,2021.0,United States,1849820.0,Nasdaq,False,True,3775.0,micro
JWEL,Jowell Global Ltd. Ordinary Shares,5512624.0,Consumer Discretionary,Other Consumer Services,2021.0,China,1805594.0,Nasdaq,False,False,,
CDIO,Cardio Diagnostics Holdings Inc. Common stock,5445423.0,Health Care,Biotechnology: In Vitro & In Vivo Diagnostic Substances,2022.0,United States,1870144.0,Nasdaq,False,True,3776.0,micro
STFS,Star Fashion Culture Holdings Limited Class A Ordinary Shares,5395868.0,Consumer Discretionary,Advertising,2024.0,China,2003061.0,Nasdaq,False,False,,
OMH,Ohmyhome Limited Class A Ordinary Shares,5386918.0,Finance,Real Estate,2023.0,Singapore,1944902.0,Nasdaq,False,False,,
PULM,Pulmatrix Inc. Common Stock,5368859.0,Health Care,Biotechnology: Pharmaceutical Preparations,2014.0,United States,1574235.0,Nasdaq,False,True,3777.0,micro
KAPA,Kairos Pharma Ltd. Common Stock,5348905.0,Health Care,Biotechnology: Pharmaceutical Preparations,2024.0,,1962011.0,NYSE,False,False,,
TWAV,TaoWeave Inc. Common Stock,5292404.0,Technology,Computer Software: Programming Data Processing,,United States,746210.0,Nasdaq,False,True,3778.0,micro
VEEE,Twin Vee PowerCats Co. Common Stock,5250948.0,Industrials,Marine Transportation,2021.0,United States,1855509.0,Nasdaq,False,True,3779.0,micro
CWD,CaliberCos Inc. Class A Common Stock,5230750.0,Finance,Real Estate,2023.0,United States,1627282.0,Nasdaq,False,True,3780.0,micro
VEEA,Veea Inc. Common Stock,5194882.0,Technology,EDP Services,2021.0,United States,1840317.0,Nasdaq,False,True,3781.0,micro
POAS,Phaos Technology Holdings (Cayman) Limited Class A Ordinary Shares,5193594.0,Industrials,Industrial Machinery/Components,2025.0,,2024258.0,NYSE,False,False,,
PMCB,PharmaCyte  Biotech Inc. Common Stock,5160626.0,Health Care,Biotechnology: Biological Products (No Diagnostic Substances),,United States,1157075.0,Nasdaq,False,True,3782.0,micro
LIMN,Liminatus Pharma Inc. Class A Common Stock,5157919.0,Health Care,Biotechnology: Biological Products (No Diagnostic Substances),,United States,1971387.0,Nasdaq,False,True,3783.0,micro
YDKG,Yueda Digital Holding Class A Ordinary Share,5155412.0,Consumer Discretionary,Advertising,2007.0,China,1413745.0,Nasdaq,False,False,,
DRMA,Dermata Therapeutics Inc. Common Stock,5148343.0,Health Care,Biotechnology: Pharmaceutical Preparations,2021.0,United States,1853816.0,Nasdaq,False,True,3784.0,micro
BRTX,BioRestorative Therapies Inc. Common Stock (NV),5138947.0,Health Care,Managed Health Care,,United States,1505497.0,Nasdaq,False,True,3785.0,micro
NXL,Nexalin Technology Inc. Common Stock,5133986.0,Health Care,Biotechnology: Electromedical & Electrotherapeutic Apparatus,2022.0,United States,1527352.0,Nasdaq,False,True,3786.0,micro
ITOC,iTonic Holdings Ltd Class A Ordinary Shares,5116705.0,Health Care,Biotechnology: Electromedical & Electrotherapeutic Apparatus,2024.0,China,1970544.0,Nasdaq,False,False,,
WBUY,WEBUY GLOBAL LTD. Class A Ordinary Shares,5102360.0,Consumer Discretionary,Other Specialty Stores,2023.0,Singapore,1946703.0,Nasdaq,False,False,,
CANF,Can-Fite Biopharma Ltd American Depositary Shares each representing two (2) Ordinary Shares,5056411.0,Health Care,Biotechnology: Pharmaceutical Preparations,,Israel,1536196.0,NYSE,False,False,,
SCKT,Socket Mobile Inc. Common Stock,5054609.0,Technology,Computer Manufacturing,,United States,944075.0,Nasdaq,False,True,3787.0,micro
GOVX,GeoVax Labs Inc. Common Stock,5024364.0,Health Care,Biotechnology: Pharmaceutical Preparations,,United States,832489.0,Nasdaq,False,True,3788.0,micro
MASK,3 E Network Technology Group Ltd Class A Ordinary Shares,4994337.0,Technology,EDP Services,2025.0,China,1993097.0,Nasdaq,False,False,,
SNTG,Sentage Holdings Inc. Class A Ordinary Shares,4993479.0,Finance,Finance: Consumer Services,2021.0,China,1810467.0,Nasdaq,False,False,,
MLEC,Moolec Science SA Ordinary Shares,4944864.0,Finance,Blank Checks,,Luxembourg,1937737.0,Nasdaq,False,False,,
TRNR,Interactive Strength Inc. Common Stock,4907697.0,Technology,Consumer Electronics/Appliances,2023.0,United States,1785056.0,Nasdaq,False,True,3789.0,micro
LABT,Lakewood-Amedex Biotherapeutics Inc. Common Stock,4905254.0,Health Care,Biotechnology: Pharmaceutical Preparations,,United States,2079272.0,Nasdaq,False,True,3790.0,micro
FBGL,FBS Global Limited Ordinary Shares,4883925.0,Consumer Discretionary,Homebuilding,2025.0,Singapore,1938534.0,Nasdaq,False,False,,
SONM,DNA X Inc. Common Stock,4883156.0,Utilities,Telecommunications Equipment,2019.0,United States,1178697.0,Nasdaq,False,True,3791.0,micro
LESL,Leslie's Inc. Common Stock,4870984.0,Consumer Discretionary,Other Specialty Stores,2020.0,United States,1821806.0,Nasdaq,False,True,3792.0,micro
TGL,Treasure Global Inc. Common Stock,4867532.0,Consumer Discretionary,Business Services,2022.0,United States,1905956.0,Nasdaq,False,True,3793.0,micro
HYFM,Hydrofarm Holdings Group Inc. Common Stock,4867516.0,Consumer Discretionary,Consumer Specialties,2020.0,United States,1695295.0,Nasdaq,False,True,3794.0,micro
GWAV,Greenwave Technology Solutions Inc. Common Stock,4811860.0,Industrials,Metal Fabrications,,United States,1589149.0,Nasdaq,False,True,3795.0,micro
CHNR,China Natural Resources Inc. Common Stock,4809562.0,Basic Materials,Precious Metals,,Hong Kong,793628.0,Nasdaq,False,False,,
FAMI,Farmmi Inc. Class A Ordinary Shares,4806048.0,Consumer Staples,Packaged Foods,2018.0,China,1701261.0,Nasdaq,False,False,,
ABTS,Abits Group Inc Ordinary Shares,4757379.0,Finance,Finance: Consumer Services,,China,1864055.0,Nasdaq,False,False,,
CVKD,Cadrenal Therapeutics Inc. Common Stock,4744897.0,Health Care,Biotechnology: Pharmaceutical Preparations,2023.0,United States,1937993.0,Nasdaq,False,True,3796.0,micro
CNET,ZW Data Action Technologies Inc. Common Stock,4732273.0,Technology,Computer Software: Programming Data Processing,,China,1376321.0,Nasdaq,False,False,,
GCDT,Green Circle Decarbonize Technology Limited Class A Ordinary Shares,4712500.0,Industrials,Industrial Machinery/Components,2026.0,,1926293.0,NYSE,False,False,,
APVO,Aptevo Therapeutics Inc. Common Stock,4685122.0,Health Care,Biotechnology: Pharmaceutical Preparations,,United States,1671584.0,Nasdaq,False,True,3797.0,micro
VIVS,VivoSim Labs Inc. Common Stock,4640901.0,Health Care,Biotechnology: Biological Products (No Diagnostic Substances),,United States,1497253.0,Nasdaq,False,True,3798.0,micro
DXST,Decent Holding Inc Class A Ordinary Shares,4628576.0,Industrials,Miscellaneous,2025.0,China,1958133.0,Nasdaq,False,False,,
INTJ,Intelligent Group Limited Class A Ordinary Shares ,4612494.0,Consumer Discretionary,Professional Services,2024.0,Hong Kong,1916416.0,Nasdaq,False,False,,
EZRA,Reliance Global Group Inc. Common Stock,4586225.0,Finance,Specialty Insurers,,United States,1812727.0,Nasdaq,False,True,3799.0,micro
BTTC,Black Titan Corporation Ordinary Shares,4554432.0,Health Care,Biotechnology: Biological Products (No Diagnostic Substances),,Malaysia,2034400.0,Nasdaq,False,False,,
JTAI,Jet.AI Inc. Common Stock,4553627.0,Consumer Discretionary,Transportation Services,2021.0,United States,1861622.0,Nasdaq,False,True,3800.0,micro
SBFM,Sunshine Biopharma Inc. Common Stock,4536484.0,Health Care,Biotechnology: Pharmaceutical Preparations,,Canada,1402328.0,Nasdaq,False,False,,
EEIQ,EpicQuest Education Group International Limited Common Stock,4528213.0,Real Estate,Other Consumer Services,2021.0,United States,1781397.0,Nasdaq,False,True,3801.0,micro
JUNS,Jupiter Neurosciences Inc. Common Stock,4522527.0,Health Care,Biotechnology: Pharmaceutical Preparations,2024.0,United States,1679628.0,Nasdaq,False,True,3802.0,micro
AGRZ,Agroz Inc. Class A Ordinary Shares,4507463.0,Consumer Staples,Farming/Seeds/Milling,2025.0,Malaysia,2009233.0,Nasdaq,False,False,,
RDHL,Redhill Biopharma Ltd. American Depositary Shares,4505962.0,Health Care,Biotechnology: Pharmaceutical Preparations,,Israel,1553846.0,Nasdaq,False,False,,
XRTX,XORTX Therapeutics Inc. Common Shares,4505081.0,Health Care,Biotechnology: Pharmaceutical Preparations,,Canada,1729214.0,Nasdaq,False,False,,
INM,InMed Pharmaceuticals Inc. Common Shares,4473985.0,Health Care,Biotechnology: Pharmaceutical Preparations,,Canada,1728328.0,Nasdaq,False,False,,
CNEY,CN Energy Group Inc. Class A Ordinary Shares,4432247.0,Industrials,Major Chemicals,2021.0,China,1780785.0,Nasdaq,False,False,,
MTR,Mesa Royalty Trust Common Stock,4398072.0,Energy,Oil & Gas Production,,United States,313364.0,NYSE,False,True,3803.0,micro
AGMH,AGM Group Holdings Inc. Class A Ordinary Shares,4385805.0,Technology,EDP Services,2018.0,Hong Kong,1705402.0,Nasdaq,False,False,,
SILO,Silo Pharma Inc. Common Stock,4383125.0,Health Care,Biotechnology: Pharmaceutical Preparations,,United States,1514183.0,Nasdaq,False,True,3804.0,micro
CSAI,Cloudastructure Inc. Class A Common Stock,4376396.0,Technology,Computer Software: Programming Data Processing,,United States,1709628.0,Nasdaq,False,True,3805.0,micro
GRI,GRI Bio Inc. Common Stock,4372230.0,Health Care,Biotechnology: Pharmaceutical Preparations,2021.0,United States,1824293.0,Nasdaq,False,True,3806.0,micro
GVH,Globavend Holdings Limited Ordinary Shares,4347218.0,Industrials,Integrated Freight & Logistics,2023.0,Australia,1978527.0,Nasdaq,False,False,,
CETX,Cemtrex Inc. Common Stock,4337275.0,Technology,Electrical Products,,United States,1435064.0,Nasdaq,False,True,3807.0,micro
BGLC,BioNexus Gene Lab Corp Common stock,4312160.0,Health Care,Medical Specialities,,Malaysia,1737523.0,Nasdaq,False,False,,
GLMD,Galmed Pharmaceuticals Ltd. Ordinary Shares,4290206.0,Health Care,Biotechnology: Pharmaceutical Preparations,2014.0,Israel,1595353.0,Nasdaq,False,False,,
RIME,Algorhythm Holdings Inc. Common Stock,4264524.0,Technology,EDP Services,,United States,923601.0,Nasdaq,False,True,3808.0,micro
INLF,INLIF LIMITED Class A Ordinary Shares,4263065.0,Industrials,Industrial Machinery/Components,2025.0,China,1991592.0,Nasdaq,False,False,,
PAVS,Paranovus Entertainment Technology Ltd. Class A Ordinary Shares,4261226.0,Technology,EDP Services,2019.0,China,1751876.0,Nasdaq,False,False,,
FMFC,Kandal M Venture Limited Class A Ordinary Shares,4260000.0,Consumer Discretionary,Apparel,2025.0,Cambodia,2024656.0,Nasdaq,False,False,,
TCRT,Alaunos Therapeutics Inc. Common Stock,4242602.0,Health Care,Biotechnology: Pharmaceutical Preparations,,United States,1107421.0,Nasdaq,False,True,3809.0,micro
WETO,Wetour Robotics Limited Ordinary Shares,4235758.0,Industrials,Other Transportation,2025.0,China,1941158.0,Nasdaq,False,False,,
NCRA,Nocera Inc. Common Stock,4219935.0,Consumer Staples,Farming/Seeds/Milling,,Taiwan,1756180.0,Nasdaq,False,False,,
BKYI,BIO-key International Inc. Common Stock,4208488.0,Technology,Computer Software: Prepackaged Software,,United States,1019034.0,Nasdaq,False,True,3810.0,micro
TOPS,TOP Ships Inc. Common Stock,4202803.0,Consumer Discretionary,Marine Transportation,,Greece,1296484.0,NYSE,False,False,,
HIHO,Highway Holdings Limited Common Stock,4180202.0,Industrials,Metal Fabrications,,Hong Kong,1026785.0,Nasdaq,False,False,,
DBGI,Digital Brands Group Inc. Common Stock,4172785.0,Consumer Discretionary,Clothing/Shoe/Accessory Stores,2025.0,United States,1668010.0,Nasdaq,False,True,3811.0,micro
ELAB,PMGC Holdings Inc. Common Stock,4120757.0,Health Care,Biotechnology: Pharmaceutical Preparations,2023.0,United States,1840563.0,Nasdaq,False,True,3812.0,micro
MBIO,Mustang Bio Inc. Common Stock,4114586.0,Health Care,Biotechnology: Pharmaceutical Preparations,,United States,1680048.0,Nasdaq,False,True,3813.0,micro
MKZR,MacKenzie Realty Capital Inc. Common Stock,4106538.0,Real Estate,Real Estate Investment Trusts,,United States,1550913.0,Nasdaq,False,True,3814.0,micro
BOXL,Boxlight Corporation Class A Common Stock,4077771.0,Real Estate,Other Consumer Services,2017.0,United States,1624512.0,Nasdaq,False,True,3815.0,micro
CAPS,Capstone Holding Corp. Common Stock,4062900.0,Consumer Discretionary,RETAIL: Building Materials,,United States,887151.0,Nasdaq,False,True,3816.0,micro
CTNT,Cheetah Net Supply Chain Service Inc Class A Common Stock,4012427.0,Consumer Discretionary,Motor Vehicles,2023.0,United States,1951667.0,Nasdaq,False,True,3817.0,micro
VBIO,Valion Bio Inc. Common Stock,4011150.0,Health Care,Biotechnology: Electromedical & Electrotherapeutic Apparatus,2021.0,United States,1787740.0,Nasdaq,False,True,3818.0,micro
NTCL,NETCLASS TECHNOLOGY INC Class A Ordinary Shares,4002253.0,Technology,Computer Software: Prepackaged Software,2024.0,China,1927578.0,Nasdaq,False,False,,
REVB,Revelation Biosciences Inc. Common Stock,3983416.0,Health Care,Biotechnology: Pharmaceutical Preparations,2020.0,United States,1810560.0,Nasdaq,False,True,3819.0,micro
APUS,Apimeds Pharmaceuticals US Inc. Common Stock,3968980.0,Health Care,Biotechnology: Pharmaceutical Preparations,2025.0,,1894525.0,NYSE,False,False,,
MSGY,Masonglory Limited Class A Ordinary Shares ,3963699.0,Consumer Discretionary,Engineering & Construction,2025.0,Hong Kong,2020228.0,Nasdaq,False,False,,
GBR,New Concept Energy Inc Common Stock,3936707.0,Energy,Oil & Gas Production,1993.0,United States,105744.0,NYSE,False,True,3820.0,micro
ATXG,Addentax Group Corp. Common Stock,3926894.0,Consumer Discretionary,Professional Services,,China,1650101.0,Nasdaq,False,False,,
FLYE,Fly-E Group Inc. Common Stock,3917726.0,Industrials,Aerospace,2024.0,United States,1975940.0,Nasdaq,False,True,3821.0,micro
CHSN,Chanson International Holding Class A Ordinary Shares,3895276.0,Consumer Staples,Packaged Foods,2023.0,China,1825349.0,Nasdaq,False,False,,
EJH,E-Home Household Service Holdings Limited Ordinary Shares,3840185.0,Consumer Discretionary,Other Consumer Services,2021.0,China,1769768.0,Nasdaq,False,False,,
CPOP,Pop Culture Group Co. Ltd Class A Ordinary Shares,3818682.0,Consumer Discretionary,Services-Misc. Amusement & Recreation,2021.0,China,1807389.0,Nasdaq,False,False,,
PHGE,BiomX Inc. COmmon Stock,3808151.0,Health Care,Biotechnology: Biological Products (No Diagnostic Substances),2019.0,,1739174.0,NYSE,False,False,,
VTAK,Catheter Precision Inc. Common Stock,3807690.0,Health Care,Medical/Dental Instruments,2018.0,,1716621.0,NYSE,False,False,,
FEED,ENvue Medical Inc. Common Stock,3796481.0,Health Care,Industrial Specialties,,United States,1326706.0,Nasdaq,False,True,3822.0,micro
BJDX,Bluejay Diagnostics Inc. Common Stock,3793822.0,Health Care,Medical/Dental Instruments,2021.0,United States,1704287.0,Nasdaq,False,True,3823.0,micro
YYAI,AiRWA Inc. Common Stock,3792007.0,Technology,Computer Software: Programming Data Processing,,United States,1674440.0,Nasdaq,False,True,3824.0,micro
JAGX,Jaguar Health Inc. Common Stock,3772342.0,Health Care,Biotechnology: Pharmaceutical Preparations,2015.0,United States,1585608.0,Nasdaq,False,True,3825.0,micro
ISPC,iSpecimen Inc. Common Stock,3752699.0,Health Care,Biotechnology: Commercial Physical & Biological Resarch,2021.0,United States,1558569.0,Nasdaq,False,True,3826.0,micro
SDST,Stardust Power Inc. Common Stock,3667293.0,Industrials,Major Chemicals,2021.0,United States,1831979.0,Nasdaq,False,True,3827.0,micro
CHR,Cheer Holding Inc. Class A Ordinary Share,3649887.0,Technology,EDP Services,2018.0,China,1738758.0,Nasdaq,False,False,,
KWM,K Wave Media Ltd. Ordinary Shares,3631739.0,Consumer Discretionary,Movies/Entertainment,,Cayman Islands,2000756.0,Nasdaq,False,False,,
PPCB,Propanc Biopharma Inc. Common Stock,3609239.0,Health Care,Biotechnology: Pharmaceutical Preparations,,Australia,1517681.0,Nasdaq,False,False,,
ICON,Icon Energy Corp. Common stock,3608941.0,Consumer Discretionary,Marine Transportation,2024.0,Greece,1995574.0,Nasdaq,False,False,,
HTCR,Heartcore Enterprises Inc. Common Stock,3591327.0,Technology,EDP Services,2022.0,Japan,1892322.0,Nasdaq,False,False,,
SHPH,Shuttle Pharmaceuticals Holdings Inc. Common Stock,3584977.0,Health Care,Biotechnology: Pharmaceutical Preparations,2022.0,United States,1757499.0,Nasdaq,False,True,3828.0,micro
ARTL,Artelo Biosciences Inc. Common Stock,3571486.0,Health Care,Biotechnology: Pharmaceutical Preparations,,United States,1621221.0,Nasdaq,False,True,3829.0,micro
TOPP,Toppoint Holdings Inc. Common Stock,3537040.0,Industrials,Trucking Freight/Courier Services,2025.0,,1960847.0,NYSE,False,False,,
RBNE,Robin Energy Ltd. Common Stock,3530587.0,Consumer Discretionary,Marine Transportation,,Cyprus,2039060.0,Nasdaq,False,False,,
VVOS,Vivos Therapeutics Inc. Common Stock,3474383.0,Health Care,Medical/Dental Instruments,2020.0,United States,1716166.0,Nasdaq,False,True,3830.0,micro
XAIR,Beyond Air Inc. Common Stock,3466624.0,Health Care,Medical/Dental Instruments,,United States,1641631.0,Nasdaq,False,True,3831.0,micro
CLDI,Calidi Biotherapeutics Inc. Common Stock,3462807.0,Health Care,Biotechnology: Biological Products (No Diagnostic Substances),2021.0,,1855485.0,NYSE,False,False,,
AMZE,Amaze Holdings Inc. Common Stock,3415164.0,Consumer Discretionary,Catalog/Specialty Distribution,2021.0,,1880343.0,NYSE,False,False,,
SPRC,SciSparc Ltd. Ordinary Shares,3398692.0,Health Care,Biotechnology: Pharmaceutical Preparations,,Israel,1611746.0,Nasdaq,False,False,,
RDGT,Ridgetech Inc. Ordinary Shares,3393983.0,Consumer Staples,Retail-Drug Stores and Proprietary Stores,,China,1856084.0,Nasdaq,False,False,,
NXGL,NexGel Inc Common Stock,3386338.0,Health Care,Medical/Dental Instruments,2021.0,United States,1468929.0,Nasdaq,False,True,3832.0,micro
IVDA,Iveda Solutions Inc. Common Stock,3380137.0,Technology,Computer Software: Prepackaged Software,,United States,1397183.0,Nasdaq,False,True,3833.0,micro
BTAI,BioXcel Therapeutics Inc. Common Stock,3349688.0,Health Care,Biotechnology: Pharmaceutical Preparations,2018.0,United States,1720893.0,Nasdaq,False,True,3834.0,micro
SXTP,60 Degrees Pharmaceuticals Inc. Common Stock,3339380.0,Health Care,Biotechnology: Pharmaceutical Preparations,2023.0,United States,1946563.0,Nasdaq,False,True,3835.0,micro
TANH,Tantech Holdings Ltd. Class A Common Shares,3316800.0,Industrials,Major Chemicals,2015.0,China,1588084.0,Nasdaq,False,False,,
MEDS,DataMeds AI Inc. Common Stock,3293562.0,Health Care,Other Pharmaceuticals,2025.0,United States,2030763.0,Nasdaq,False,True,3836.0,micro
FRSX,Foresight Autonomous Holdings Ltd. American Depositary Shares,3248540.0,Technology,Computer Software: Prepackaged Software,,Israel,1691221.0,Nasdaq,False,False,,
ELPW,Elong Power Holding Limited Class A Ordinary Shares,3243670.0,Miscellaneous,Industrial Machinery/Components,,China,2015691.0,Nasdaq,False,False,,
KIDZ,KIDZ AI Inc. Class B Common Stock,3236146.0,Real Estate,Other Consumer Services,,United States,2022308.0,Nasdaq,False,True,3837.0,micro
PPBT,Purple Biotech Ltd. American Depositary Shares,3221197.0,Health Care,Biotechnology: Pharmaceutical Preparations,2015.0,Israel,1614744.0,Nasdaq,False,False,,
RUBI,Rubico Inc. Common Stock,3206617.0,Consumer Discretionary,Marine Transportation,,Greece,1943421.0,Nasdaq,False,False,,
ONFO,Onfolio Holdings Inc. Common Stock,3090417.0,Technology,EDP Services,2022.0,United States,1825452.0,Nasdaq,False,True,3838.0,micro
OCG,Oriental Culture Holding LTD Ordinary Shares,3004384.0,Consumer Discretionary,Other Consumer Services,2020.0,China,1776067.0,Nasdaq,False,False,,
TNON,Tenon Medical Inc. Common Stock,2981700.0,Health Care,Medical/Dental Instruments,2022.0,United States,1560293.0,Nasdaq,False,True,3839.0,micro
IPST,IP Strategy Holdings Inc. Common Stock,2972901.0,Consumer Staples,Beverages (Production/Distribution),2024.0,United States,1788230.0,Nasdaq,False,True,3840.0,micro
LXEH,Lixiang Education Holding Co. Ltd. American Depositary Shares,2966809.0,Real Estate,Other Consumer Services,2020.0,China,1814067.0,Nasdaq,False,False,,
PRFX,PRF Technologies Ltd. Ordinary Shares,2964263.0,Health Care,Biotechnology: Pharmaceutical Preparations,2020.0,Israel,1801834.0,Nasdaq,False,False,,
TNMG,TNL Mediagene Ordinary Shares,2958252.0,Consumer Discretionary,Advertising,,Taiwan,2013186.0,Nasdaq,False,False,,
JEM,707 Cayman Holdings Limited Ordinary Shares,2952176.0,Consumer Discretionary,Clothing/Shoe/Accessory Stores,2025.0,China,2018222.0,Nasdaq,False,False,,
IZM,ICZOOM Group Inc. Class A Ordinary Shares,2951648.0,Consumer Discretionary,Consumer Electronics/Video Chains,2023.0,China,1854572.0,Nasdaq,False,False,,
SXTC,China SXT Pharmaceuticals Inc. Class A Ordinary Shares,2933677.0,Health Care,Biotechnology: Pharmaceutical Preparations,2019.0,China,1723980.0,Nasdaq,False,False,,
CDTG,CDT Environmental Technology Investment Holdings Limited ordinary shares,2909827.0,Industrials,Miscellaneous,2024.0,China,1793895.0,Nasdaq,False,False,,
EDBL,Edible Garden AG Incorporated Common Stock,2907748.0,Consumer Staples,Farming/Seeds/Milling,2022.0,United States,1809750.0,Nasdaq,False,True,3841.0,micro
CRIS,Curis Inc. Common Stock,2884306.0,Health Care,Biotechnology: Biological Products (No Diagnostic Substances),,United States,1108205.0,Nasdaq,False,True,3842.0,micro
GNPX,Genprex Inc. Common Stock,2877179.0,Health Care,Biotechnology: Pharmaceutical Preparations,2018.0,United States,1595248.0,Nasdaq,False,True,3843.0,micro
STKH,Steakholder Foods Ltd. American Depositary Shares,2862027.0,Consumer Staples,Packaged Foods,2021.0,Israel,1828098.0,Nasdaq,False,False,,
GCTK,GlucoTrack Inc. Common Stock,2817448.0,Health Care,Medical/Dental Instruments,,United States,1506983.0,Nasdaq,False,True,3844.0,micro
VSME,VS Media Holdings Limited Class A Ordinary Shares,2778292.0,Consumer Discretionary,Advertising,2023.0,Singapore,1951294.0,Nasdaq,False,False,,
CIIT,Tianci International Inc. Common Stock,2776412.0,Telecommunications,Computer Communications Equipment,,Hong Kong,1557798.0,Nasdaq,False,False,,
CMND,Clearmind Medicine Inc. Common Shares,2748269.0,Health Care,Biotechnology: Pharmaceutical Preparations,,Canada,1892500.0,Nasdaq,False,False,,
MTNB,Matinas Biopharma Holdings Inc. Common Stock,2732860.0,Health Care,Biotechnology: Pharmaceutical Preparations,2017.0,United States,1582554.0,NYSE,False,True,3845.0,micro
ITP,IT Tech Packaging Inc. Common Stock,2716164.0,Consumer Discretionary,Containers/Packaging,,China,1358190.0,NYSE,False,False,,
NUWE,Nuwellis Inc. Common Stock,2695328.0,Health Care,Biotechnology: Electromedical & Electrotherapeutic Apparatus,,United States,1506492.0,Nasdaq,False,True,3846.0,micro
ONCO,Onconetix Inc. Common Stock,2662883.0,Health Care,Biotechnology: Pharmaceutical Preparations,2022.0,United States,1782107.0,Nasdaq,False,True,3847.0,micro
PW,Power REIT (MD) Common Stock,2646935.0,Real Estate,Real Estate Investment Trusts,1998.0,United States,1532619.0,NYSE,False,True,3848.0,micro
JZ,Jianzhi Education Technology Group Company Limited American Depositary Shs,2625061.0,Real Estate,Other Consumer Services,2022.0,China,1852440.0,Nasdaq,False,False,,
NIVF,NewGenIvf Group Limited Class A Ordinary Shares,2583671.0,Health Care,Misc Health and Biotechnology Services,,Singapore,1981662.0,Nasdaq,False,False,,
IVF,INVO Fertility Inc. Common Stock,2532039.0,Health Care,Medical/Dental Instruments,,United States,1417926.0,Nasdaq,False,True,3849.0,micro
NXTS,Nexentis Technologies Inc. Common Stock,2499733.0,Industrials,Agricultural Chemicals,,Israel,1789192.0,Nasdaq,False,False,,
SOBR,SOBR Safe Inc. Common Stock,2444716.0,Consumer Discretionary,Newspapers/Magazines,,United States,1425627.0,Nasdaq,False,True,3850.0,micro
CHGA,Change Agents Corporation Common Stock,2443483.0,Technology,EDP Services,,United States,1630212.0,Nasdaq,False,True,3851.0,micro
RAYA,Erayak Power Solution Group Inc. Class A Ordinary Shares,2425833.0,Consumer Discretionary,Metal Fabrications,2022.0,China,1825875.0,Nasdaq,False,False,,
VCIG,VCI Global Limited Ordinary Share,2317688.0,Consumer Discretionary,Diversified Commercial Services,2023.0,Malaysia,1930510.0,Nasdaq,False,False,,
ATPC,Agape ATP Corporation Common Stock,2311446.0,Health Care,Medical/Nursing Services,,Malaysia,1713210.0,Nasdaq,False,False,,
OGEN,Oragenics Inc. Common Stock,2283501.0,Health Care,Biotechnology: Pharmaceutical Preparations,,United States,1174940.0,NYSE,False,True,3852.0,micro
BRNX,BrenX Ltd. Ordinary Shares,2278006.0,Industrials,Building Products,,Israel,1901215.0,Nasdaq,False,False,,
GSUN,Golden Sun Technology Group Limited Class A Ordinary Shares,2256496.0,Real Estate,Other Consumer Services,2022.0,China,1826376.0,Nasdaq,False,False,,
LBGJ,Li Bang International Corporation Class A Ordinary Shares,2123525.0,Industrials,Industrial Machinery/Components,2024.0,China,1896425.0,Nasdaq,False,False,,
CISS,C3is Inc. Common Stock,2083158.0,Consumer Discretionary,Marine Transportation,,Greece,1951067.0,Nasdaq,False,False,,
VRAX,Virax Biolabs Group Limited Ordinary Shares,2028334.0,Health Care,Biotechnology: In Vitro & In Vivo Diagnostic Substances,2022.0,United Kingdom,1885827.0,Nasdaq,False,False,,
AKAN,Akanda Corp. Common Shares,2022745.0,Health Care, Medicinal Chemicals and Botanical Products ,2022.0,United Kingdom,1888014.0,Nasdaq,False,False,,
SLXN,Silexion Therapeutics Corp Ordinary Shares,2021462.0,Health Care,Biotechnology: Biological Products (No Diagnostic Substances),,Israel,2022416.0,Nasdaq,False,False,,
EZGO,EZGO Technologies Ltd. Ordinary Shares,2011205.0,Consumer Discretionary,Motor Vehicles,2021.0,China,1806904.0,Nasdaq,False,False,,
GNLN,Greenlane Holdings Inc. Class A Common Stock,2007232.0,Consumer Discretionary,Durable Goods,2019.0,United States,1743745.0,Nasdaq,False,True,3853.0,micro
PWCM,PowerCompute Inc. Common Stock,1991490.0,Finance,Finance: Consumer Services,2015.0,United States,1640384.0,Nasdaq,False,True,3854.0,micro
SHFS,SHF Holdings Inc. Class A Common Stock,1989306.0,Finance,Finance: Consumer Services,2021.0,United States,1854963.0,Nasdaq,False,True,3855.0,micro
YHC,LQR House Inc. Common Stock,1968824.0,Consumer Staples,Beverages (Production/Distribution),2023.0,United States,1843165.0,Nasdaq,False,True,3856.0,micro
DCOY,Decoy Therapeutics Inc. Common Stock,1952451.0,Health Care,Biotechnology: Pharmaceutical Preparations,2015.0,United States,1615219.0,Nasdaq,False,True,3857.0,micro
EDVA,Endovia Health Sciences Inc. Common Stock,1943358.0,Consumer Staples,Beverages (Production/Distribution),2021.0,,1553788.0,NYSE,False,False,,
TRUG,TruGolf Holdings Inc. Class A Common Stock,1943228.0,Consumer Discretionary,Recreational Games/Products/Toys,2021.0,United States,1857086.0,Nasdaq,False,True,3858.0,micro
BTOG,Bit Origin Limited Class A Ordinary Shares,1930685.0,Finance,Finance: Consumer Services,2019.0,United States,1735556.0,Nasdaq,False,True,3859.0,micro
IMCC,IM Cannabis Corp. Common Shares,1811766.0,Health Care, Medicinal Chemicals and Botanical Products ,,Canada,1792030.0,Nasdaq,False,False,,
MNDR,Mobile-health Network Solutions Class A Ordinary Shares,1791806.0,Technology,Computer Software: Prepackaged Software,2024.0,Singapore,1976695.0,Nasdaq,False,False,,
IBG,Innovation Beverage Group Limited Ordinary Shares,1761405.0,Consumer Staples,Beverages (Production/Distribution),2024.0,Australia,1924482.0,Nasdaq,False,False,,
IPDN,Professional Diversity Network Inc. Common Stock,1742709.0,Technology,Computer Software: Programming Data Processing,2013.0,United States,1546296.0,Nasdaq,False,True,3860.0,micro
PMAX,Powell Max Limited Class A Ordinary Shares,1706713.0,Consumer Discretionary,Other Consumer Services,2024.0,Hong Kong,2012096.0,Nasdaq,False,False,,
IPW,iPower Inc. Common Stock,1700450.0,Consumer Discretionary,RETAIL: Building Materials,2021.0,United States,1830072.0,Nasdaq,False,True,3861.0,micro
OLOX,Olenox Industries Inc. Common Stock,1692534.0,Consumer Discretionary,RETAIL: Building Materials,2017.0,United States,1023994.0,Nasdaq,False,True,3862.0,micro
MYSZ,My Size Inc. Common Stock,1675509.0,Technology,Computer Software: Prepackaged Software,,Israel,1211805.0,Nasdaq,False,False,,
XXII,22nd Century Group Inc. Common Stock,1670746.0,Health Care, Medicinal Chemicals and Botanical Products ,,United States,1347858.0,Nasdaq,False,True,3863.0,micro
SNYR,Synergy CHC Corp. Common Stock,1668787.0,Health Care,Other Pharmaceuticals,2024.0,United States,1562733.0,Nasdaq,False,True,3864.0,micro
IMTE,Integrated Media Technology Limited Ordinary Shares,1640847.0,Consumer Staples,Consumer Electronics/Appliances,,Australia,1668438.0,Nasdaq,False,False,,
PFSA,Profusa Inc. Common Stock,1617077.0,Health Care,Medical/Dental Instruments,,United States,1859807.0,Nasdaq,False,True,3865.0,micro
DXF,Eason Technology Limited American Depositary Shares (each representing sixty-thousand (60000) Ordinary Shares),1543551.0,Finance,Finance: Consumer Services,,,1499494.0,NYSE,False,False,,
DRCT,Direct Digital Holdings Inc. Class A Common Stock,1533209.0,Consumer Discretionary,Advertising,2022.0,United States,1880613.0,Nasdaq,False,True,3866.0,micro
SUGP,SU Group Holdings Limited Class A Ordinary Shares,1461972.0,Consumer Discretionary,Diversified Commercial Services,2024.0,Hong Kong,1969863.0,Nasdaq,False,False,,
LGCL,Lucas GC Limited Class A Ordinary Shares,1461719.0,Technology,Computer Software: Programming Data Processing,2024.0,China,1954694.0,Nasdaq,False,False,,
SMTK,SmartKem Inc. Common Stock,1430146.0,Technology,Semiconductors,,United States,1817760.0,Nasdaq,False,True,3867.0,micro
LRHC,La Rosa Holdings Corp. Common Stock,1410079.0,Finance,Real Estate,2023.0,United States,1879403.0,Nasdaq,False,True,3868.0,micro
LNKS,Linkers Industries Limited Class A Ordinary Shares,1380081.0,Technology,Electrical Products,2024.0,Malaysia,1972074.0,Nasdaq,False,False,,
FCHL,Fitness Champs Holdings Limited Common Stock,1371492.0,Consumer Discretionary,Services-Misc. Amusement & Recreation,2025.0,Singapore,2023796.0,Nasdaq,False,False,,
UK,Ucommune International Ltd Class A Ordinary Shares,1342343.0,Consumer Discretionary,Business Services,2019.0,United States,1821424.0,Nasdaq,False,True,3869.0,micro
AEMD,Aethlon Medical Inc. Common Stock,1294268.0,Health Care,Medical/Dental Instruments,,United States,882291.0,Nasdaq,False,True,3870.0,micro
AIXI,XIAO-I Corporation American Depositary Shares,1289526.0,Technology,Computer Software: Prepackaged Software,2023.0,China,1935172.0,Nasdaq,False,False,,
MI,NFT Limited Class A Ordinary Share,1256393.0,Finance,Finance: Consumer Services,2023.0,,1958713.0,NYSE,False,False,,
MSS,Maison Solutions Inc. Class A Common Stock,1248795.0,Consumer Staples,Food Chains,2023.0,United States,1892292.0,Nasdaq,False,True,3871.0,micro
RKDA,Arcadia Biosciences Inc. Common Stock,1228216.0,Energy,Oil & Gas Production,2015.0,United States,1469443.0,Nasdaq,False,True,3872.0,micro
GIPR,Generation Income Properties Inc. Common Stock,1197939.0,Real Estate,Real Estate Investment Trusts,,United States,1651721.0,Nasdaq,False,True,3873.0,micro
SCNI,Scinai Immunotherapeutics Ltd. American Depositary Shares,1173150.0,Health Care,Biotechnology: Biological Products (No Diagnostic Substances),2015.0,Israel,1611747.0,Nasdaq,False,False,,
HAO,Haoxi Health Technology Limited Class A Ordinary Shares,1147805.0,Consumer Discretionary,Advertising,2024.0,China,1954594.0,Nasdaq,False,False,,
YMT,Yimutian Inc. American Depositary Shares,1057988.0,Technology,EDP Services,2025.0,China,1991605.0,Nasdaq,False,False,,
NEXR,Nexera Technologies Ltd Ordinary Shares,1031308.0,Consumer Discretionary,Other Specialty Stores,2022.0,Israel,1885408.0,Nasdaq,False,False,,
BDRX,Biodexa Pharmaceuticals plc American Depositary Shs,807714.0,Health Care,Biotechnology: Pharmaceutical Preparations,,United Kingdom,1643918.0,Nasdaq,False,False,,
GMEX,GMEX ROBOTICS CORPORATION Class A Ordinary Shares,716317.0,Consumer Discretionary,Recreational Games/Products/Toys,2023.0,Australia,1928581.0,Nasdaq,False,False,,
CDT,CDT Equity Inc. Common Stock,715948.0,Health Care,Biotechnology: Pharmaceutical Preparations,2022.0,United States,1896212.0,Nasdaq,False,True,3874.0,micro
FRGT,Freight Technologies Inc. Ordinary Shares,686550.0,Industrials,Integrated Freight & Logistics,2017.0,United States,1687542.0,Nasdaq,False,True,3875.0,micro
LGHL,Lion Group Holding Ltd. American Depositary Share,380318.0,Finance,Investment Bankers/Brokers/Service,,China,1806524.0,Nasdaq,False,False,,
FGL,Founder Group Limited Class A Ordinary Shares,184458.0,Consumer Discretionary,Engineering & Construction,2024.0,Malaysia,1989930.0,Nasdaq,False,False,,
MGN,Megan Holdings Limited Class A Ordinary Shares,120250.0,Consumer Staples,Farming/Seeds/Milling,2025.0,Malaysia,1995075.0,Nasdaq,False,False,,
PARAW,Banzai International Inc. Warrant,26632.0,Technology,Computer Software: Prepackaged Software,2021.0,United States,1826011.0,Nasdaq,False,True,3876.0,micro
RREVU,RRE Ventures Acquisition Corp. Units,0.0,Finance,Blank Checks,2026.0,United States,2123969.0,Nasdaq,False,True,,
PSBD,Palmer Square Capital BDC Inc. Common Stock,0.0,,,2024.0,,1794776.0,NYSE,False,False,,
PTY,Pimco Corporate & Income Opportunity Fund,0.0,Finance,Investment Managers,2002.0,United States,1190935.0,NYSE,False,True,,
PTORW,Praetorian Acquisition Corp. Warrant,0.0,Finance,Blank Checks,2026.0,United States,2093912.0,Nasdaq,False,True,,
FSHPR,Flag Ship Acquisition Corp. Right,0.0,,,2024.0,United States,1850059.0,Nasdaq,False,True,,
STEW,SRH Total Return Fund Inc. Common Stock,0.0,Finance,Investment Managers,,United States,102426.0,NYSE,False,True,,
AIIA,AI Infrastructure Acquisition Corp. Class A Ordinary Shares,0.0,Finance,Blank Checks,2025.0,,2073553.0,NYSE,False,False,,
NRO,Neuberger Real Estate Securities Income Fund Inc. Common Stock,0.0,Finance,Finance/Investors Services,2003.0,United States,1261166.0,NYSE,False,True,,
NRK,Nuveen New York AMT-Free Quality Municipal Income Fund ,0.0,Finance,Trusts Except Educational Religious and Charitable,2002.0,United States,1195739.0,NYSE,False,True,,
APMC,AmperCap Acquisition Company Ordinary Shares,0.0,Finance,Blank Checks,2026.0,United States,2101393.0,Nasdaq,False,True,,
NSAIU,NorthStrive Acquisition Corp I. Units,0.0,,,2026.0,United States,2133719.0,Nasdaq,False,True,,
CTHH,Qwest Corporation 6.750% Senior Notes due 2052 (denominations of $25),0.0,Telecommunications,Telecommunications Equipment,2026.0,,68622.0,NYSE,False,False,,
BCCQ,Bleichroeder Acquisition Corp. III Class A Ordinary Shares,0.0,Finance,Blank Checks,2026.0,United States,2128045.0,Nasdaq,False,True,,
NVG,Nuveen AMT-Free Municipal Credit Income Fund ,0.0,Finance,Investment Managers,2002.0,United States,1090116.0,NYSE,False,True,,
CTAAR,ClearThink 1 Acquisition Corp. Rights,0.0,Finance,Blank Checks,2026.0,United States,2094073.0,Nasdaq,False,True,,
SSEAR,Starry Sea Acquisition Corp Rights,0.0,Finance,Blank Checks,2025.0,United States,2059165.0,Nasdaq,False,True,,
SSACW,SPACSphere Acquisition Corp. Warrant,0.0,Finance,Blank Checks,2026.0,United States,2081300.0,Nasdaq,False,True,,
SRV,NXG Cushing Midstream Energy Fund Common Shares of Beneficial Interest,0.0,Finance,Finance Companies,,United States,1400897.0,NYSE,False,True,,
FMY,First Trust Mortgage Income Fund Common Shares of Beneficial Interest,0.0,Finance,Finance/Investors Services,2005.0,United States,1319183.0,NYSE,False,True,,
NRUC,National Rural Utilities Cooperative Finance Corporation 5.500% Subordinated Notes due 2064 (Subordinated Deferrable Interest Notes),0.0,Finance,Diversified Financial Services,2019.0,United States,70502.0,NYSE,False,True,,
NOEMR,CO2 Energy Transition Corp. Right,0.0,,,2025.0,United States,1956648.0,Nasdaq,False,True,,
NNY,Nuveen New York Municipal Value Fund Common Stock,0.0,Finance,Investment Managers,1988.0,United States,818850.0,NYSE,False,True,,
FTHA,Forefront Tech Holdings Acquisition Corp Class A Ordinary Shares,0.0,Finance,Blank Checks,2026.0,Cayman Islands,2097986.0,Nasdaq,False,False,,
CRF,Cornerstone Total Return Fund Inc. (The) Common Stock,0.0,Finance,Finance/Investors Services,2003.0,United States,33934.0,NYSE,False,True,,
STK,Columbia Seligman Premium Technology Growth Fund Inc,0.0,Finance,Investment Managers,2009.0,United States,1471420.0,NYSE,False,True,,
NPV,Nuveen Virginia Quality Municipal Income Fund Common Stock,0.0,Finance,Investment Managers,1993.0,United States,897421.0,NYSE,False,True,,
NPFD,Nuveen Variable Rate Preferred & Income Fund Common Shares,0.0,Finance,Trusts Except Educational Religious and Charitable,2021.0,United States,1865389.0,NYSE,False,True,,
NPCT,Nuveen Core Plus Impact Fund Common Shares of Beneficial Interest,0.0,Finance,Investment Managers,2021.0,United States,1835068.0,NYSE,False,True,,
NPACU,New Providence Acquisition Corp. III Units,0.0,Finance,Blank Checks,2025.0,United States,2048948.0,Nasdaq,False,True,,
NMAI,Nuveen Multi-Asset Income Fund Common Shares of Beneficial Interest,0.0,Finance,Investment Managers,2021.0,United States,1861115.0,NYSE,False,True,,
NKX,Nuveen California AMT-Free Quality Municipal Income Fund,0.0,Finance,Finance/Investors Services,2002.0,United States,1195738.0,NYSE,False,True,,
FSSL,FS Specialty Lending Fund Common Shares of Beneficial Interest,0.0,Finance,Finance/Investors Services,2025.0,United States,2065812.0,NYSE,False,True,,
NMZ,Nuveen Municipal High Income Opportunity Fund Common Stock $0.01 par value per share,0.0,Finance,Finance/Investors Services,2003.0,United States,1266585.0,NYSE,False,True,,
NMT,Nuveen Massachusetts Quality Municipal Income Fund Common Stock,0.0,Finance,Finance/Investors Services,,United States,897419.0,NYSE,False,True,,
NMS,Nuveen Minnesota Quality Municipal Income Fund ,0.0,Finance,Finance Companies,2014.0,United States,1607997.0,NYSE,False,True,,
NMP,NMP Acquisition Corp. Class A Ordinary Shares,0.0,Finance,Blank Checks,2025.0,United States,2054876.0,Nasdaq,False,True,,
NML,Neuberger Energy Infrastructure and Income Fund Inc. Common Stock,0.0,Finance,Finance/Investors Services,2013.0,United States,1562051.0,NYSE,False,True,,
NMI,Nuveen Municipal Income Fund Inc. Common Stock,0.0,Finance,Trusts Except Educational Religious and Charitable,1988.0,United States,830271.0,NYSE,False,True,,
SVIVW,Spring Valley Acquisition Corp. IV Warrants,0.0,Finance,Blank Checks,2026.0,United States,2098242.0,Nasdaq,False,True,,
FTRA,FutureCorp Space Acquisition 1 Class A Ordinary Shares,0.0,,,2026.0,,2131853.0,NYSE,False,False,,
NIM,Nuveen Select Maturities Municipal Fund Common Stock,0.0,Finance,Trusts Except Educational Religious and Charitable,1992.0,United States,890119.0,NYSE,False,True,,
NHS,Neuberger High Yield Strategies Fund Inc. Common Stock,0.0,Finance,Trusts Except Educational Religious and Charitable,,United States,1487610.0,NYSE,False,True,,
SVCCW,Stellar V Capital Corp. Warrant,0.0,Finance,Blank Checks,2025.0,United States,2033593.0,Nasdaq,False,True,,
SVAQW,Silicon Valley Acquisition Corp. Warrants,0.0,Finance,Blank Checks,2026.0,United States,2085659.0,Nasdaq,False,True,,
SUMAU,SUMA Acquisition Corporation Units,0.0,Finance,Blank Checks,2026.0,Canada,2105838.0,Nasdaq,False,False,,
NHIVW,NewHold Investment Corp IV Warrants,0.0,Finance,Blank Checks,2026.0,United States,2099767.0,Nasdaq,False,True,,
BBN,BlackRock Taxable Municipal Bond Trust Common Shares of Beneficial Interest,0.0,Finance,Finance Companies,2010.0,United States,1493683.0,NYSE,False,True,,
CRAQU,Cal Redwood Acquisition Corp. Units,0.0,Finance,Blank Checks,2025.0,United States,2058359.0,Nasdaq,False,True,,
CRANU,Crane Harbor Acquisition Corp. II Units,0.0,,,2025.0,United States,2081358.0,Nasdaq,False,True,,
SPME,Sound Point Meridian Capital Inc. 7.875% Series B Preferred Shares due 2030,0.0,,,,,1930147.0,NYSE,False,False,,
APAC,StoneBridge Acquisition II Corporation Class A Ordinary Shares,0.0,Finance,Blank Checks,2025.0,United States,2043630.0,Nasdaq,False,True,,
SPXX,Nuveen S&P 500 Dynamic Overwrite Fund,0.0,Finance,Trusts Except Educational Religious and Charitable,,United States,1338561.0,NYSE,False,True,,
NWAX,New America Acquisition I Corp. Class A Common Stock,0.0,Finance,Blank Checks,2026.0,,2074878.0,NYSE,False,False,,
CRACW,Crown Reserve Acquisition Corp. I Warrant,0.0,,,2025.0,Cayman Islands,2070887.0,Nasdaq,False,False,,
APXTW,Apex Treasury Corporation Warrants,0.0,Finance,Blank Checks,2025.0,United States,2079253.0,Nasdaq,False,True,,
NHICW,NewHold Investment Corp III Warrants,0.0,,,2025.0,United States,2043699.0,Nasdaq,False,True,,
NFJ,Virtus Dividend Interest & Premium Strategy Fund Common Shares of Beneficial Interest,0.0,Finance,Finance: Consumer Services,2005.0,United States,1260563.0,NYSE,False,True,,
BKHAU,Black Hawk Acquisition Corporation Units,0.0,,,2024.0,United States,2000775.0,Nasdaq,False,True,,
SWZ,Total Return Securities Fund Common Stock,0.0,Finance,Finance Companies,,United States,813623.0,NYSE,False,True,,
TACHW,Titan Acquisition Corp. Warrants,0.0,Finance,Blank Checks,2025.0,United States,2009183.0,Nasdaq,False,True,,
SZZLR,Sizzle Acquisition Corp. II Right,0.0,Finance,Blank Checks,2025.0,United States,2030663.0,Nasdaq,False,True,,
AGD,abrdn Global Dynamic Dividend Fund Common Shares of Beneficial Interest,0.0,Finance,Trusts Except Educational Religious and Charitable,2006.0,United States,1362481.0,NYSE,False,True,,
BIXI,Bitcoin Infrastructure Acquisition Corp Ltd. Class A Ordinary Shares,0.0,,,2025.0,United States,2082542.0,Nasdaq,False,True,,
BIT,BlackRock Multi-Sector Income Trust Common Shares of Beneficial Interest,0.0,Finance,Trusts Except Educational Religious and Charitable,2013.0,United States,1562818.0,NYSE,False,True,,
FMAC,Future Money Acquisition Corporation Ordinary Shares,0.0,Finance,Blank Checks,2026.0,United States,2099232.0,Nasdaq,False,True,,
OCAC,Ocean Capital Acquisition Corporation Ordinary Shares,0.0,Finance,Blank Checks,2026.0,,1926314.0,NYSE,False,False,,
OBAWW,Oxley Bridge Acquisition Limited Warrants,0.0,Finance,Blank Checks,2025.0,Hong Kong,2034313.0,Nasdaq,False,False,,
OACCW,Oaktree Acquisition Corp. III Life Sciences Warrant,0.0,Finance,Blank Checks,2024.0,United States,2029769.0,Nasdaq,False,True,,
NZF,Nuveen Municipal Credit Income Fund ,0.0,Finance,Finance Companies,2007.0,United States,1137887.0,NYSE,False,True,,
TAVIU,Tavia Acquisition Corp. Unit,0.0,Finance,Blank Checks,2024.0,United States,2020385.0,Nasdaq,False,True,,
FXAC,FortuneX Acquisition Corporation Ordinary shares,0.0,Finance,Blank Checks,2026.0,United States,2121703.0,Nasdaq,False,True,,
FWACW,Futurewave Acquisition Corporation Warrants,0.0,,,2026.0,United States,2116105.0,Nasdaq,False,True,,
FVNNU,Future Vision II Acquisition Corporation Units,0.0,,,2024.0,China,2010653.0,Nasdaq,False,False,,
FVAV,Fortress Value Acquisition Corp. V Class A Ordinary Shares,0.0,,,2026.0,United States,1850733.0,Nasdaq,False,True,,
COLAR,Columbus Acquisition Corp Rights,0.0,Finance,Blank Checks,2025.0,Singapore,2028201.0,Nasdaq,False,False,,
TCGX,TCGX Acquisition Corp. Class A Ordinary Shares,0.0,,,2026.0,United States,2137965.0,Nasdaq,False,True,,
TBCVU,Thunder Bridge Capital Partners V Ltd. Units,0.0,Finance,Blank Checks,2026.0,United States,2140030.0,Nasdaq,False,True,,
NEA,Nuveen AMT-Free Quality Municipal Income Fund Common Shares of Beneficial Interest Par Value $.01,0.0,Finance,Finance/Investors Services,2002.0,United States,1195737.0,NYSE,False,True,,
NCOOW,Southern Cross Acquisition I Corp. Warrants,0.0,,,2026.0,United States,2116230.0,Nasdaq,False,True,,
COPL,Copley Acquisition Corp Ordinary Shares,0.0,,,2025.0,,2045473.0,NYSE,False,False,,
TDF,Templeton Dragon Fund Inc. Common Stock,0.0,Finance,Finance/Investors Services,,United States,919893.0,NYSE,False,True,,
TDACW,Translational Development Acquisition Corp. Warrants,0.0,,,2025.0,United States,1926599.0,Nasdaq,False,True,,
TCPA,TransCanada PipeLines Limited 6.250% Junior Subordinated Notes due 2085,0.0,Utilities,Natural Gas Distribution,2025.0,Canada,99070.0,NYSE,False,False,,
NAZ,Nuveen Arizona Quality Municipal Income Fund Common Stock,0.0,Finance,Finance/Investors Services,1992.0,United States,892992.0,NYSE,False,True,,
NCA,Nuveen California Municipal Value Fund,0.0,Finance,Investment Managers,,United States,818851.0,NYSE,False,True,,
NBXG,Neuberger Next Generation Connectivity Fund Inc. Common Stock,0.0,Finance,Trusts Except Educational Religious and Charitable,2021.0,United States,1843181.0,NYSE,False,True,,
NBRGU,Newbridge Acquisition Limited Unit,0.0,Finance,Blank Checks,2026.0,Hong Kong,1918414.0,Nasdaq,False,False,,
OIM,OneIM Acquisition Corp. Class A Ordinary Shares,0.0,,,2026.0,United States,2088325.0,Nasdaq,False,True,,
SPKLW,Spark I Acquisition Corp. Warrant,0.0,,,2023.0,United States,1884046.0,Nasdaq,False,True,,
SPEGU,Silver Pegasus Acquisition Corp Unit,0.0,,,2025.0,United States,2028735.0,Nasdaq,False,True,,
SPE,Special Opportunities Fund Inc Common Stock,0.0,Finance,Finance/Investors Services,,United States,897802.0,NYSE,False,True,,
FLC,Flaherty & Crumrine Total Return Fund Inc Common Stock,0.0,Finance,Trusts Except Educational Religious and Charitable,2003.0,United States,1245648.0,NYSE,False,True,,
FJDIU,ARC Group Securities Acquisition I Units,0.0,,,2026.0,United States,2094712.0,Nasdaq,False,True,,
OCLTU,OceanLight Acquisition Corporation Units,0.0,Finance,Blank Checks,2026.0,United States,2137679.0,Nasdaq,False,True,,
NBH,Neuberger Municipal Fund Inc. Common Stock,0.0,Finance,Finance/Investors Services,2002.0,United States,1178839.0,NYSE,False,True,,
NBB,Nuveen Taxable Municipal Income Fund Common Shares of Beneficial Interest,0.0,Finance,Finance Companies,2010.0,United States,1478888.0,NYSE,False,True,,
PTAC,Patriot Acquisition Corp. Class A Ordinary Shares,0.0,Finance,Blank Checks,2026.0,United States,2099095.0,Nasdaq,False,True,,
DSM,BNY Mellon Strategic Municipal Bond Fund Inc. Common Stock,0.0,Finance,Investment Managers,1989.0,United States,855887.0,NYSE,False,True,,
DSACW,Daedalus Special Acquisition Corp. Warrant,0.0,Finance,Blank Checks,2026.0,Cayman Islands,2082149.0,Nasdaq,False,False,,
EIM,Eaton Vance Municipal Bond Fund Common Shares of Beneficial Interest $.01 par value,0.0,Finance,Finance/Investors Services,2002.0,United States,1176984.0,NYSE,False,True,,
EIIA,Eagle Point Institutional Income Fund 8.125% Series A Term Preferred Shares Due 2029,0.0,,,2024.0,,1896036.0,NYSE,False,False,,
EHI,Western Asset Global High Income Fund Inc Common Stock,0.0,Finance,Investment Managers,2003.0,United States,1228509.0,NYSE,False,True,,
PWRL,Powerlaw Corp. Common Stock,0.0,,,,United States,2052053.0,Nasdaq,False,True,,
ALPXU,Alpex Acquisition Corporation Unit,0.0,Finance,Blank Checks,2026.0,United States,2125551.0,Nasdaq,False,True,,
DTSQR,DT Cloud Star Acquisition Corporation Right,0.0,Finance,Blank Checks,2024.0,United States,2017950.0,Nasdaq,False,True,,
GCGR,General Catalyst Global Resilience Merger Corp. Class A Ordinary Shares,0.0,,,2026.0,United States,2108962.0,Nasdaq,False,True,,
NAD,Nuveen Quality Municipal Income Fund Common Stock,0.0,Finance,Investment Managers,1999.0,United States,1083839.0,NYSE,False,True,,
NAC,Nuveen California Quality Municipal Income Fund,0.0,Finance,Investment Managers,1999.0,United States,1074952.0,NYSE,False,True,,
AFJKU,Aimei Health Technology Co. Ltd Unit,0.0,,,2023.0,United States,1979005.0,Nasdaq,False,True,,
AFB,AllianceBernstein National Municipal Income Fund Inc,0.0,Finance,Trusts Except Educational Religious and Charitable,2002.0,United States,1162027.0,NYSE,False,True,,
AEXA,American Exceptionalism Acquisition Corp. A Class A Ordinary Shares,0.0,,,2025.0,,2079173.0,NYSE,False,False,,
TDWDR,Tailwind 2.0 Acquisition Corp. Rights,0.0,Finance,Blank Checks,2025.0,United States,2076616.0,Nasdaq,False,True,,
BLRKW,Bluerock Acquisition Corp. Warrants,0.0,,,2026.0,United States,2081532.0,Nasdaq,False,True,,
MUZEW,Muzero Acquisition Corp Warrant,0.0,Finance,Blank Checks,2026.0,United States,2093484.0,Nasdaq,False,True,,
GDO,Western Asset Global Corporate Opportunity Fund Inc. Common Stock,0.0,Finance,Finance Companies,2009.0,United States,1472341.0,NYSE,False,True,,
GDL,GDL Fund The Common Shares of Beneficial Interest,0.0,Finance,Investment Managers,2007.0,United States,1378701.0,NYSE,False,True,,
TEI,Templeton Emerging Markets Income Fund Inc. Common Stock,0.0,Finance,Finance Companies,1993.0,United States,909112.0,NYSE,False,True,,
MZYX,MOZAYYX Acquisition Corp. Class A Ordinary Shares,0.0,,,2026.0,,2097376.0,NYSE,False,False,,
MYXXR,Maywood Acquisition Corp. 2 Rights,0.0,Finance,Blank Checks,2026.0,United States,2080087.0,Nasdaq,False,True,,
MYN,Blackrock MuniYield New York Quality Fund Inc.Common Stock,0.0,Finance,Finance Companies,1992.0,United States,882150.0,NYSE,False,True,,
ONCH,1RT Acquisition Corp. Class A Ordinary Share,0.0,,,2025.0,United States,2054272.0,Nasdaq,False,True,,
BDCIW,BTC Development Corp. Warrant,0.0,Finance,Blank Checks,2025.0,United States,2042292.0,Nasdaq,False,True,,
SOUL,Soulpower Acquisition Corporation Class A Ordinary Shares,0.0,Consumer Discretionary,Publishing,2025.0,,2025608.0,NYSE,False,False,,
SORN,Soren Acquisition Corp. Class A Ordinary Shares,0.0,Finance,Blank Checks,2026.0,United States,2086263.0,Nasdaq,False,True,,
FIGXU,FIGX Capital Acquisition Corp. Units,0.0,Finance,Blank Checks,2025.0,United States,2059033.0,Nasdaq,False,True,,
SOCAW,Solarius Capital Acquisition Corp. Warrant,0.0,,,2025.0,United States,2065948.0,Nasdaq,False,True,,
OHACU,Oceanhawk Acquisition Corp. Units,0.0,,,2026.0,United States,2090787.0,Nasdaq,False,True,,
MXF,Mexico Fund Inc. (The) Common Stock,0.0,Finance,Trusts Except Educational Religious and Charitable,,United States,65433.0,NYSE,False,True,,
MXE,Mexico Equity and Income Fund Inc. (The) Common Stock,0.0,Finance,Finance Companies,,United States,863900.0,NYSE,False,True,,
THQ,abrdn Healthcare Opportunities Fund Shares of Beneficial Interest,0.0,Finance,Finance Companies,2014.0,United States,1604522.0,NYSE,False,True,,
MTNE,CH4 Natural Solutions Corporation Class A Ordinary Shares,0.0,,,2026.0,,2044817.0,NYSE,False,False,,
THEOU,BOA Acquisition Corp. II Units,0.0,Finance,Blank Checks,2026.0,United States,2080216.0,Nasdaq,False,True,,
MSDL,Morgan Stanley Direct Lending Fund Common Stock,0.0,,,2024.0,United States,1782524.0,NYSE,False,True,,
MSD,Morgan Stanley Emerging Markets Debt Fund Inc. Common Stock,0.0,Finance,Trusts Except Educational Religious and Charitable,1993.0,United States,904112.0,NYSE,False,True,,
GGN,GAMCO Global Gold Natural Resources & Income Trust,0.0,Finance,Finance/Investors Services,2005.0,United States,1313510.0,NYSE,False,True,,
ARCLW,ARC Group Acquisition I Corp Warrants,0.0,Finance,Blank Checks,2026.0,United States,2073515.0,Nasdaq,False,True,,
ARCIW,Archimedes Tech SPAC Partners III Co. Warrant,0.0,,,2026.0,United States,2083910.0,Nasdaq,False,True,,
DPG,Duff & Phelps Utility and Infrastructure Fund Inc.,0.0,Finance,Trusts Except Educational Religious and Charitable,2011.0,United States,1515671.0,NYSE,False,True,,
BCV,Bancroft Fund Ltd.,0.0,Finance,Finance/Investors Services,1972.0,United States,9521.0,NYSE,False,True,,
BCSS,Bain Capital GSS Investment Corp. Class A Ordinary Shares,0.0,,,2025.0,,2064355.0,NYSE,False,False,,
THW,abrdn World Healthcare Fund Shares of Beneficial Interest,0.0,Finance,Finance Companies,2015.0,United States,1635977.0,NYSE,False,True,,
TMTSW,Spartacus Acquisition Corp. II Warrants,0.0,,,2026.0,United States,2097364.0,Nasdaq,False,True,,
GF,New Germany Fund Inc. (The) Common Stock,0.0,Finance,Investment Managers,1990.0,United States,858706.0,NYSE,False,True,,
TLNCW,Talon Capital Corp. Warrants,0.0,,,2025.0,United States,2073340.0,Nasdaq,False,True,,
MTAKU,Market Technology Acquisition Corp Unit,0.0,Finance,Blank Checks,2026.0,United States,2133136.0,Nasdaq,False,True,,
DSU,Blackrock Debt Strategies Fund Inc. Common Stock,0.0,Finance,Finance Companies,1998.0,United States,1051003.0,NYSE,False,True,,
QADR,QDRO Acquisition Corp. Class A Ordinary Shares,0.0,Finance,Blank Checks,2026.0,United States,2083217.0,Nasdaq,False,True,,
PYT,PPlus Tr GSC-2 Tr Ctf Fltg Rate,0.0,Finance,Finance: Consumer Services,,United States,1294808.0,NYSE,False,True,,
EFR,Eaton Vance Senior Floating-Rate Fund Common Shares of Beneficial Interest,0.0,Finance,Trusts Except Educational Religious and Charitable,2003.0,United States,1258623.0,NYSE,False,True,,
QLEP,Quantum Leap Acquisition Corp Class A Ordinary Shares,0.0,,,2026.0,,2102155.0,NYSE,False,False,,
DNMXU,Dynamix Corporation III Unit,0.0,Finance,Blank Checks,2025.0,United States,2081125.0,Nasdaq,False,True,,
RVI,Robinhood Ventures Fund I Common Shares of Beneficial Interest,0.0,,,2026.0,,2085091.0,NYSE,False,False,,
RTACW,Renatus Tactical Acquisition Corp I Warrant,0.0,Finance,Blank Checks,2025.0,United States,2035173.0,Nasdaq,False,True,,
DRDBW,Roman DBDR Acquisition Corp. II Warrants,0.0,,,2025.0,United States,2032528.0,Nasdaq,False,True,,
GHXIU,Gores Holdings XI Inc. Units,0.0,,,2026.0,United States,2086438.0,Nasdaq,False,True,,
BLZRW,Trailblazer Acquisition Corp. Warrant,0.0,Finance,Blank Checks,2025.0,United States,2075310.0,Nasdaq,False,True,,
TONT,Graf Global Corp. Class A ordinary shares,0.0,,,2024.0,,1897463.0,NYSE,False,False,,
MPA,Blackrock MuniYield Pennsylvania Quality Fund Common Stock,0.0,Finance,Finance Companies,1992.0,United States,891038.0,NYSE,False,True,,
MRCOW,Mercator Acquisition Corp. Warrant,0.0,Finance,Blank Checks,2026.0,United States,2106436.0,Nasdaq,False,True,,
GIX,GigCapital9 Corp. Class A Ordinary Share,0.0,Finance,Blank Checks,2026.0,United States,2098712.0,Nasdaq,False,True,,
GIWWU,GigCapital8 Corp. Units,0.0,,,2025.0,United States,2080019.0,Nasdaq,False,True,,
AESPW,Aeon Acquisition I Corp. Warrants,0.0,Finance,Blank Checks,2026.0,United States,2082526.0,Nasdaq,False,True,,
OTGAU,OTG Acquisition Corp. I Unit,0.0,Finance,Blank Checks,2025.0,United States,2077010.0,Nasdaq,False,True,,
FFC,Flaherty & Crumrine Preferred and Income Securities Fund Incorporated,0.0,Finance,Trusts Except Educational Religious and Charitable,2003.0,United States,1174164.0,NYSE,False,True,,
FFA,First Trust Enhanced Equity Income Fund Common Shares of Beneficial Interest,0.0,Finance,Investment Managers,2004.0,United States,1291334.0,NYSE,False,True,,
FERAR,Fifth Era Acquisition Corp I Rights,0.0,,,2025.0,Cayman Islands,2025401.0,Nasdaq,False,False,,
OPP,RiverNorth/DoubleLine Strategic Opportunity Fund Inc. Common Stock,0.0,Finance,Finance/Investors Services,2016.0,United States,1678130.0,NYSE,False,True,,
FGIIU,FG Imperii Acquisition Corp. Units,0.0,Finance,Blank Checks,2026.0,United States,2090452.0,Nasdaq,False,True,,
GHY,PGIM Global High Yield Fund Inc.,0.0,Finance,Trusts Except Educational Religious and Charitable,2012.0,United States,1554697.0,NYSE,False,True,,
TRGS,TRG Latin America Acquisitions Corp. Class A Ordinary Shares,0.0,Finance,Blank Checks,2026.0,United States,2098780.0,Nasdaq,False,True,,
TRAD,APEX Tech Acquisition Inc. Ordinary Shares,0.0,Finance,Investment Bankers/Brokers/Service,2026.0,,2085485.0,NYSE,False,False,,
MMU,Western Asset Managed Municipals Fund Inc. Common Stock,0.0,Finance,Investment Managers,1992.0,United States,886043.0,NYSE,False,True,,
MMTX,Miluna Acquisition Corp Class A Ordinary Share,0.0,Finance,Blank Checks,2025.0,Taiwan,2077033.0,Nasdaq,False,False,,
MMD,NYLIM MacKay DefinedTerm Muni Opportunities Fund Common Shares,0.0,Finance,Investment Managers,2012.0,United States,1518557.0,NYSE,False,True,,
TPTS,Terra Property Trust Inc. 7.00% Senior Secured Notes due 2029,0.0,Real Estate,Real Estate Investment Trusts,2026.0,,1674356.0,NYSE,False,False,,
GJT,Synthetic Fixed-Income Securities Inc. Floating Rate Structured Repackaged Asset-Backed Trust Securities Certificates Series 2006-3,0.0,Finance,Finance: Consumer Services,,United States,1357660.0,NYSE,False,True,,
GJR,Synthetic Fixed-Income Securities Inc. STRATS Trust for Procter&Gamble Securities Series 2006-1,0.0,Finance,Finance: Consumer Services,,United States,1353226.0,NYSE,False,True,,
GJP,Synthetic Fixed-Income Securities Inc. on behalf of STRATS (SM) Trust for Dominion Resources Inc. Securities Series 2005-6 Floating Rate Structured Repackaged Asset-Backed Trust Securities (STRATS) Certificates,0.0,Finance,Finance: Consumer Services,,United States,1343491.0,NYSE,False,True,,
GJO,Synthetic Fixed-Income Securities Inc. on behalf of STRATS(SM) Trust for Wal-Mart Stores Inc. Securities Series 2004-5,0.0,Finance,Finance: Consumer Services,,United States,1340909.0,NYSE,False,True,,
GJH,Synthetic Fixed-Income Securities Inc 6.375% (STRATS) Cl A-1,0.0,Finance,Finance: Consumer Services,,United States,1286405.0,NYSE,False,True,,
MIACW,Meridian3 Industrials Acquisition Corp Warrant,0.0,,,2026.0,United States,2136530.0,Nasdaq,False,True,,
GLO,Clough Global Opportunities Fund Common Stock,0.0,Finance,Finance/Investors Services,2006.0,United States,1350869.0,NYSE,False,True,,
GLED,GalaxyEdge Acquisition Corporation Ordinary Shares,0.0,Finance,Blank Checks,2026.0,,2091484.0,NYSE,False,False,,
MLAA,Mountain Lake Acquisition Corp. II Class A Ordinary Shares,0.0,Finance,Blank Checks,2026.0,United States,2094265.0,Nasdaq,False,True,,
MKLYU,McKinley Acquisition Corporation Units,0.0,Finance,Blank Checks,2025.0,United States,2067592.0,Nasdaq,False,True,,
ORIQW,Origin Investment Corp I Warrant.,0.0,Finance,Blank Checks,2025.0,Singapore,2044523.0,Nasdaq,False,False,,
AOD,abrdn Total Dynamic Dividend Fund Common Shares of Beneficial Interest,0.0,Finance,Investment Managers,2007.0,United States,1379400.0,NYSE,False,True,,
FDMMU,Freedom Metals Acquisition Corp. Units,0.0,Finance,Blank Checks,2026.0,United States,2129659.0,Nasdaq,False,True,,
OSPRW,Osprey Acquisition Corp. III Warrants,0.0,Finance,Blank Checks,2026.0,United States,2113481.0,Nasdaq,False,True,,
ADX,Adams Diversified Equity Fund Inc.,0.0,Finance,Investment Managers,,United States,2230.0,NYSE,False,True,,
GLQ,Clough Global Equity Fund Clough Global Equity Fund Common Shares of Beneficial Interest,0.0,Finance,Finance/Investors Services,2005.0,United States,1316463.0,NYSE,False,True,,
MHF,Western Asset Municipal High Income Fund Inc. Common Stock,0.0,Finance,Finance/Investors Services,1988.0,United States,830487.0,NYSE,False,True,,
CLM,Cornerstone Strategic Investment Fund Inc. Common Shares,0.0,Finance,Finance/Investors Services,2003.0,United States,814083.0,NYSE,False,True,,
CLBR,Colombier Acquisition Corp. III Class A Ordinary Shares,0.0,,,2026.0,,2091024.0,NYSE,False,False,,
CIK,Credit Suisse Asset Management Income Fund Inc. Common Stock,0.0,Finance,Finance/Investors Services,,United States,810766.0,NYSE,False,True,,
GOF,Guggenheim Strategic Opportunities Fund Common Shares of Beneficial Interest,0.0,Finance,Finance/Investors Services,,United States,1380936.0,NYSE,False,True,,
MEVOW,M Evo Global Acquisition Corp II Warrants,0.0,Finance,Blank Checks,2026.0,United States,2087361.0,Nasdaq,False,True,,
TSI,TCW Strategic Income Fund Inc. Common Stock,0.0,Finance,Investment Managers,,United States,809559.0,NYSE,False,True,,
AEAQW,Activate Energy Acquisition Corp. Warrant,0.0,,,2026.0,Cayman Islands,2083689.0,Nasdaq,False,False,,
TVA,Texas Ventures Acquisition III Corp Class A Ordinary Share,0.0,,,2025.0,United States,2033991.0,Nasdaq,False,True,,
QETAU,Quetta Acquisition Corporation Unit,0.0,Finance,Blank Checks,2023.0,United States,1978528.0,Nasdaq,False,True,,
ALOVW,Aldabra 4 Liquidity Opportunity Vehicle Inc. Warrants,0.0,,,2026.0,United States,2083989.0,Nasdaq,False,True,,
RNGTW,Range Capital Acquisition Corp II Warrants,0.0,Finance,Blank Checks,2025.0,United States,2078653.0,Nasdaq,False,True,,
RNAQU,Rainier Acquisition Corporation Units,0.0,,,2026.0,United States,2147219.0,Nasdaq,False,True,,
QSEAR,Quartzsea Acquisition Corporation Rights,0.0,Finance,Blank Checks,2025.0,United States,2047455.0,Nasdaq,False,True,,
QRED,QuasarEdge Acquisition Corporation Ordinary Shares,0.0,Finance,Blank Checks,2026.0,,2085177.0,NYSE,False,False,,
QQQX,Nuveen NASDAQ 100 Dynamic Overwrite Fund Shares of Beneficial Interest,0.0,Finance,Finance Companies,,United States,1608741.0,Nasdaq,False,True,,
MESHU,Meshflow Acquisition Corp. Units,0.0,,,2025.0,United States,2081468.0,Nasdaq,False,True,,
ARTCU,Art Technology Acquisition Corp. Units,0.0,,,2026.0,United States,2086545.0,Nasdaq,False,True,,
GPATW,GP-Act III Acquisition Corp. Warrants,0.0,,,2024.0,United States,1834526.0,Nasdaq,False,True,,
TVIVW,Texas Ventures Acquisition IV Corp Warrant,0.0,,,2026.0,United States,2096755.0,Nasdaq,False,True,,
TVE,Tennessee Valley Authority,0.0,Utilities,Electric Utilities: Central,,United States,1376986.0,NYSE,False,True,,
FAX,abrdn Asia-Pacific Income Fund Inc. Common Stock,0.0,Finance,Investment Managers,1986.0,United States,790500.0,NYSE,False,True,,
OTAI,Starlink AI Acquisition Corporation Ordinary Shares,0.0,,,2026.0,,2094076.0,NYSE,False,False,,
OYSE,Oyster Enterprises II Acquisition Corp Class A Ordinary Shares,0.0,Finance,Blank Checks,2025.0,United States,2042182.0,Nasdaq,False,True,,
FCRS,FutureCrest Acquisition Corp. Class A Ordinary Shares,0.0,Finance,Blank Checks,2025.0,,2074697.0,NYSE,False,False,,
CXIIW,Churchill Capital Corp XII Warrants,0.0,Finance,Blank Checks,2026.0,United States,2114227.0,Nasdaq,False,True,,
TVAI,Thayer Ventures Acquisition Corporation II Class A Ordinary Shares,0.0,,,2025.0,United States,1872228.0,Nasdaq,False,True,,
GPACW,General Purpose Acquisition Corp. Warrant,0.0,Industrials,Major Chemicals,2026.0,United States,2085408.0,Nasdaq,False,True,,
MEGI,NYLIM CBRE Global Infrastructure Megatrends Term Fund Common Shares,0.0,Finance,Investment Managers,2021.0,United States,1855066.0,NYSE,False,True,,
CHY,Calamos Convertible and High Income Fund Common Stock,0.0,Finance,Investment Managers,2003.0,United States,1222719.0,Nasdaq,False,True,,
CHW,Calamos Global Dynamic Income Fund Common Stock,0.0,Finance,Investment Managers,2007.0,United States,1396277.0,Nasdaq,False,True,,
MCGAW,Yorkville Acquisition Corp. Warrant,0.0,,,2025.0,United States,2064658.0,Nasdaq,False,True,,
MCAHU,Mountain Crest Acquisition 6 Corp. Units,0.0,Finance,Blank Checks,2026.0,United States,2109876.0,Nasdaq,False,True,,
MBVIW,M3-Brigade Acquisition VI Corp. Warrant,0.0,,,2025.0,United States,2073928.0,Nasdaq,False,True,,
CHPG,ChampionsGate Acquisition Corporation Class A Ordinary Share,0.0,,,2025.0,United States,2024460.0,Nasdaq,False,True,,
CHI,Calamos Convertible Opportunities and Income Fund Common Stock,0.0,Finance,Investment Managers,2002.0,United States,1171471.0,Nasdaq,False,True,,
TWOD,Two Harbors Investments Corp 9.375% Senior Notes due 2030,0.0,Real Estate,Real Estate Investment Trusts,2025.0,United States,1465740.0,NYSE,False,True,,
TWN,Taiwan Fund Inc. (The) Common Stock,0.0,Finance,Trusts Except Educational Religious and Charitable,1986.0,United States,804123.0,NYSE,False,True,,
TWLVR,Twelve Seas Investment Company III Rights,0.0,Finance,Blank Checks,2026.0,United States,2052243.0,Nasdaq,False,True,,
MCN,XAI Madison Equity Premium Income Fund Common Shares,0.0,,,2004.0,United States,1289868.0,NYSE,False,True,,
ASGI,abrdn Global Infrastructure Income Fund Common Shares of Beneficial Interest,0.0,Finance,Investment Managers,2020.0,United States,1793855.0,NYSE,False,True,,
ASG,Liberty All-Star Growth Fund Inc.,0.0,Finance,Investment Managers,,United States,786035.0,NYSE,False,True,,
MACIU,Melar Acquisition Corp. I Unit,0.0,Finance,Blank Checks,2024.0,United States,2016221.0,Nasdaq,False,True,,
GSRF,GSR IV Acquisition Corp. Class A ordinary share,0.0,,,2025.0,United States,2072404.0,Nasdaq,False,True,,
UAC,United Acquisition Corp. I Class A Ordinary Shares,0.0,Finance,Blank Checks,2026.0,,2098669.0,NYSE,False,False,,
GRF,Eagle Capital Growth Fund Inc. Common Stock,0.0,Finance,Finance/Investors Services,,United States,850027.0,NYSE,False,True,,
BACCU,Blue Acquisition Corp. Unit,0.0,Finance,Blank Checks,2025.0,United States,2059654.0,Nasdaq,False,True,,
CGO,Calamos Global Total Return Fund Common Stock,0.0,Finance,Investment Managers,2005.0,United States,1285650.0,Nasdaq,False,True,,
CGCFW,Cartesian Growth Corporation IV Warrants,0.0,Finance,Blank Checks,2026.0,United States,2126043.0,Nasdaq,False,True,,
CFND,C1 Fund Inc. Common Stock,0.0,,,2025.0,,2044327.0,NYSE,False,False,,
CHECW,Chenghe Acquisition III Co. Warrants,0.0,,,2025.0,Singapore,2047177.0,Nasdaq,False,False,,
BRKHW,Burtech Acquisition Corp II Warrants,0.0,Finance,Blank Checks,2026.0,United States,2098707.0,Nasdaq,False,True,,
PALO,Paloma Acquisition Corp I Class A Ordinary Shares,0.0,Finance,Blank Checks,2026.0,United States,2101562.0,Nasdaq,False,True,,
PAII,Pyrophyte Acquisition Corp. II Class A Ordinary Shares,0.0,,,2025.0,,2069238.0,NYSE,False,False,,
PAI,Western Asset Investment Grade Income Fund Inc.,0.0,Finance,Trusts Except Educational Religious and Charitable,,United States,75398.0,NYSE,False,True,,
PACHW,Pioneer Acquisition I Corp Warrants,0.0,,,2025.0,United States,2040381.0,Nasdaq,False,True,,
SIMAU,SIM Acquisition Corp. I Unit,0.0,Finance,Blank Checks,2024.0,United States,2014982.0,Nasdaq,False,True,,
DAAQ,Digital Asset Acquisition Corp. Class A Ordinary shares,0.0,Finance,Blank Checks,2025.0,United States,2052162.0,Nasdaq,False,True,,
CHARR,Charlton Aria Acquisition Corporation Rights,0.0,,,2024.0,United States,2024459.0,Nasdaq,False,True,,
LWACW,LightWave Acquisition Corp. Warrants,0.0,Finance,Blank Checks,2025.0,United States,2061379.0,Nasdaq,False,True,,
CEPV,Cantor Equity Partners V Inc. Class A Ordinary Shares,0.0,,,2025.0,United States,2034266.0,Nasdaq,False,True,,
CEPS,Cantor Equity Partners VI Inc. Class A Ordinary Shares,0.0,Finance,Blank Checks,2026.0,United States,2089536.0,Nasdaq,False,True,,
CEPO,Cantor Equity Partners I Inc. Class A Ordinary Shares,0.0,Finance,Blank Checks,2025.0,United States,2027708.0,Nasdaq,False,True,,
CEPF,Cantor Equity Partners IV Inc. Class A Ordinary Shares,0.0,Finance,Blank Checks,2025.0,United States,2034267.0,Nasdaq,False,True,,
GSHRU,Gesher Acquisition Corp. II Units,0.0,Finance,Blank Checks,2025.0,United States,2044635.0,Nasdaq,False,True,,
GTERW,Globa Terra Acquisition Corporation Warrants,0.0,Finance,Blank Checks,2025.0,Mexico,2043766.0,Nasdaq,False,False,,
RLTY,Cohen & Steers Real Estate Opportunities and Income Fund Common Shares of Beneficial Interest,0.0,Finance,Investment Managers,2022.0,,1866874.0,NYSE,False,False,,
RACD,Research Alliance Corporation IV Class A Ordinary Shares,0.0,,,2026.0,United States,2137777.0,Nasdaq,False,True,,
RACC,Research Alliance Corporation III Class A Ordinary Shares,0.0,Finance,Blank Checks,2026.0,United States,2118032.0,Nasdaq,False,True,,
RAC,Rithm Acquisition Corp. Class A Ordinary Shares,0.0,,,2025.0,,2047497.0,NYSE,False,False,,
RA,Brookfield Real Assets Income Fund Inc. Common Stock,0.0,Finance,Investment Managers,2016.0,United States,1655099.0,NYSE,False,True,,
QUMSR,Quantumsphere Acquisition Corp. Rights,0.0,,,2025.0,United States,2070900.0,Nasdaq,False,True,,
RIV,RiverNorth Opportunities Fund Inc. Common Stock,0.0,Finance,Finance Companies,2015.0,United States,1501072.0,NYSE,False,True,,
GUG,Guggenheim Active Allocation Fund Common Shares of Beneficial Interest,0.0,Finance,Trusts Except Educational Religious and Charitable,2021.0,United States,1864208.0,NYSE,False,True,,
GUACW,Berto Acquisition Corp. II Warrants,0.0,Finance,Blank Checks,2026.0,United States,2081515.0,Nasdaq,False,True,,
USA,Liberty All-Star Equity Fund Common Stock,0.0,Finance,Finance Companies,1986.0,United States,799195.0,NYSE,False,True,,
PONOR,Pono Capital Four Inc. Rights,0.0,Finance,Blank Checks,2026.0,Cayman Islands,2108164.0,Nasdaq,False,False,,
BGY,Blackrock Enhanced International Dividend Trust,0.0,Finance,Trusts Except Educational Religious and Charitable,2007.0,United States,1393299.0,NYSE,False,True,,
LTGRW,Long Table Growth Corp. Warrants,0.0,,,2026.0,United States,2104177.0,Nasdaq,False,True,,
GTEN,Gores Holdings X Inc. Class A ordinary shares,0.0,,,2025.0,United States,1986817.0,Nasdaq,False,True,,
DBCA,D. Boral Acquisition I Corp. Class A Ordinary Shares,0.0,Finance,Blank Checks,2026.0,United States,2095161.0,Nasdaq,False,True,,
SABA,Saba Capital Income & Opportunities Fund II Shares of Beneficial Interest,0.0,,,,United States,828803.0,NYSE,False,True,,
SAC,Safeguard Acquisition Corp. Class A Ordinary Shares,0.0,Finance,Blank Checks,2026.0,,2082844.0,NYSE,False,False,,
ALIS,Calisa Acquisition Corp Ordinary shares,0.0,,,2025.0,United States,2026767.0,Nasdaq,False,True,,
DNP,DNP Select Income Fund Inc. Common Stock,0.0,Finance,Investment Managers,1987.0,United States,806628.0,NYSE,False,True,,
EMO,ClearBridge Energy Midstream Opportunity Fund Inc. Common Stock,0.0,Finance,Investment Managers,2011.0,United States,1517518.0,NYSE,False,True,,
EMISR,Emmis Acquisition Corp. Rights,0.0,,,2025.0,United States,2075816.0,Nasdaq,False,True,,
EMF,Templeton Emerging Markets Fund Common Stock,0.0,Finance,Finance/Investors Services,1987.0,United States,809708.0,NYSE,False,True,,
EMD,Western Asset Emerging Markets Debt Fund Inc Common Stock,0.0,Finance,Finance/Investors Services,,United States,1227862.0,NYSE,False,True,,
BGH,Barings Global Short Duration High Yield Fund Common Shares of Beneficial Interests,0.0,Finance,Investment Managers,2012.0,United States,1521404.0,NYSE,False,True,,
BGB,Blackstone Strategic Credit 2027 Term Fund Common Shares of Beneficial Interest,0.0,Finance,Trusts Except Educational Religious and Charitable,2012.0,United States,1546429.0,NYSE,False,True,,
GSRVR,GSR V Acquisition Corp. Rights,0.0,Finance,Blank Checks,2026.0,United States,2111762.0,Nasdaq,False,True,,
UYSCR,UY Scuti Acquisition Corp. Rights,0.0,Finance,Blank Checks,2025.0,United States,2036973.0,Nasdaq,False,True,,
ASPCU,A SPAC III Acquisition Corp. Unit,0.0,Finance,Blank Checks,2024.0,China,1890361.0,Nasdaq,False,False,,
BMN,BlackRock 2037 Municipal Target Term Trust Common Shares of Beneficial Interest,0.0,Finance,Trusts Except Educational Religious and Charitable,2022.0,,1832871.0,NYSE,False,False,,
UTG,Reaves Utility Income Fund Common Shares of Beneficial Interest,0.0,Finance,Investment Managers,2004.0,United States,1263994.0,NYSE,False,True,,
UTF,Cohen & Steers Infrastructure Fund Inc Common Stock,0.0,Finance,Finance Companies,2004.0,United States,1275617.0,NYSE,False,True,,
CEE,The Central and Eastern Europe Fund Inc. (The) Common Stock,0.0,Finance,Finance Companies,,United States,860489.0,NYSE,False,True,,
HACQW,HCM IV Acquisition Corp. Warrants,0.0,Finance,Blank Checks,2026.0,United States,2089982.0,Nasdaq,False,True,,
LPCVW,Launchpad Cadenza Acquisition Corp I Warrant,0.0,,,2026.0,United States,2083728.0,Nasdaq,False,True,,
LPBBW,Launch Two Acquisition Corp. Warrant,0.0,Finance,Blank Checks,2024.0,United States,2023676.0,Nasdaq,False,True,,
IPEXU,Inflection Point Acquisition Corp. V Units,0.0,Finance,Blank Checks,2025.0,United States,2028355.0,Nasdaq,False,True,,
PCAPU,ProCap Acquisition Corp Unit,0.0,,,2025.0,United States,2056634.0,Nasdaq,False,True,,
DBL,DoubleLine Opportunistic Credit Fund Common Shares of Beneficial Interest,0.0,,,2012.0,United States,1525201.0,NYSE,False,True,,
SHOTU,RMG ML Sports Holdings Unit,0.0,,,2026.0,United States,2104879.0,Nasdaq,False,True,,
FACTW,FACT II Acquisition Corp. Warrant,0.0,Finance,Blank Checks,2024.0,United States,2028935.0,Nasdaq,False,True,,
PAXS,PIMCO Access Income Fund Common Shares of Beneficial Interest,0.0,Finance,Investment Managers,2022.0,United States,1886878.0,NYSE,False,True,,
VACI,Viking Acquisition Corp. I Class A Ordinary Shares,0.0,Telecommunications,Telecommunications Equipment,2025.0,,2080023.0,NYSE,False,False,,
CCXI,Churchill Capital Corp XI Class A Ordinary Shares,0.0,Finance,Blank Checks,2026.0,United States,2074973.0,Nasdaq,False,True,,
LPAAW,Launch One Acquisition Corp. Warrant,0.0,Finance,Blank Checks,2024.0,United States,2015502.0,Nasdaq,False,True,,
BPACU,Blueport Acquisition Ltd Units,0.0,Finance,Blank Checks,2025.0,United States,2064177.0,Nasdaq,False,True,,
SAAQW,Space Asset Acquisition Corp. Warrants,0.0,Finance,Blank Checks,2026.0,United States,2091222.0,Nasdaq,False,True,,
VECA,Vernal Capital Acquisition Corp. Ordinary Shares,0.0,Finance,Blank Checks,2026.0,,2081690.0,NYSE,False,False,,
VCX,Fundrise Innovation Fund LLC Common Shares of Limited Liability Company Interests,0.0,,,2026.0,,1867090.0,NYSE,False,False,,
VBF,Invesco Bond Fund Common Stock,0.0,Finance,Trusts Except Educational Religious and Charitable,,United States,5094.0,NYSE,False,True,,
VGI,Virtus Global Multi-Sector Income Fund Common Shares of Beneficial Interest,0.0,Finance,Investment Managers,2012.0,United States,1528811.0,NYSE,False,True,,
HCICR,Hennessy Capital Investment Corp. VIII Share Rights,0.0,,,2026.0,United States,2099093.0,Nasdaq,False,True,,
LKSPR,Lake Superior Acquisition Corp. Rights,0.0,,,2025.0,United States,2043508.0,Nasdaq,False,True,,
HAVA,Harvard Ave Acquisition Corporation Class A Ordinary Share,0.0,,,2025.0,South Korea,2042460.0,Nasdaq,False,False,,
ALDF,Aldel Financial II Inc. Class A Ordinary Shares,0.0,,,2024.0,United States,2031561.0,Nasdaq,False,True,,
DMO,Western Asset Mortgage Opportunity Fund Inc. Common Stock,0.0,Finance,Trusts Except Educational Religious and Charitable,2010.0,United States,1478102.0,NYSE,False,True,,
PCQ,PIMCO California Municipal Income Fund Common Stock,0.0,Finance,Investment Managers,2001.0,United States,1140411.0,NYSE,False,True,,
EXG,Eaton Vance Tax-Managed Global Diversified Equity Income Fund Common Shares of Beneficial Interest,0.0,Finance,Finance Companies,2007.0,United States,1379438.0,NYSE,False,True,,
EWAVU,East West Ave Acquisition Corp. Units,0.0,Finance,Blank Checks,2026.0,United States,2100704.0,Nasdaq,False,True,,
PCN,Pimco Corporate & Income Strategy Fund Common Stock,0.0,Finance,Investment Managers,2001.0,United States,1160990.0,NYSE,False,True,,
PCM,PCM Fund Inc. Common Stock,0.0,Finance,Trusts Except Educational Religious and Charitable,1993.0,United States,908187.0,NYSE,False,True,,
PCF,High Income Securities Fund Common Stock,0.0,Finance,Trusts Except Educational Religious and Charitable,,United States,810943.0,NYSE,False,True,,
ADACW,American Drive Acquisition Company Warrant,0.0,,,2026.0,United States,2083002.0,Nasdaq,False,True,,
HCACR,Hall Chadwick Acquisition Corp Rights,0.0,,,2026.0,Cayman Islands,2079013.0,Nasdaq,False,False,,
LGI,Lazard Global Total Return and Income Fund Common Stock,0.0,,,2004.0,United States,1278211.0,NYSE,False,True,,
BID,Tribeca Strategic Acquisition Corp. Class A Ordinary Shares,0.0,Finance,Blank Checks,2026.0,United States,2094919.0,Nasdaq,False,True,,
HERZ,Herzfeld Credit Income Fund Inc. Common Stock,0.0,Finance,Investment Managers,,United States,880406.0,Nasdaq,False,True,,
VII,Viking Acquisition Corp. II Class A Ordinary Shares,0.0,,,2026.0,,2139246.0,NYSE,False,False,,
VHCPW,Vine Hill Capital Investment Corp. II Warrants,0.0,,,2026.0,United States,2086264.0,Nasdaq,False,True,,
CCIIW,Cohen Circle Acquisition Corp. II Warrant,0.0,,,2025.0,United States,2064683.0,Nasdaq,False,True,,
CCIF,Carlyle Credit Income Fund Shares of Beneficial Interest,0.0,Finance,Finance/Investors Services,2019.0,,1517767.0,NYSE,False,False,,
AACI,Armada Acquisition Corp. III Class A Ordinary Share,0.0,Finance,Blank Checks,2026.0,United States,2092897.0,Nasdaq,False,True,,
CCD,Calamos Dynamic Convertible & Income Fund Common Stock,0.0,Finance,Trusts Except Educational Religious and Charitable,,United States,1602584.0,Nasdaq,False,True,,
CCCTW,Columbus Circle Capital Corp III Warrants,0.0,,,2026.0,United States,2123471.0,Nasdaq,False,True,,
HEQ,John Hancock Diversified Income Fund Common Shares of Beneficial Interest,0.0,Finance,Investment Managers,2011.0,United States,1496749.0,NYSE,False,True,,
EVG,Eaton Vance Short Diversified Income Fund Eaton Vance Short Duration Diversified Income Fund Common Shares of Beneficial Interest,0.0,Finance,Investment Managers,2005.0,United States,1287498.0,NYSE,False,True,,
PFD,Flaherty & Crumrine Preferred and Income Fund Incorporated,0.0,Finance,Investment Managers,1991.0,United States,868578.0,NYSE,False,True,,
PGZ,Principal Real Estate Income Fund Common Shares of Beneficial Interest,0.0,Finance,Investment Managers,2013.0,,1557523.0,NYSE,False,False,,
EVV,Eaton Vance Limited Duration Income Fund Common Shares of Beneficial Interest,0.0,Finance,Finance/Investors Services,2003.0,United States,1222922.0,NYSE,False,True,,
EVT,Eaton Vance Tax Advantaged Dividend Income Fund Common Shares of Beneficial Interest,0.0,Finance,Finance Companies,2003.0,United States,1253327.0,NYSE,False,True,,
EVOXW,Evolution Global Acquisition Corp Warrants,0.0,Finance,Blank Checks,2025.0,United States,2077954.0,Nasdaq,False,True,,
PDCC,Pearl Diver Credit Company Inc. Common Stock,0.0,,,2024.0,,1998043.0,NYSE,False,False,,
ALFUU,Centurion Acquisition Corp. Unit,0.0,Finance,Blank Checks,2024.0,United States,2010930.0,Nasdaq,False,True,,
LFACU,Leapfrog Acquisition Corporation Units,0.0,,,2025.0,United States,2084563.0,Nasdaq,False,True,,
HIO,Western Asset High Income Opportunity Fund Inc. Common Stock,0.0,Finance,Finance/Investors Services,,United States,910068.0,NYSE,False,True,,
YCY,AA Mission Acquisition Corp. II Class A Ordinary Shares,0.0,,,2025.0,,2075336.0,NYSE,False,False,,
RCG,RENN Fund Inc Common Stock,0.0,Finance,Investment Managers,,United States,919567.0,NYSE,False,True,,
RANGR,Range Capital Acquisition Corp. Rights,0.0,Finance,Blank Checks,2025.0,United States,2035644.0,Nasdaq,False,True,,
EEA,The European Equity Fund Inc. Common Stock,0.0,Finance,Trusts Except Educational Religious and Charitable,,United States,791718.0,NYSE,False,True,,
EDF,Virtus Stone Harbor Emerging Markets Income Fund Common Shares of Beneficial Interest,0.0,Finance,Investment Managers,2010.0,United States,1501103.0,NYSE,False,True,,
EDD,Morgan Stanley Emerging Markets Domestic Debt Fund Inc. Common Stock,0.0,Finance,Finance Companies,2007.0,United States,1388141.0,NYSE,False,True,,
LATA,Galata Acquisition Corp. II Class A Ordinary Shares,0.0,Finance,Blank Checks,2025.0,United States,2076427.0,Nasdaq,False,True,,
HLXC,Helix Acquisition Corp. III Class A Ordinary Shares,0.0,,,2026.0,United States,2099656.0,Nasdaq,False,True,,
VNME,Vendome Acquisition Corporation I Class A Ordinary Shares,0.0,Finance,Blank Checks,2025.0,United States,2055879.0,Nasdaq,False,True,,
VLT,Invesco High Income Trust II,0.0,Finance,Trusts Except Educational Religious and Charitable,1989.0,United States,846671.0,NYSE,False,True,,
VLOSW,Velos Acquisition I Corp. Warrant,0.0,Finance,Blank Checks,2024.0,United States,2016072.0,Nasdaq,False,True,,
HGLB,Highland Global Allocation Fund Common Stock,0.0,Finance,Trusts Except Educational Religious and Charitable,2019.0,,1622148.0,NYSE,False,False,,
HFRO,Highland Opportunities and Income Fund Common Shares of Beneficial Interest,0.0,Finance,Finance/Investors Services,2017.0,United States,1710680.0,NYSE,False,True,,
LDP,Cohen & Steers Limited Duration Preferred and Income Fund Inc.,0.0,Finance,Finance Companies,2012.0,United States,1548717.0,NYSE,False,True,,
EURK,Eureka Acquisition Corp Class A Ordinary Share,0.0,,,2024.0,United States,2000410.0,Nasdaq,False,True,,
BGT,BlackRock Floating Rate Income Trust,0.0,Finance,Trusts Except Educational Religious and Charitable,2004.0,United States,1287480.0,NYSE,False,True,,
ETY,Eaton Vance Tax-Managed Diversified Equity Income Fund Common Shares of Beneficial Interest,0.0,Finance,Finance Companies,2006.0,United States,1340736.0,NYSE,False,True,,
PEO,Adams Natural Resources Fund Inc. Common Stock,0.0,Finance,Finance/Investors Services,,United States,216851.0,NYSE,False,True,,
PECER,Peace Acquisition Corp Right,0.0,Finance,Blank Checks,2026.0,United States,2088626.0,Nasdaq,False,True,,
INAC,Indigo Acquisition Corp. Ordinary Shares,0.0,,,2025.0,United States,2063816.0,Nasdaq,False,True,,
PDT,John Hancock Premium Dividend Fund,0.0,Finance,Finance Companies,,United States,855886.0,NYSE,False,True,,
BEAG,Bold Eagle Acquisition Corp. Class A Ordinary Shares,0.0,,,2024.0,United States,1852207.0,Nasdaq,False,True,,
BIII,Black Spade Acquisition III Co Class A Ordinary Shares,0.0,Finance,Blank Checks,2026.0,,2087087.0,NYSE,False,False,,
LCCC,Lakeshore Acquisition III Corp. Ordinary Shares,0.0,Finance,Blank Checks,2025.0,United States,2049248.0,Nasdaq,False,True,,
AXINU,Axiom Intelligence Acquisition Corp 1 Units,0.0,Finance,Blank Checks,2025.0,United Kingdom,2057030.0,Nasdaq,False,False,,
HIX,Western Asset High Income Fund II Inc. Common Stock,0.0,Finance,Finance/Investors Services,1998.0,United States,1058239.0,NYSE,False,True,,
LAFA,LaFayette Acquisition Corp. Ordinary Share,0.0,,,2025.0,France,2079106.0,Nasdaq,False,False,,
CCAQW,Collective Acquisition Corp. Warrants,0.0,Finance,Blank Checks,2025.0,United States,2041047.0,Nasdaq,False,True,,
HPF,John Hancock Pfd Income Fund II Pfd Income Fund II,0.0,Finance,Finance Companies,2002.0,United States,1189740.0,NYSE,False,True,,
KRAQW,KRAKacquisition Corp Warrants,0.0,,,2026.0,United States,2082119.0,Nasdaq,False,True,,
KTN,Structured Products Corp 8.205% CorTS 8.205% Corporate Backed Trust Securities (CorTS),0.0,Finance,Finance: Consumer Services,,United States,1283337.0,NYSE,False,True,,
KTH,Structures Products Cp 8% CorTS Issued by Peco Energy Cap Tr II Preferred Stock,0.0,Finance,Finance: Consumer Services,,United States,1283464.0,NYSE,False,True,,
KRSP,Rice Acquisition Corporation 3 Class A Ordinary Shares,0.0,,,2025.0,,2074872.0,NYSE,False,False,,
HPS,John Hancock Preferred Income Fund III Preferred Income Fund III,0.0,Finance,Investment Managers,2003.0,United States,1215913.0,NYSE,False,True,,
AACO,Abony Acquisition Corp. I Class A Ordinary Share,0.0,,,2026.0,United States,2099906.0,Nasdaq,False,True,,
ACP,abrdn Income Credit Strategies Fund Common Shares,0.0,Finance,Investment Managers,2011.0,United States,1503290.0,NYSE,False,True,,
AWP,abrdn Global Premier Properties Fund Common Shares of Beneficial Interest,0.0,Finance,Trusts Except Educational Religious and Charitable,2007.0,United States,1390195.0,NYSE,False,True,,
AWF,Alliancebernstein Global High Income Fund,0.0,Finance,Trusts Except Educational Religious and Charitable,1993.0,United States,906013.0,NYSE,False,True,,
BPRE,Bluerock Private Real Estate Fund Common Shares of Beneficial Interest,0.0,,,2025.0,,1551047.0,NYSE,False,False,,
KPET,KPET Ultra Paceline Corporation Class A Ordinary Shares,0.0,,,2026.0,,2095297.0,NYSE,False,False,,
KOYNW,CSLM Digital Asset Acquisition Corp III Warrants,0.0,,,2025.0,United States,2068454.0,Nasdaq,False,True,,
BGX,Blackstone Long Short Credit Income Fund Common Shares,0.0,Finance,Trusts Except Educational Religious and Charitable,2011.0,,1504234.0,NYSE,False,False,,
CATLU,Catalyst Acquisition Corp. Units,0.0,,,2026.0,United States,2104391.0,Nasdaq,False,True,,
ZTR,Virtus Total Return Fund Inc.,0.0,Finance,Investment Managers,1988.0,United States,836412.0,NYSE,False,True,,
PGP,Pimco Global StocksPlus & Income Fund Common Shares of Beneficial Interest,0.0,Finance,Finance Companies,2005.0,United States,1318025.0,NYSE,False,True,,
PGACU,Pantages Capital Acquisition Corporation Unit,0.0,,,2024.0,United States,2030829.0,Nasdaq,False,True,,
PFO,Flaherty & Crumrine Preferred and Income Opportunity Fund Incorporated,0.0,Finance,Finance Companies,1992.0,United States,882071.0,NYSE,False,True,,
PFN,PIMCO Income Strategy Fund II,0.0,Finance,Finance/Investors Services,2004.0,United States,1296250.0,NYSE,False,True,,
PFL,PIMCO Income Strategy Fund Shares of Beneficial Interest,0.0,Finance,Finance Companies,2003.0,United States,1244183.0,NYSE,False,True,,
AACP,Apogee Acquisition Corp Class A Ordinary Shares,0.0,Finance,Blank Checks,2026.0,United States,2102123.0,Nasdaq,False,True,,
HPI,John Hancock Preferred Income Fund Common Shares of Beneficial Interest,0.0,Finance,Trusts Except Educational Religious and Charitable,2002.0,United States,1176199.0,NYSE,False,True,,
VVR,Invesco Senior Income Trust Common Stock (DE),0.0,Finance,Trusts Except Educational Religious and Charitable,1998.0,United States,1059386.0,NYSE,False,True,,
CAQUW,Cambridge Acquisition Corp. Warrants,0.0,,,2026.0,United States,2100125.0,Nasdaq,False,True,,
CAPNR,Cayson Acquisition Corp Right,0.0,Finance,Blank Checks,2024.0,United States,2024203.0,Nasdaq,False,True,,
HTD,John Hancock Tax Advantaged Dividend Income Fund Common Shares of Beneficial Interest,0.0,Finance,Finance Companies,2004.0,United States,1260041.0,NYSE,False,True,,
ATIIW,Archimedes Tech SPAC Partners II Co. Warrant,0.0,Finance,Blank Checks,2025.0,United States,2028516.0,Nasdaq,False,True,,
RIBBU,Ribbon Acquisition Corp Unit,0.0,,,2025.0,Japan,2035016.0,Nasdaq,False,False,,
RDAGW,Republic Digital Acquisition Company Warrants,0.0,Finance,Blank Checks,2025.0,United States,2055459.0,Nasdaq,False,True,,
ETSS,Energy Transition Special Opportunities Class A Ordinary Shares,0.0,Finance,Blank Checks,2026.0,,2085932.0,NYSE,False,False,,
SDHIR,Siddhi Acquisition Corp Right,0.0,,,2025.0,United States,2034037.0,Nasdaq,False,True,,
SCPQW,Social Commerce Partners Corporation Warrant,0.0,,,2026.0,United States,2083143.0,Nasdaq,False,True,,
PHK,Pimco High Income Fund,0.0,Finance,Finance/Investors Services,2003.0,United States,1219360.0,NYSE,False,True,,
EVAC,EQV Ventures Acquisition Corp. II Class A Ordinary Shares,0.0,Industrials,Fluid Controls,2025.0,,2042902.0,NYSE,False,False,,
RDACU,Rising Dragon Acquisition Corp. Unit,0.0,Finance,Blank Checks,2024.0,China,2018145.0,Nasdaq,False,False,,
KEYY,Keystone Acquisition Corp. Class A Ordinary Shares,0.0,Finance,Blank Checks,2026.0,United States,2102771.0,Nasdaq,False,True,,
CAIIU,Collective Acquisition Corp. II Units,0.0,Finance,Blank Checks,2026.0,United States,2115404.0,Nasdaq,False,True,,
CAF,Morgan Stanley China A Share Fund Inc. Common Stock,0.0,Finance,Investment Managers,2006.0,United States,1368493.0,NYSE,False,True,,
CAES,Cantor Equity Partners VII Inc. Class A Ordinary Shares,0.0,Finance,Blank Checks,2026.0,United States,2087965.0,Nasdaq,False,True,,
WEA,Western Asset Bond Fund Share of Beneficial Interest,0.0,Finance,Trusts Except Educational Religious and Charitable,2002.0,United States,1163792.0,NYSE,False,True,,
WDI,Western Asset Diversified Income Fund Common Shares of Beneficial Interest,0.0,Finance,Trusts Except Educational Religious and Charitable,2021.0,United States,1819559.0,NYSE,False,True,,
HVMCU,Highview Merger Corp. Units,0.0,Finance,Blank Checks,2025.0,United States,2070602.0,Nasdaq,False,True,,
HVIIR,Hennessy Capital Investment Corp. VII Rights,0.0,Finance,Blank Checks,2025.0,United States,1846416.0,Nasdaq,False,True,,
FPF,First Trust Intermediate Duration Preferred & Income Fund Common Shares of Beneficial Interest,0.0,Finance,Trusts Except Educational Religious and Charitable,2013.0,United States,1567569.0,NYSE,False,True,,
KIO,KKR Income Opportunities Fund Common Shares,0.0,Finance,Investment Managers,2013.0,United States,1515940.0,NYSE,False,True,,
KBONU,Karbon Capital Partners Corp. Units,0.0,Finance,Blank Checks,2025.0,United States,2088749.0,Nasdaq,False,True,,
BOE,Blackrock Enhanced Global Dividend Trust Common Shares of Beneficial Interest,0.0,Finance,Trusts Except Educational Religious and Charitable,2005.0,United States,1320375.0,NYSE,False,True,,
ACGC,ACP Holdings Acquisition Corp. Class A Ordinary Shares,0.0,Finance,Blank Checks,2026.0,United States,2111542.0,Nasdaq,False,True,,
ACAAW,Averin Capital Acquisition Corp. Warrants,0.0,Finance,Blank Checks,2026.0,United States,2096900.0,Nasdaq,False,True,,
WENC,West Enclave Merger Corp. Ordinary Shares,0.0,Finance,Blank Checks,2026.0,,2104260.0,NYSE,False,False,,
APUR,Aperture AC Class A Ordinary Shares,0.0,Finance,Blank Checks,2026.0,United States,2093524.0,Nasdaq,False,True,,
KFIIR,K&F Growth Acquisition Corp. II Rights,0.0,,,2025.0,United States,2029976.0,Nasdaq,False,True,,
PLUN,Plutonian Acquisition Corp II Class A Ordinary Shares,0.0,,,2026.0,,2065661.0,NYSE,False,False,,
PLMKW,Plum Acquisition Corp. IV Warrants,0.0,,,2025.0,United States,2030482.0,Nasdaq,False,True,,
BHV,BlackRock Virginia Municipal Bond Trust,0.0,Finance,Finance/Investors Services,2002.0,United States,1169034.0,NYSE,False,True,,
BHK,Blackrock Core Bond Trust,0.0,Finance,Finance Companies,2001.0,United States,1160864.0,NYSE,False,True,,
KF,Korea Fund Inc. (The) New Common Stock,0.0,Finance,Investment Managers,,United States,748691.0,NYSE,False,True,,
JTTT,JATT III Acquisition Corp Ordinary Shares,0.0,Finance,Blank Checks,2026.0,United States,2145659.0,Nasdaq,False,True,,
NUW,Nuveen AMT-Free Municipal Value Fund,0.0,Finance,Investment Managers,2009.0,United States,1450445.0,NYSE,False,True,,
WENNW,Wen Acquisition Corp Warrant,0.0,Finance,Blank Checks,2025.0,United States,2057043.0,Nasdaq,False,True,,
BOT,RoboStrategy Inc. Common Stock,0.0,,,,Puerto Rico,2081119.0,Nasdaq,False,False,,
KCHVU,Kochav Defense Acquisition Corp. Units,0.0,,,2025.0,United States,2053799.0,Nasdaq,False,True,,
JRS,Nuveen Real Estate Income Fund Common Shares of Beneficial Interest,0.0,Finance,Finance/Investors Services,2001.0,United States,1158289.0,NYSE,False,True,,
JRI,Nuveen Real Asset Income and Growth Fund Common Shares of Beneficial Interest,0.0,Finance,Finance Companies,2012.0,United States,1539337.0,NYSE,False,True,,
JQC,Nuveen Credit Strategies Income Fund Shares of Beneficial Interest,0.0,Finance,Finance Companies,2003.0,United States,1227476.0,NYSE,False,True,,
JPC,Nuveen Preferred & Income Opportunities Fund,0.0,Finance,Investment Managers,2003.0,United States,1216583.0,NYSE,False,True,,
JOF,Japan Smaller Capitalization Fund Inc Common Stock,0.0,Finance,Trusts Except Educational Religious and Charitable,1990.0,United States,859796.0,NYSE,False,True,,
JMM,Nuveen Multi-Market Income Fund (MA),0.0,Finance,Trusts Except Educational Religious and Charitable,,United States,838131.0,NYSE,False,True,,
JLS,Nuveen Mortgage and Income Fund,0.0,Finance,Investment Managers,2009.0,United States,1472215.0,NYSE,False,True,,
BXSL,Blackstone Secured Lending Fund Common Shares of Beneficial Interest,0.0,Finance,Trusts Except Educational Religious and Charitable,2021.0,,1736035.0,NYSE,False,False,,
WIW,Western Asset Inflation-Linked Opportunities & Income Fund,0.0,Finance,Finance Companies,2004.0,United States,1267902.0,NYSE,False,True,,
WIA,Western Asset Inflation-Linked Income Fund,0.0,Finance,Trusts Except Educational Religious and Charitable,2003.0,United States,1254370.0,NYSE,False,True,,
HYI,Western Asset High Yield Opportunity Fund Inc. Common Stock,0.0,Finance,Investment Managers,2010.0,,1497186.0,NYSE,False,False,,
IAF,abrdn Australia Equity Fund Inc. Common Stock,0.0,Finance,Finance/Investors Services,1985.0,United States,779336.0,NYSE,False,True,,
IAE,Voya Asia Pacific High Dividend Equity Income Fund ING Asia Pacific High Dividend Equity Income Fund Common Shares of Beneficial Interest,0.0,Finance,Trusts Except Educational Religious and Charitable,2007.0,United States,1385632.0,NYSE,False,True,,
IACQW,Irenic Acquisition Corp. Warrants,0.0,Finance,Blank Checks,2026.0,United States,2122505.0,Nasdaq,False,True,,
IACOW,Idea Acquisition Corp. Warrants,0.0,Finance,Blank Checks,2026.0,United States,2091176.0,Nasdaq,False,True,,
HYT,Blackrock Corporate High Yield Fund Inc. Common Stock,0.0,Finance,Finance Companies,2003.0,United States,1222401.0,NYSE,False,True,,
JGH,Nuveen Global High Income Fund Common Shares of Beneficial Interest,0.0,Finance,Investment Managers,2014.0,United States,1615905.0,NYSE,False,True,,
WLIIW,Willow Lane Acquisition Corp. II Warrants,0.0,Finance,Blank Checks,2026.0,United States,2083946.0,Nasdaq,False,True,,
WLCOW,Wilco 63 Corporation Warrant,0.0,Finance,Blank Checks,2026.0,Cayman Islands,2101470.0,Nasdaq,False,False,,
PMTRU,Perimeter Acquisition Corp. I Unit,0.0,Finance,Blank Checks,2025.0,United States,2061473.0,Nasdaq,False,True,,
PML,Pimco Municipal Income Fund II Common Shares of Beneficial Interest,0.0,Finance,Investment Managers,2002.0,United States,1170299.0,NYSE,False,True,,
SCII,SC II Acquisition Corp. Class A ordinary share,0.0,,,2026.0,United States,2076739.0,Nasdaq,False,True,,
SCD,LMP Capital and Income Fund Inc. Common Stock,0.0,Finance,Trusts Except Educational Religious and Charitable,2004.0,United States,1270131.0,NYSE,False,True,,
SCATU,Southern Cross Acquisition II Corp. Units,0.0,Finance,Blank Checks,2026.0,United States,2133239.0,Nasdaq,False,True,,
SBXE,SilverBox Corp V Class A Ordinary Shares,0.0,,,2026.0,,2081909.0,NYSE,False,False,,
SBXD,SilverBox Corp IV Class A Ordinary Shares,0.0,,,2024.0,,2015947.0,NYSE,False,False,,
DHF,BNY Mellon High Yield Strategies Fund Common Stock,0.0,Finance,Finance Companies,1998.0,United States,1057861.0,NYSE,False,True,,
NUV,Nuveen Municipal Value Fund Inc. Common Stock,0.0,Finance,Trusts Except Educational Religious and Charitable,1987.0,United States,812801.0,NYSE,False,True,,
ETJ,Eaton Vance Risk-Managed Diversified Equity Income Fund Common Shares of Beneficial Interest,0.0,Finance,Finance Companies,2007.0,United States,1395325.0,NYSE,False,True,,
ETG,Eaton Vance Tax-Advantaged Global Dividend Income Fund Common Shares of Beneficial Interest,0.0,Finance,Investment Managers,2004.0,United States,1270523.0,NYSE,False,True,,
BTT,BlackRock Municipal 2030 Target Term Trust,0.0,Finance,Investment Managers,2012.0,United States,1528437.0,NYSE,False,True,,
BTO,John Hancock Financial Opportunities Fund Common Stock,0.0,Finance,Investment Managers,1994.0,United States,925683.0,NYSE,False,True,,
NTWOW,Newbury Street II Acquisition Corp Warrant,0.0,,,2024.0,United States,2028027.0,Nasdaq,False,True,,
JFR,Nuveen Floating Rate Income Fund Common Stock,0.0,Finance,Trusts Except Educational Religious and Charitable,2004.0,United States,1276533.0,NYSE,False,True,,
JENA,Jena Acquisition Corporation II Class A Ordinary Shares,0.0,Finance,Blank Checks,2025.0,,2060337.0,NYSE,False,False,,
WPAC,White Pearl Acquisition Corp. Class A Ordinary Shares,0.0,Finance,Blank Checks,2026.0,,2081536.0,NYSE,False,False,,
BUI,BlackRock Utility Infrastructure & Power Opportunities Trust,0.0,Finance,Trusts Except Educational Religious and Charitable,2011.0,United States,1528988.0,NYSE,False,True,,
BWIV,Blue Water Acquisition Corp. IV Class A Ordinary Shares,0.0,Finance,Blank Checks,2026.0,,2082847.0,NYSE,False,False,,
BWG,BrandywineGLOBAL Global Income Opportunities Fund Inc.,0.0,Finance,Finance/Investors Services,2012.0,United States,1504545.0,NYSE,False,True,,
IBACR,IB Acquisition Corp. Right,0.0,Finance,Blank Checks,2024.0,United States,1998781.0,Nasdaq,False,True,,
JCE,Nuveen Core Equity Alpha Fund Common Shares of Beneficial Interest,0.0,Finance,Trusts Except Educational Religious and Charitable,2007.0,United States,1385763.0,NYSE,False,True,,
JBK,Lehman ABS 3.50 3.50% Adjustable Corp Backed Tr Certs GS Cap I,0.0,Finance,Finance: Consumer Services,,United States,1284143.0,NYSE,False,True,,
RCS,PIMCO Strategic Income Fund Inc.,0.0,Finance,Investment Managers,1994.0,United States,916183.0,NYSE,False,True,,
EAD,Allspring Income Opportunities Fund Common Shares,0.0,Finance,Finance/Investors Services,2003.0,United States,1210123.0,NYSE,False,True,,
DYOR,Insight Digital Partners II Class A Ordinary Shares,0.0,Finance,Blank Checks,2025.0,United States,2079292.0,Nasdaq,False,True,,
DYNCW,Dynamix Corporation Warrant,0.0,,,2024.0,United States,2028699.0,Nasdaq,False,True,,
DXYZ,Destiny Tech100 Inc. Common Stock,0.0,,,2024.0,,1843974.0,NYSE,False,False,,
ECF,Ellsworth Growth and Income Fund Ltd.,0.0,Finance,Finance/Investors Services,1986.0,United States,793040.0,NYSE,False,True,,
JATT,JATT II Acquisition Corp Ordinary Shares,0.0,Finance,Blank Checks,2026.0,United States,2112446.0,Nasdaq,False,True,,
ITHAW,ITHAX Acquisition Corp III Warrants,0.0,,,2026.0,United States,2080985.0,Nasdaq,False,True,,
BSL,Blackstone Senior Floating Rate 2027 Term Fund Common Shares of Beneficial Interest,0.0,Finance,Trusts Except Educational Religious and Charitable,2010.0,United States,1486298.0,NYSE,False,True,,
BSAAR,BEST SPAC I Acquisition Corp. Rights,0.0,Finance,Blank Checks,2025.0,Hong Kong,2051587.0,Nasdaq,False,False,,
JACS,Jackson Acquisition Company II Class A Ordinary Shares,0.0,,,2025.0,,2039058.0,NYSE,False,False,,
DMIIU,Drugs Made In America Acquisition II Corp. Unit,0.0,,,2025.0,United States,2040475.0,Nasdaq,False,True,,
PLCIU,Pelican Acquisition II Corporation Unit,0.0,Finance,Blank Checks,2026.0,United States,2122392.0,Nasdaq,False,True,,
DGAC,Disciplined Growth Acquisition Corporation Class A Ordinary Shares,0.0,,,2026.0,,2111038.0,NYSE,False,False,,
DFP,Flaherty & Crumrine Dynamic Preferred and Income Fund Inc. Common Stock,0.0,Finance,Investment Managers,2013.0,,1559991.0,NYSE,False,False,,
SBI,Western Asset Intermediate Muni Fund Inc Common Stock,0.0,Finance,Finance/Investors Services,1992.0,United States,882300.0,NYSE,False,True,,
XCBEW,X3 Acquisition Corp. Ltd. Warrant,0.0,Finance,Blank Checks,2026.0,United States,2083493.0,Nasdaq,False,True,,
WTGUU,Wintergreen Acquisition Corp. Unit,0.0,,,2025.0,China,2053927.0,Nasdaq,False,False,,
IEAGU,Infinite Eagle Acquisition Corp. Unit,0.0,,,2026.0,United States,2084396.0,Nasdaq,False,True,,
IDE,Voya Infrastructure Industrials and Materials Fund Common Shares of Beneficial Interest,0.0,Finance,Finance/Investors Services,2010.0,United States,1417802.0,NYSE,False,True,,
IDACW,Iron Dome Acquisition I Corp. Warrant,0.0,,,2026.0,United States,2090441.0,Nasdaq,False,True,,
BRTMU,B&R Technology Merger Corp. Units,0.0,,,2026.0,United States,2131350.0,Nasdaq,False,True,,
XIIIU,Churchill Capital Corp XIII Units,0.0,,,2026.0,United States,2114229.0,Nasdaq,False,True,,
ISNRW,Snow Rothschild Acquisition Corp. Warrants,0.0,Finance,Blank Checks,2026.0,United States,2123475.0,Nasdaq,False,True,,
ISD,PGIM High Yield Bond Fund Inc.,0.0,Finance,Trusts Except Educational Religious and Charitable,2012.0,United States,1534880.0,NYSE,False,True,,
IRHOR,Iron Horse Acquisitions Corp. II Rights,0.0,Finance,Blank Checks,2026.0,United States,2051985.0,Nasdaq,False,True,,
IRAB,Iris Acquisition Corp II Class A Ordinary Shares,0.0,,,2026.0,,2077785.0,NYSE,False,False,,
POLEW,Andretti Acquisition Corp. II Warrant,0.0,,,2024.0,United States,2025341.0,Nasdaq,False,True,,
DHY,Credit Suisse High Yield Credit Fund Common Stock,0.0,Finance,Finance/Investors Services,1998.0,United States,1061353.0,NYSE,False,True,,
SAMO,Samos Energy Acquisition Corporation Class A Ordinary Shares,0.0,,,2026.0,,2125567.0,NYSE,False,False,,
ERH,Allspring Utilities and High Income Fund Common Shares,0.0,Finance,Finance/Investors Services,2004.0,,1279014.0,NYSE,False,False,,
ERC,Allspring Multi-Sector Income Fund Common Stock,0.0,Finance,Finance/Investors Services,2003.0,United States,1227073.0,NYSE,False,True,,
PNI,Pimco New York Municipal Income Fund II Common Shares of Beneficial Interest,0.0,Finance,Trusts Except Educational Religious and Charitable,2002.0,United States,1170311.0,NYSE,False,True,,
XFLH,XFLH Capital Corporation Ordinary Shares,0.0,Finance,Blank Checks,2026.0,,2088103.0,NYSE,False,False,,
XRPNW,Armada Acquisition Corp. II Warrant,0.0,Finance,Blank Checks,2025.0,United States,2044009.0,Nasdaq,False,True,,
BRW,Saba Capital Income & Opportunities Fund SBI,0.0,Finance,Trusts Except Educational Religious and Charitable,,United States,826020.0,NYSE,False,True,,
IGR,CBRE Global Real Estate Income Fund Common Shares of Beneficial Interest,0.0,Finance,Finance Companies,2004.0,United States,1268884.0,NYSE,False,True,,
IGI,Western Asset Investment Grade Opportunity Trust Inc. Common Stock,0.0,Finance,Investment Managers,2009.0,United States,1462586.0,NYSE,False,True,,
IGD,Voya Global Equity Dividend and Premium Opportunity Fund,0.0,Finance,Trusts Except Educational Religious and Charitable,2005.0,United States,1285890.0,NYSE,False,True,,
IGACU,Invest Green Acquisition Corporation Units,0.0,Finance,Blank Checks,2025.0,United States,2075068.0,Nasdaq,False,True,,
IGA,Voya Global Advantage and Premium Opportunity Fund Common Shares of Beneficial Interest,0.0,Finance,Investment Managers,2005.0,United States,1332943.0,NYSE,False,True,,
IFN,Aberdeen India Fund Inc. Common Stock,0.0,Finance,Finance/Investors Services,,United States,917100.0,NYSE,False,True,,
XTERW,Karman Line Acquisition Corp. Warrants,0.0,,,2026.0,United States,2134856.0,Nasdaq,False,True,,
IPXGW,Inflection Point Acquisition Corp. VII Warrant,0.0,Finance,Blank Checks,2026.0,United States,2088805.0,Nasdaq,False,True,,
IPVV,InterPrivate Investment Partners V Inc. Class A Ordinary Shares,0.0,Finance,Blank Checks,2026.0,United States,2105274.0,Nasdaq,False,True,,
IPHXU,Inflection Point Acquisition Corp. VIII Unit,0.0,,,2026.0,United States,2146310.0,Nasdaq,False,True,,
ZKPU,Lafayette Digital Acquisition Corp. I Unit,0.0,Finance,Blank Checks,2026.0,United States,2087447.0,Nasdaq,False,True,,
AVK,Advent Convertible and Income Fund,0.0,Finance,Trusts Except Educational Religious and Charitable,2003.0,United States,1219120.0,NYSE,False,True,,
DMB,BNY Mellon Municipal Bond Infrastructure Fund Inc. Common Stock,0.0,Finance,Trusts Except Educational Religious and Charitable,2013.0,,1565381.0,NYSE,False,False,,
DMAAR,Drugs Made In America Acquisition Corp. Rights,0.0,Finance,Blank Checks,2025.0,United States,2028614.0,Nasdaq,False,True,,
DMA,Destra Multi-Alternative Fund Common Stock,0.0,Finance,Trusts Except Educational Religious and Charitable,2022.0,,1523289.0,NYSE,False,False,,
SAGU,Shreya Acquisition Group Class A Ordinary Shares,0.0,Finance,Blank Checks,2026.0,,2083452.0,NYSE,False,False,,
EOS,Eaton Vance Enhance Equity Income Fund II Common Stock,0.0,Finance,Trusts Except Educational Religious and Charitable,2005.0,,1308335.0,NYSE,False,False,,
EOI,Eaton Vance Enhance Equity Income Fund Eaton Vance Enhanced Equity Income Fund Shares of Beneficial Interest,0.0,Finance,Finance/Investors Services,2004.0,United States,1300391.0,NYSE,False,True,,
EOD,Allspring Global Dividend Opportunity Fund Common Shares of Beneficial Interest,0.0,Finance,Investment Managers,2007.0,United States,1386067.0,NYSE,False,True,,
BREZ,Breeze Acquisition Corp. II Ordinary Shares,0.0,Finance,Blank Checks,2026.0,United States,2095443.0,Nasdaq,False,True,,
IIF,Morgan Stanley India Investment Fund Inc. Common Stock,0.0,Finance,Trusts Except Educational Religious and Charitable,1994.0,United States,916618.0,NYSE,False,True,,
IHD,Voya Emerging Markets High Income Dividend Equity Fund Common Shares,0.0,Finance,Investment Managers,2011.0,United States,1496292.0,NYSE,False,True,,
RFAMU,RF Acquisition Corp III Units,0.0,Finance,Blank Checks,2026.0,Singapore,2091712.0,Nasdaq,False,False,,
RFAIU,RF Acquisition Corp II Unit,0.0,Technology,Computer Software: Prepackaged Software,2024.0,Singapore,2012807.0,Nasdaq,False,False,,
AMAN,Amanat Acquisition Corp Class A Ordinary Shares,0.0,Finance,Blank Checks,2026.0,United States,2112457.0,Nasdaq,False,True,,
AMACU,AMR Resources Acquisition Corp Units,0.0,,,2026.0,Cayman Islands,2110119.0,Nasdaq,False,False,,
ALUB,Alussa Energy Acquisition Corp. II Class A Ordinary Shares,0.0,,,2026.0,,2041493.0,NYSE,False,False,,
BHAVU,BHAV Acquisition Corp Units,0.0,Finance,Blank Checks,2026.0,United States,2097288.0,Nasdaq,False,True,,
IPFXU,Inflection Point Acquisition Corp. VI Units,0.0,Finance,Blank Checks,2026.0,United States,2102041.0,Nasdaq,False,True,,
XSLLW,Xsolla SPAC 1 Warrants,0.0,Finance,Blank Checks,2026.0,United States,2088807.0,Nasdaq,False,True,,
ILLUW,Illumination Acquisition Corp I Warrant,0.0,,,2026.0,United States,2101135.0,Nasdaq,False,True,,
YICCW,Yorkville International Capital Corp. Warrants,0.0,Finance,Blank Checks,2026.0,United States,2130386.0,Nasdaq,False,True,,
YHNAU,YHN Acquisition I Limited Unit,0.0,,,2024.0,Hong Kong,2020987.0,Nasdaq,False,False,,
ABR^D,Arbor Realty Trust 6.375% Series D Cumulative Redeemable Preferred Stock Liquidation Preference $25.00 per Share,,,,,United States,,,False,False,,
ABR^E,Arbor Realty Trust 6.25% Series E Cumulative Redeemable Preferred Stock,,,,,United States,,,False,False,,
ABR^F,Arbor Realty Trust 6.25% Series F Fixed-to-Floating Rate Cumulative Redeemable Preferred Stock Liquidation Preference $25.00 per share,,,,,United States,,,False,False,,
ACP^A,abrdn Income Credit Strategies Fund 5.250% Series A Perpetual Preferred Stock,,,,,United States,,,False,False,,
ACR^C,ACRES Commercial Realty Corp. 8.625% Fixed-to-Floating Series C Cumulative Redeemable Preferred Stock ,,,,,United States,,,False,False,,
ACR^D,ACRES Commercial Realty Corp. 7.875% Series D Cumulative Redeemable Preferred Stock,,,,,United States,,,False,False,,
ADC^A,Agree Realty Corporation Depositary Shares each representing 1/1000th of a 4.250% Series A Cumulative Redeemable Preferred Stock,,,,,United States,,,False,False,,
AGM^D,Federal Agricultural Mortgage Corporation 5.700% Non-Cumulative Preferred Stock Series D,,,,,United States,,,False,False,,
AGM^E,Federal Agricultural Mortgage Corporation 5.750% Non-Cumulative Preferred Stock Series E,,,,,United States,,,False,False,,
AGM^F,Federal Agricultural Mortgage Corporation 5.250% Non-Cumulative Preferred Stock Series F,,,,,United States,,,False,False,,
AGM^G,Federal Agricultural Mortgage Corporation 4.875% Non-Cumulative Preferred Stock Series G,,,,,United States,,,False,False,,
AGM^H,Federal Agricultural Mortgage Corporation 6.500% Non-Cumulative Preferred Stock Series H,,,,,United States,,,False,False,,
AGM^I,Federal Agricultural Mortgage Corporation 6.875% Non-Cumulative Preferred Stock Series I,,,,,United States,,,False,False,,
AHL^D,Aspen Insurance Holdings Limited 5.625% Perpetual Non-Cumulative Preference Shares,,,,,Bermuda,,,False,False,,
AHL^E,Aspen Insurance Holdings Limited Depositary Shares each representing a 1/1000th interest in a share of 5.625% Perpetual Non-Cumulative Preference Shares,,,,,Bermuda,,,False,False,,
AHL^F,Aspen Insurance Holdings Limited Depositary Shares each representing a 1/1000th Interest in a 7.00% Perpetual Non-Cumulative Preference Share,,,,,Bermuda,,,False,False,,
AHRT^A,AH Realty Trust Inc. 6.75% Series A Cumulative Redeemable Perpetual Preferred Stock,,,,,United States,,,False,False,,
AHT^D,Ashford Hospitality Trust Inc 8.45% Series D Cumulative Preferred Stock,,,,,United States,,,False,False,,
AHT^F,Ashford Hospitality Trust Inc 7.375% Series F Cumulative Preferred Stock,,,,,United States,,,False,False,,
AHT^G,Ashford Hospitality Trust Inc 7.375% Series G Cumulative Preferred Stock,,,,,United States,,,False,False,,
AHT^H,Ashford Hospitality Trust Inc 7.50% Series H Cumulative Preferred Stock,,,,,United States,,,False,False,,
AHT^I,Ashford Hospitality Trust Inc 7.50% Series I Cumulative Preferred Stock,,,,,United States,,,False,False,,
AKO/A,Embotelladora Andina S.A.,,,,,Chile,,,False,False,,
AKO/B,Embotelladora Andina S.A.,,,,,Chile,,,False,False,,
ALB^A,Albemarle Corporation Depositary Shares each representing a 1/20th of 7.25% Series A Mandatory Convertible Preferred Stock,,,,,United States,,,False,False,,
ALL^B,Allstate Corporation (The) 5.100% Fixed-to-Floating Rate Subordinated Debentures due 2053,,,,,United States,,,False,False,,
ALL^H,Allstate Corporation (The) Depositary Shares each representing a 1/1000th interest in a share of Fixed Rate Noncumulative Perpetual Preferred Stock Series H,,,,,United States,,,False,False,,
ALL^I,Allstate Corporation (The) Depositary Shares each representing a 1/1000th interest in a share of Fixed Rate Noncumulative Perpetual Preferred Stock Series I,,,,,United States,,,False,False,,
ALL^J,Allstate Corporation (The) Depositary Shares each representing a 1/1000th interest in a share of Fixed Rate Noncumulative Perpetual Preferred Stock Series J,,,,,United States,,,False,False,,
ALTG^A,Alta Equipment Group Inc. Depositary Shares (each representing 1/1000th in a share of 10% Series A Cumulative Perpetual Preferred Stock),,,,,United States,,,False,False,,
AMH^G,American Homes 4 Rent Series G cumulative redeemable perpetual preferred shares of beneficial interest,,,,,United States,,,False,False,,
AMH^H,American Homes 4 Rent Series H cumulative redeemable perpetual Preferred Shares of Beneficial Interest,,,,,United States,,,False,False,,
ANG^D,American National Group Inc. Depositary Shares each representing a 1/1000th interest in a share of 7.375% Fixed-Rate Non-Cumulative Preferred Stock Series D,,,,,United States,,,False,False,,
ARES^B,Ares Management Corporation 6.75% Series B Mandatory Convertible Preferred Stock,,,,,United States,,,False,False,,
ARR^C,ARMOUR Residential REIT Inc. 7% Series C Cumulative Redeemable Preferred Stock (liquidation preference $25.00 per share),,,,,United States,,,False,False,,
ASB^E,Associated Banc-Corp Depositary Shares each representing a 1/40th interest in a share of 5.875% Non-Cumulative Perpetual Preferred Stock Series E,,,,,United States,,,False,False,,
ASB^F,Associated Banc-Corp Depositary Shares each representing a 1/40th interest in a share of Associated Banc-Corp 5.625% Non-Cumulative Perpetual Preferred Stock Series F,,,,,United States,,,False,False,,
ATH^A,Athene Holding Ltd. Depositary Shares Each Representing a 1/1000th Interest in a 6.35% Fixed-to-Floating Rate Perpetual Non-Cumulative Preference Share Series A,,,,,Bermuda,,,False,False,,
ATH^B,Athene Holding Ltd. Depositary Shares Each Representing a 1/1000th Interest in a 5.625% Fixed Rate Perpetual Non- Cumulative Preference Share Series B par value $1.00 per share,,,,,Bermuda,,,False,False,,
ATH^D,Athene Holding Ltd. Depositary Shares Each Representing a 1/1000th Interest in a 4.875% Fixed-Rate Perpetual Non-Cumulative Preference Share Series D,,,,,Bermuda,,,False,False,,
ATH^E,Athene Holding Ltd. Depositary Shares Each Representing a 1/1000th Interest in a 7.750% Fixed-Rate Reset Perpetual Non-Cumulative Preference Share Series E,,,,,Bermuda,,,False,False,,
ATLQ,JAB Acquisition Corp I Class A Ordinary Shares,0.0,Finance,Blank Checks,2026.0,United States,,,False,False,,
ATLQR,JAB Acquisition Corp I Rights,0.0,Finance,Blank Checks,2026.0,United States,,,False,False,,
ATLQU,JAB Acquisition Corp I Unit,0.0,Finance,Blank Checks,2026.0,United States,,,False,False,,
ATLQW,JAB Acquisition Corp I Warrants,0.0,Finance,Blank Checks,2026.0,United States,,,False,False,,
AUB^A,Atlantic Union Bankshares Corporation Depositary Shares each representing a 1/400th ownership interest in a share of 6.875% Perpetual Non-Cumulative Preferred Stock Series A,,,,,United States,,,False,False,,
AXS^E,Axis Capital Holdings Limited Depositary Shares each representing 1/100th interest in a share of a 5.50% Series E Preferred Shares,,,,,Bermuda,,,False,False,,
BA^A,Boeing Company (The) Depositary Shares each representing a 1/20th interest in a share of 6.00% Series A Mandatory Convertible Preferred Stock par value $1.00,,,,,United States,,,False,False,,
BAC^B,Bank of America Corporation Depositary Shares each representing a 1/1000th interest in a share of 6.000% Non-Cumulative Preferred Stock Series GG,,,,,United States,,,False,False,,
BAC^E,Bank of America Corporation Depositary Sh repstg 1/1000th Perp Pfd Ser E,,,,,United States,,,False,False,,
BAC^K,Bank of America Corporation Depositary Shares each representing a 1/1000th interest in a share of 5.875% Non- Cumulative Preferred Stock Series HH,,,,,United States,,,False,False,,
BAC^L,Bank of America Corporation Non Cumulative Perpetual Conv Pfd Ser L,,,,,United States,,,False,False,,
BAC^M,Bank of America Corporation Depositary Shares each representing a 1/1000th interest in a share of 5.375% Non-Cumulative Preferred Stock Series KK,,,,,United States,,,False,False,,
BAC^N,Bank of America Corporation Depositary shares each representing 1/1000th interest in a share of 5.000% Non-Cumulative Preferred Stock Series LL,,,,,United States,,,False,False,,
BAC^O,Bank of America Corporation Depositary shares each representing 1/1000th interest in a share of 4.375% Non-Cumulative Preferred Stock Series NN,,,,,United States,,,False,False,,
BAC^P,Bank of America Corporation Depositary Shares each representing a 1/1000th interest in a share of 4.125% Non-Cumulative Preferred Stock Series PP,,,,,United States,,,False,False,,
BAC^Q,Bank of America Corporation Depositary shares each representing 1/1000th interest in a share of 4.250% Non-Cumulative Preferred Stock Series QQ,,,,,United States,,,False,False,,
BAC^S,Bank of America Corporation Depositary shares each representing 1/1000th interest in a share of 4.750% Non-Cumulative Preferred Stock Series SS,,,,,United States,,,False,False,,
BANC^F,Banc of California Inc. Depositary Shares each representing a 1/40th interest in a share of 7.75% non-cumulative perpetual preferred stock Series F,,,,,United States,,,False,False,,
BC^C,Brunswick Corporation 6.375% Notes due 2049,,,,,United States,,,False,False,,
BCV^A,Bancroft Fund Limited 5.375% Series A Cumulative Preferred Shares,,,,,United States,,,False,False,,
BEP^A,Brookfield Renewable Partners L.P. 5.25% Class A Preferred Limited Partnership Units Series 17,,,,,Canada,,,False,False,,
BF/A,Brown Forman Corporation,,,,,United States,,,False,False,,
BF/B,Brown Forman Corporation,,,,,United States,,,False,False,,
BFH^A,Bread Financial Holdings Inc. Depositary Shares each representing a 1/40th interest in a share of 8.625% Non-Cumulative Perpetual Preferred Stock Series A,,,,,United States,,,False,False,,
BFH^B,Bread Financial Holdings Inc. Depositary Shares each representing a 1/40th interest in a share of 8.875% Fixed Rate Reset Non-Cumulative Perpetual Preferred Stock Series B,,,,,United States,,,False,False,,
BFS^D,Saul Centers Inc. Depositary Shares each representing 1/100th of a share of 6.125% Series D Cumulative Redeemable Preferred Stock,,,,,United States,,,False,False,,
BFS^E,Saul Centers Inc. Depositary shares each representing a 1/100th fractional interest in a share of 6.000% Series E Cumulative Redeemable Preferred Stock,,,,,United States,,,False,False,,
BHR^B,Braemar Hotels & Resorts Inc. 5.50% Series B Cumulative Convertible Preferred Stock par value $0.01 per share,,,,,United States,,,False,False,,
BHR^D,Braemar Hotels & Resorts Inc. 8.25% Series D Cumulative Preferred Stock  par value $0.01 per share,,,,,United States,,,False,False,,
BIO/B,Bio-Rad Laboratories Inc.,,,,,United States,,,False,False,,
BIP^A,Brookfield Infrastructure Partners LP 5.125% Class A Preferred Limited Partnership Units Series 13,,,,,Bermuda,,,False,False,,
BIP^B,Brookfield Infrastructure Partners LP 5.000% Class A Preferred Limited Partnership Units Series 14,,,,,Bermuda,,,False,False,,
BML^G,Bank of America Corporation Depositary Shares (Each representing a 1/1200th interest in a share of Floating Rate Non-Cumulative Preferred Stock  Series 1),,,,,United States,,,False,False,,
BML^H,Bank of America Corporation Depositary Shares (Each representing a 1/1200th interest in a Share of Floating Rate Non-Cumulative Preferred Stock Series 2),,,,,United States,,,False,False,,
BML^J,Bank of America Corporation Depositary Shares (Each representing a 1/1200th interest in a Share of Floating Rate Non-Cumulative Preferred Stock Series 4),,,,,United States,,,False,False,,
BML^L,Bank of America Corporation Depositary Shares (Each representing a 1/1200th Interest in a Share of Floating Rate Non-Cumulative Preferred Stock Series 5),,,,,United States,,,False,False,,
BNY^K,The Bank Of New York Mellon Corporation  Depositary Shares each representing a 1/4000th interest in a share of Series K Noncumulative Perpetual Preferred Stock,,,,,United States,,,False,False,,
BOH^A,Bank of Hawaii Corporation Depositary Shares Each Representing a 1/40th Interest in a Share of 4.375% Fixed Rate Non-Cumulative Perpetual Preferred Stock Series A,,,,,United States,,,False,False,,
BOH^B,Bank of Hawaii Corporation Depositary Shares Each Representing a 1/40th Interest in a Share of 8.000% Fixed Rate Non-Cumulative Perpetual Preferred Stock Series B,,,,,United States,,,False,False,,
BRK/A,Berkshire Hathaway Inc.,1115657929000.0,,,,United States,,,False,False,,
BRK/B,Berkshire Hathaway Inc.,1114716757084.0,,,,United States,,,False,False,,
BW^A,Babcock & Wilcox Enterprises Inc. 7.75% Series A Cumulative Perpetual Preferred Stock,,,,,United States,,,False,False,,
C^N,Citigroup Capital XIII 7.875% Fixed rate Floating Rate trust Preferred Securities (TruPS),,,,,United States,,,False,False,,
C^R,Citigroup Inc. Depositary Shares Each Representing a 1/1000th Interest in a Share of 6.250% Noncumulative Preferred Stock Series II,,,,,United States,,,False,False,,
CDR^B,Cedar Realty Trust Inc. 7.25% Series B Cumulative Redeemable Preferred Stock,,,,,United States,,,False,False,,
CDR^C,Cedar Realty Trust Inc. 6.50% Series C Cumulative Redeemable Preferred Stock,,,,,United States,,,False,False,,
CFG^E,Citizens Financial Group Inc. Depositary Shares Each Representing 1/40th Interest in a Share of 5.000% Fixed-Rate Non-Cumulative Perpetual Preferred Stock Series E,,,,,United States,,,False,False,,
CFG^H,Citizens Financial Group Inc. Depositary Shares Each Representing a 1/40th Interest in a Share of 7.375% Fixed-Rate Non-Cumulative Perpetual Preferred Stock Series H,,,,,United States,,,False,False,,
CFG^I,Citizens Financial Group Inc. Depositary Shares Each Representing a 1/40th Interest in a Share of 6.500% Fixed-Rate Reset Non-Cumulative Perpetual Preferred Stock Series I,,,,,United States,,,False,False,,
CFR^B,Cullen/Frost Bankers Inc. Depositary Shares each representing a 1/40th ownership interest in a share of 4.450% non-cumulative perpetual preferred stock Series B,,,,,United States,,,False,False,,
CFTR^A,Cantor Fitzgerald Income Trust Inc. 9.50% Series A Cumulative Redeemable Preferred Stock,,,,,,,,False,False,,
CHMI^A,Cherry Hill Mortgage Investment Corporation 8.20% Series A Cumulative Redeemable Preferred Stock,,,,,,,,False,False,,
CHMI^B,Cherry Hill Mortgage Investment Corporation 8.250% Series B Fixed-to-Floating Rate Cumulative Redeemable Preferred Stock,,,,,,,,False,False,,
CIM^A,Chimera Investment Corporation 8.00% Series A Cumulative Redeemable Preferred Stock,,,,,United States,,,False,False,,
CIM^B,Chimera Investment Corporation 8.00% Series B Fixed-to-Floating Rate Cumulative Redeemable Preferred Stock,,,,,United States,,,False,False,,
CIM^C,Chimera Investment Corporation 7.75% Series C Fixed-to-Floating Rate  Cumulative Redeemable  Preferred Stock,,,,,United States,,,False,False,,
CIM^D,Chimera Investment Corporation 8.00% Series D Fixed-to-Floating Rate Cumulative Redeemable Preferred Stock,,,,,United States,,,False,False,,
CLDT^A,Chatham Lodging Trust (REIT) 6.625% Series A Cumulative Redeemable Preferred Shares of Beneficial Interest,,,,,United States,,,False,False,,
CMRE^B,Costamare Inc. Perpetual Preferred Stock Series B (Marshall Islands),,,,,Greece,,,False,False,,
CMRE^C,Costamare Inc. Perpetual Preferred Series C (Marshall Islands),,,,,Greece,,,False,False,,
CMRE^D,Costamare Inc. 8.75% Series D Cumulative Redeemable Perpetual Preferred Stock,,,,,Greece,,,False,False,,
CMS^B,CMS Energy Corporation Preferred Stock,,,,,United States,,,False,False,,
CMS^C,CMS Energy Corporation Depositary Shares each representing a 1/1000th interest in a share of 4.200% Cumulative Redeemable Perpetual Preferred Stock Series C,,,,,United States,,,False,False,,
CNO^A,CNO Financial Group Inc. 5.125% Subordinated Debentures due 2060,,,,,United States,,,False,False,,
CODI^A,Compass Diversified Holdings 7.250% Series A Preferred Shares representing beneficial interest in Compass Diversified Holdings,,,,,United States,,,False,False,,
CODI^B,Compass Diversified Holdings 7.875% Series B Fixed-to-Floating Rate Cumulative Preferred Shares representing beneficial interests in Compass Diversified Holdings,,,,,United States,,,False,False,,
CODI^C,Compass Diversified Holdings 7.875% Series C Cumulative Preferred Shares,,,,,United States,,,False,False,,
COF^I,Capital One Financial Corporation Depositary shares each representing a 1/40th interest in a share of Fixed Rate Non-Cumulative Perpetual Preferred Stock Series I of the Issuer,,,,,United States,,,False,False,,
COF^J,Capital One Financial Corporation Depositary Shares Each Representing a 1/40th Interest in a Share of Fixed Rate Non- Cumulative Perpetual Preferred Stock Series J,,,,,United States,,,False,False,,
COF^K,Capital One Financial Corporation Depositary Shares Each Representing a 1/40th Ownership Interest in a Share of Fixed Rate Non-Cumulative Perpetual Preferred Stock Series K,,,,,United States,,,False,False,,
COF^L,Capital One Financial Corporation Depositary Shares Each Representing a 1/40th Interest in a Share of Fixed Rate Non-Cumulative Perpetual Preferred Stock Series L,,,,,United States,,,False,False,,
COF^N,Capital One Financial Corporation Depositary Shares Each Representing a 1/40th Ownership Interest in a Share of Fixed Rate Non-Cumulative Perpetual Preferred Stock Series N,,,,,United States,,,False,False,,
CRD/A,Crawford & Company,,,,,United States,,,False,False,,
CRD/B,Crawford & Company,,,,,United States,,,False,False,,
CTA^A,EIDP Inc. Preferred Stock $3.50 Series,,,,,United States,,,False,False,,
CTA^B,EIDP Inc. Preferred Stock $4.50 Series,,,,,United States,,,False,False,,
CTO^A,CTO Realty Growth Inc. 6.375% Series A Cumulative Redeemable Preferred Stock,,,,,United States,,,False,False,,
DBRG^H,DigitalBridge Group Inc. 7.125% Series H ,,,,,United States,,,False,False,,
DBRG^I,DigitalBridge Group Inc. 7.15% Series I ,,,,,United States,,,False,False,,
DBRG^J,DigitalBridge Group Inc. 7.125% Series J ,,,,,United States,,,False,False,,
DCOM^,Dime Commercial Bancshares Inc. Preferred Stock Series A,,,,,United States,,,False,False,,
DLNG^A,Dynagas LNG Partners LP 9.00% Series A Cumulative Redeemable Preferred Units,,,,,Greece,,,False,False,,
DLR^J,Digital Realty Trust Inc. 5.250% Series J Cumulative Redeemable Preferred Stock,,,,,United States,,,False,False,,
DLR^K,Digital Realty Trust Inc. 5.850% Series K Cumulative Redeemable Preferred Stock par value $0.01 per share,,,,,United States,,,False,False,,
DLR^L,Digital Realty Trust Inc. 5.200% Series L Cumulative Redeemable Preferred Stock,,,,,United States,,,False,False,,
DSX^B,Diana Shipping Inc. Perpetual Preferred Shares Series B (Marshall Islands),,,,,Greece,,,False,False,,
DUK^A,Duke Energy Corporation Depositary Shares each representing a 1/1000th interest in a share of 5.75% Series A Cumulative Redeemable Perpetual Preferred Stock,,,,,United States,,,False,False,,
DX^C,Dynex Capital Inc. 6.900% Series C Fixed-to-Floating Rate Cumulative Redeemable Preferred Stock,,,,,United States,,,False,False,,
ECC           ,Eagle Point Credit Company Common Share of Beneficial Interest,234763968.0,Finance,Trusts Except Educational Religious and Charitable,2014.0,United States,,,False,False,,
ECC^D,Eagle Point Credit Company 6.75% Series D Preferred Stock,,,,,United States,,,False,False,,
ECF^A,Ellsworth Growth and Income Fund Ltd. 5.25% Series A Cumulative Preferred Shares (Liquidation Preference $25.00 per share),,,,,United States,,,False,False,,
EFC^B,Ellington Financial Inc. 6.250% Series B Fixed-Rate Reset Cumulative Redeemable Preferred Stock,,,,,United States,,,False,False,,
EFC^C,Ellington Financial Inc. 8.625% Series C Fixed-Rate Reset Cumulative Redeemable Preferred Stock,,,,,United States,,,False,False,,
EFC^D,Ellington Financial Inc. 7.00% Series D Cumulative Perpetual Redeemable Preferred Stock,,,,,United States,,,False,False,,
EP^C,El Paso Corporation Preferred Stock,,,,,United States,,,False,False,,
EPR^C,EPR Properties 5.75% Series C Cumulative Convertible Preferred Shares,,,,,United States,,,False,False,,
EPR^E,EPR Properties Series E Cumulative Conv Pfd Shs Ser E,,,,,United States,,,False,False,,
EPR^G,EPR Properties 5.750% Series G Cumulative Redeemable Preferred Shares,,,,,United States,,,False,False,,
EQH^A,Equitable Holdings Inc. Depositary Shares,,,,,United States,,,False,False,,
EQH^C,Equitable Holdings Inc. Depositary Shares each representing a 1/1000th interest in a share of Fixed Rate Noncumulative Perpetual Preferred Stock Series C,,,,,United States,,,False,False,,
ET^I,Energy Transfer L.P. Series I Fixed Rate Perpetual Preferred Units,,,,,United States,,,False,False,,
ETI^,Entergy Texas Inc 5.375% Series A Preferred Stock Cumulative No Par Value,,,,,United States,,,False,False,,
ETX           ,Eaton Vance Municipal Income 2028 Term Trust Common Shares of Beneficial Interest,197670801.0,Finance,Investment Managers,2013.0,,,,False,False,,
F^B,Ford Motor Company 6.20% Notes due June 1 2059,,,,,United States,,,False,False,,
F^C,Ford Motor Company 6% Notes due December 1 2059,,,,,United States,,,False,False,,
F^D,Ford Motor Company 6.500% Notes due August 15 2062,,,,,United States,,,False,False,,
FBRT^E,Franklin BSP Realty Trust Inc. 7.50% Series E Cumulative Redeemable Preferred Stock,,,,,United States,,,False,False,,
FHN^E,First Horizon Corporation Depositary Shares each representing a 1/4000th interest in a share of Non-Cumulative Perpetual Preferred Stock Series E,,,,,United States,,,False,False,,
FHN^F,First Horizon Corporation Depositary Shares each representing 1/4000th Interest in a Share of Non-Cumulative Perpetual Preferred Stock Series F,,,,,United States,,,False,False,,
FHN^H,First Horizon Corporation Depositary Shares each representing a 1/4000th interest in a share of Non-Cumulative Perpetual Preferred Stock Series H,,,,,United States,,,False,False,,
FITB^A,Fifth Third Bancorp Depositary Shares each representing 1/40th share of Fifth Third 6.00% Non-Cumulative Perpetual Class B Preferred Stock Series A,,,,,United States,,,False,False,,
FITB^I,Fifth Third Bancorp Depositary Share repstg 1/1000th Ownership Interest Perp Pfd Series I,,,,,United States,,,False,False,,
FITB^K,Fifth Third Bancorp Depositary Shares each representing a 1/1000th ownership interest in a share of Non-Cumulative Perpetual Preferred Stock Series K,,,,,United States,,,False,False,,
FITB^M,Fifth Third Bancorp Depositary Shares Representing a 1/40th Ownership Interest in a Share of 6.875% Fixed-Rate Reset Non-Cumulative Perpetual Preferred Stock Series M,,,,,United States,,,False,False,,
FLG^A,Flagstar Bank N.A. Depositary shares each representing a 1/40th interest in a share of Fixed-to-Floating Rate Series A Noncumulative Perpetual Preferred Stock,,,,,United States,,,False,False,,
FLG^U,Flagstar Bank N.A. Bifurcated Option Note Unit SecuritiES,,,,,United States,,,False,False,,
FOUR^A,Shift4 Payments Inc. 6.00% Series A Mandatory Convertible Preferred Stock,,,,,United States,,,False,False,,
FRBA,First Bank Common Stock,450659846.0,Finance,Major Banks,2013.0,United States,,,False,False,,
FRT^C,Federal Realty Investment Trust Depositary Shares each representing a 1/1000th interest in a 5.000% Series C Cumulative Redeemable Preferred Share,,,,,United States,,,False,False,,
GAB^G,Gabelli Equity Trust Inc. (The) Series G Cumulative Preferred Stock,,,,,United States,,,False,False,,
GAB^H,Gabelli Equity Trust Inc. (The) Pfd Ser H,,,,,United States,,,False,False,,
GAB^K,Gabelli Equity Trust Inc. (The) 5.00% Series K Cumulative Preferred Stock,,,,,United States,,,False,False,,
GAM^B,General American Investors Company Inc. Cumulative Preferred Stock,,,,,United States,,,False,False,,
GDV^H,The Gabelli Dividend & Income Trust 5.375% Series H Cumulative Preferred Shares,,,,,United States,,,False,False,,
GDV^K,The Gabelli Dividend & Income Trust 4.250% Series K Cumulative Preferred Shares,,,,,United States,,,False,False,,
GGN^B,GAMCO Global Gold Natural Reources & Income Trust 5.00% Series B Cumulative 25.00 Liquidation Preference,,,,,United States,,,False,False,,
GGT^E,Gabelli Multi-Media Trust Inc. (The) 5.125% Series E Cumulative Preferred Stock,,,,,United States,,,False,False,,
GGT^G,Gabelli Multi-Media Trust Inc. (The) 5.125% Series G Cumulative Preferred Shares,,,,,United States,,,False,False,,
GL^D,Globe Life Inc. 4.25% Junior Subordinated Debentures due 2061,,,,,United States,,,False,False,,
GLOP^A,GasLog Partners LP 8.625% Series A Cumulative Redeemable Perpetual Fixed to Floating Rate Preference Units,,,,,Greece,,,False,False,,
GLOP^B,GasLog Partners LP 8.200% Series B Cumulative Redeemable Perpetual Fixed to Floating Rate Preference Units,,,,,Greece,,,False,False,,
GLOP^C,GasLog Partners LP 8.500% Series C Cumulative Redeemable Perpetual Fixed to Floating Rate Preference Units,,,,,Greece,,,False,False,,
GLU^A,The Gabelli Global Utility and Income Trust Series A Cumulative Puttable and Callable Preferred Shares,,,,,United States,,,False,False,,
GLU^B,The Gabelli Global Utility and Income Trust Series B Cumulative Puttable and Callable Preferred Shares,,,,,United States,,,False,False,,
GNL^A,Global Net Lease Inc. 7.25% Series A Cumulative Redeemable Preferred Stock $0.01 par value per share,,,,,United States,,,False,False,,
GNL^B,Global Net Lease Inc. 6.875% Series B Cumulative Redeemable Perpetual Preferred Stock,,,,,United States,,,False,False,,
GNL^D,Global Net Lease Inc. 7.50% Series D Cumulative Redeemable Perpetual Preferred Stock,,,,,United States,,,False,False,,
GNL^E,Global Net Lease Inc. 7.375% Series E Cumulative Redeemable Perpetual Preferred Stock,,,,,United States,,,False,False,,
GNT^A,GAMCO Natural Resources Gold & Income Tust  5.20% Series A Cumulative Preferred Shares (Liquidation Preference $25.00 per share),,,,,United States,,,False,False,,
GPMT^A,Granite Point Mortgage Trust Inc. 7.00% Series A Fixed-to-Floating Rate Cumulative Redeemable Preferred Stock,,,,,United States,,,False,False,,
GPUS^D,Hyperscale Data Inc. 13.00% Series D Cumulative Redeemable Perpetual Preferred Stock,,,,,United States,,,False,False,,
GRBK^A,Green Brick Partners Inc. Depositary Shares (each representing a 1/1000th fractional interest in a share of 5.75% Series A Cumulative Perpetual Preferred Stock),,,,,United States,,,False,False,,
GS^A,Goldman Sachs Group Inc. (The) Depositary Shares each representing 1/1000th Interest in a Share of Floating Rate Non-Cumulative Preferred Stock Series A,,,,,United States,,,False,False,,
GS^C,Goldman Sachs Group Inc. (The) Depositary Share repstg 1/1000th Preferred Series C,,,,,United States,,,False,False,,
GS^D,Goldman Sachs Group Inc. (The) Dep Shs repstg 1/1000 Pfd Ser D Fltg,,,,,United States,,,False,False,,
GSL^B,Global Ship Lease Inc. Depository Shares Representing 1/100th Perpetual Preferred Series B% (Marshall Island),,,,,United Kingdom,,,False,False,,
GUT^C,Gabelli Utility Trust (The) 5.375% Series C Cumulative Preferred Shares,,,,,United States,,,False,False,,
HEI/A,Heico Corporation,,,,,United States,,,False,False,,
HFRO^A,Highland Opportunities and Income Fund 5.375% Series A Cumulative Preferred Shares,,,,,United States,,,False,False,,
HFRO^B,Highland Opportunities and Income Fund 5.375% Series B Cumulative Preferred Shares,,,,,United States,,,False,False,,
HIFS,Hingham Institution for Savings Common Stock,633933954.0,Finance,Banks,,United States,,,False,False,,
HIG^G,The Hartford Insurance Group Inc. Depositary Shares each representing a 1/1000th interest in a share of 6.000% Non-Cumulative Preferred Stock Series G,,,,,United States,,,False,False,,
HL^B,Hecla Mining Company Preferred Stock,,,,,United States,,,False,False,,
HOS,Hornbeck Offshore Services Inc.,1522460678.0,,,,United States,,,False,False,,
HPE^C,Hewlett Packard Enterprise Company 7.625% Series C Mandatory Convertible Preferred Stock,,,,,United States,,,False,False,,
HPP^C,Hudson Pacific Properties Inc. 4.750% Series C Cumulative Redeemable Preferred Stock,,,,,United States,,,False,False,,
HVT/A,Haverty Furniture Companies Inc.,,,,,United States,,,False,False,,
ICR^A,InPoint Commercial Real Estate Income Inc. 6.75% Series A Cumulative Redeemable Preferred Stock,,,,,,,,False,False,,
IIPR^A,Innovative Industrial Properties Inc. 9.00% Series A Cumulative Redeemable Preferred Stock,,,,,United States,,,False,False,,
INN^E,Summit Hotel Properties Inc. 6.250% Series E Cumulative Redeemable Preferred Stock,,,,,United States,,,False,False,,
INN^F,Summit Hotel Properties Inc. 5.875% Series F Cumulative Redeemable Preferred Stock $0.01 par value per share,,,,,United States,,,False,False,,
IVR^C,INVESCO MORTGAGE CAPITAL INC 7.5% Fixed-to-Floating Series C Cumulative Redeemable Preferred Stock Liquation Preference $25.00 per Share,,,,,United States,,,False,False,,
JPM^C,J P Morgan Chase & Co Depositary Shares each representing a 1/400th interest in a share of 6.00% Non-Cumulative  Preferred Stock Series EE,,,,,United States,,,False,False,,
JPM^D,J P Morgan Chase & Co Depositary Shares each representing a 1/400th  interest in a share of 5.75% Non-Cumulative  Preferred Stock Series DD,,,,,United States,,,False,False,,
JPM^J,J P Morgan Chase & Co Depositary Shares each representing a 1/400th interest in a share of JPMorgan Chase & Co. 4.75% Non-Cumulative Preferred Stock Series GG,,,,,United States,,,False,False,,
JPM^K,J P Morgan Chase & Co Depositary Shares each representing a 1/400th interest in a share of 4.55% Non-Cumulative Preferred Stock Series JJ,,,,,United States,,,False,False,,
JPM^L,J P Morgan Chase & Co Depositary Shares each representing a 1/400th interest in a share of 4.625% Non-Cumulative Preferred Stock Series LL,,,,,United States,,,False,False,,
JPM^M,J P Morgan Chase & Co Depositary Shares each representing a 1/400th interest in a share of 4.20% Non-Cumulative Preferred Stock Series MM,,,,,United States,,,False,False,,
JXN^A,Jackson Financial Inc. Depositary Shares each representing a 1/1000th interest in a share of Fixed-Rate Reset Noncumulative Perpetual Preferred Stock Series A,,,,,United States,,,False,False,,
KEY^I,KeyCorp Depositary Shares Each Representing a 1/40th Ownership Interest in a Share of Fixed-to-Floating Rate Perpetual Non-Cumulative Preferred Stock Series E,,,,,United States,,,False,False,,
KEY^J,KeyCorp Depositary Shares each representing a 1/40th ownership interest in a share of Fixed Rate Perpetual Non-Cumulative Preferred Stock Series F,,,,,United States,,,False,False,,
KEY^K,KeyCorp Depositary Shares each representing a 1/40th ownership interest in a share of Fixed Rate Perpetual Non-Cumulative Preferred Stock Series G,,,,,United States,,,False,False,,
KEY^L,KeyCorp Depositary Shares each representing a 1/40th ownership interest in a share of Fixed Rate Perpetual Non-Cumulative Preferred Stock Series H,,,,,United States,,,False,False,,
KIM^L,Kimco Realty Corporation Class L Depositary Shares each of which represents a one-one thousandth fractional interest in a share of 5.125% Class L Cumulative Redeemable Preferred Stock liquidation preference $25000.00 per share,,,,,United States,,,False,False,,
KIM^M,Kimco Realty Corporation Class M Depositary Shares each of which represents a one-one thousandth fractional interest in a share of 5.25% Class M Cumulative Redeemable Preferred Stock liquidation preference $25000.00 per share,,,,,United States,,,False,False,,
KIM^N,Kimco Realty Corporation Depositary Shares each representing 1/1000th interest in a share of 7.25% Class N Cumulative Convertible Perpetual Preferred Stock,,,,,United States,,,False,False,,
KKR^D,KKR & Co. Inc. 6.25% Series D Mandatory Convertible Preferred Stock,,,,,United States,,,False,False,,
KREF^A,KKR Real Estate Finance Trust Inc. 6.50% Series A Cumulative Redeemable Preferred Stock,,,,,United States,,,False,False,,
LFT^A,Lument Finance Trust Inc. 7.875% Series A Cumulative Redeemable Preferred Stock,,,,,United States,,,False,False,,
LNC^D,Lincoln National Corporation Depositary Shares Each Representing a 1/1000th Interest in a Share of 9.000% Non-Cumulative Preferred Stock Series D,,,,,United States,,,False,False,,
LOB^A,Live Oak Bancshares Inc. Depositary Shares Each Representing a 1/40th Interest in a Share of 8.375% Fixed Rate Series A Non-Cumulative Perpetual Preferred Stock,,,,,United States,,,False,False,,
LXP^C,LXP Industrial Trust 6.5% Series C Cumulative Convertible Preferred Stock,,,,,United States,,,False,False,,
MAA^I,Mid-America Apartment Communities Inc. 8.50% Series I Cumulative Redeemable Preferred Stock,,,,,United States,,,False,False,,
MER^K,Bank of America Corporation Income Capital Obligation Notes initially due December 15 2066,,,,,United States,,,False,False,,
MET^A,MetLife Inc. Preferred Series A Floating Rate,,,,,United States,,,False,False,,
MET^E,MetLife Inc. Depositary Shares ,,,,,United States,,,False,False,,
MET^F,MetLife Inc. Depositary Shares each representing a 1/1000th interest in a share of 4.75% Non-Cumulative Preferred Stock Series F,,,,,United States,,,False,False,,
MFA^B,MFA Financial Inc. Preferred Series B,,,,,United States,,,False,False,,
MFA^C,MFA Financial Inc. 6.50% Series C Fixed-to-Floating Rate Cumulative Redeemable Preferred Stock,,,,,United States,,,False,False,,
MITT^A,TPG Mortgage Investment Trust Inc. 8.25% Series A Cumulative Redeemable Preferred Stock,,,,,United States,,,False,False,,
MITT^B,TPG Mortgage Investment Trust Inc. 8.00% Series B Cumulative Redeemable Preferred Stock,,,,,United States,,,False,False,,
MITT^C,TPG Mortgage Investment Trust Inc. 8.00% Series C Fixed-to-Floating Rate Cumulative Redeemable Preferred Stock $0.01 par value per share,,,,,United States,,,False,False,,
MS^A,Morgan Stanley Dep Shs repstg 1/1000 Pfd Ser A,,,,,United States,,,False,False,,
MS^E,Morgan Stanley DEPOSITARY SHARES REP 1/1000TH SHARES FIXED/FLTG PREFERRED STOCK SERIES E,,,,,United States,,,False,False,,
MS^F,Morgan Stanley Dep Shs Rpstg 1/1000th Int Prd Ser F Fxd to Flag,,,,,United States,,,False,False,,
MS^I,Morgan Stanley Depository Shares Representing 1/1000th Preferred Series 1 Fixed to Floating Non (Cum),,,,,United States,,,False,False,,
MS^K,Morgan Stanley Depositary Shares each representing 1/1000th of a share of Fixed-to-Floating Rate Non-Cumulative Preferred Stock  Series K,,,,,United States,,,False,False,,
MS^L,Morgan Stanley Depositary Shares each representing 1/1000th of a share of 4.875% Non-Cumulative Preferred Stock Series L,,,,,United States,,,False,False,,
MS^O,Morgan Stanley Depositary Shares each representing 1/1000th of a share of 4.250% Non-Cumulative Preferred Stock Series O,,,,,United States,,,False,False,,
MS^P,Morgan Stanley Depositary Shares each representing 1/1000th of a share of 6.500% Non-Cumulative Preferred Stock Series P,,,,,United States,,,False,False,,
MS^Q,Morgan Stanley Depositary Shares each representing 1/1000th of a share of 6.625% Non-Cumulative Preferred Stock Series Q,,,,,United States,,,False,False,,
MTB^H,M&T Bank Corporation Perpetual Fixed-to-Floating Rate Non-Cumulative Preferred Stock Series H,,,,,United States,,,False,False,,
MTB^J,M&T Bank Corporation Depositary Shares each representing a 1/400th ownership interest in a share of Perpetual 7.500% Non-Cumulative Preferred Stock Series J,,,,,United States,,,False,False,,
MTB^K,M&T Bank Corporation Depositary Shares each representing a 1/400th interest in a share of Perpetual 6.350% Non-Cumulative Preferred Stock Series K,,,,,United States,,,False,False,,
MTB^L,M&T Bank Corporation Depositary Shares each representing a 1/400th ownership interest in a share of Perpetual 6.625% Non-Cumulative Preferred Stock Series L,,,,,United States,,,False,False,,
NBN,Northeast Bank Common Stock,1053241500.0,Finance,Major Banks,,United States,,,False,False,,
NCV^A,Virtus Convertible & Income Fund 5.625% Series A Cumulative Preferred Shares,,,,,United States,,,False,False,,
NCZ^A,Virtus Convertible & Income Fund II 5.50% Series A Cumulative Preferred Shares,,,,,United States,,,False,False,,
NEE^N,NextEra Energy Capital Holdings Inc. Series N Junior Subordinated Debentures due March 1 2079,,,,,United States,,,False,False,,
NEE^S,NextEra Energy Inc. 7.299% Corporate Units,,,,,United States,,,False,False,,
NEE^T,NextEra Energy Inc. 7.234% Corporate Units,,,,,United States,,,False,False,,
NEE^U,NextEra Energy Inc. Series U Junior Subordinated Debentures due June 1 2085,,,,,United States,,,False,False,,
NEE^V,NextEra Energy Inc. 7.375% Corporate Units,,,,,United States,,,False,False,,
NEE^W,NextEra Energy Capital Holdings Inc. Series Z Junior Subordinated Debentures due April 15 2086,,,,,United States,,,False,False,,
NGL^B,NGL ENERGY PARTNERS LP 9.00% Class B Fixed-to-Floating Rate Cumulative Redeemable Perpetual Preferred Units representing limited partnership interests,,,,,United States,,,False,False,,
NGL^C,NGL ENERGY PARTNERS LP 9.625% Class C Fixed-to-Floating Rate Cumulative  Redeemable Perpetual Preferred Units representing  limited partner interests,,,,,United States,,,False,False,,
NLY^F,Annaly Capital Management Inc 6.95% Series F,,,,,United States,,,False,False,,
NLY^G,Annaly Capital Management Inc 6.50% Series G Fixed-to-Floating Rate Cumulative Redeemable Preferred Stock,,,,,United States,,,False,False,,
NLY^I,Annaly Capital Management Inc 6.750% Series I Fixed-to-Floating Rate Cumulative Redeemable Preferred Stock,,,,,United States,,,False,False,,
NLY^J,Annaly Capital Management Inc. 8.875% Series J Fixed-Rate Cumulative Redeemable Preferred Stock,,,,,United States,,,False,False,,
NREF^A,NexPoint Real Estate Finance Inc. 8.50% Series A Cumulative Redeemable Preferred Stock,,,,,United States,,,False,False,,
NSAIR,NorthStrive Acquisition Corp I. Rights,0.0,,,,United States,,,False,False,,
NSAIW,NorthStrive Acquisition Corp I. Warrants,0.0,,,,United States,,,False,False,,
NXDT^A,NexPoint Diversified Real Estate Trust 5.50% Series A Cumulative Preferred Shares ($25.00 liquidation preference per share),,,,,United States,,,False,False,,
OAK^A,Brookfield Oaktree Holdings LLC 6.625% Series A Preferred Units,,,,,United States,,,False,False,,
OAK^B,Brookfield Oaktree Holdings LLC 6.550% Series B Preferred Units,,,,,United States,,,False,False,,
OPP^A,RiverNorth/DoubleLine Strategic Opportunity Fund Inc. 4.375% Series A Cumulative Preferred Stock,,,,,United States,,,False,False,,
OPP^B,RiverNorth/DoubleLine Strategic Opportunity Fund Inc. 4.75% Series B Cumulative Preferred Stock,,,,,United States,,,False,False,,
OPP^C,RiverNorth/DoubleLine Strategic Opportunity Fund Inc. 6.00% Series C Term Preferred Stock (Liquidation Preference $10.00 per share),,,,,United States,,,False,False,,
ORCL^D,Oracle Corporation Depositary Shares each representing a 1/2000th interest in a sh of 6.50% Series D Mandatory Convertible Preferred Stock,,,,,United States,,,False,False,,
PAAI,Paradium.AI Inc. Common Stock,45230120.0,Technology,EDP Services,2022.0,United States,,,False,False,,
PBI^B,Pitney Bowes Inc 6.70% Notes Due 2043,,,,,United States,,,False,False,,
PCG^A,Pacific Gas & Electric Co. 6% Preferred Stock,,,,,United States,,,False,False,,
PCG^B,Pacific Gas & Electric Co. 5 1/2% Preferred Stock,,,,,United States,,,False,False,,
PCG^C,Pacific Gas & Electric Co. 5% 1st Preferred Stock,,,,,United States,,,False,False,,
PCG^D,Pacific Gas & Electric Co. 5% 1st  Red. Preferred Stock,,,,,United States,,,False,False,,
PCG^E,Pacific Gas & Electric Co. 5% 1st A Preferred Stock,,,,,United States,,,False,False,,
PCG^G,Pacific Gas & Electric Co. 4.80% 1st Preferred Stock,,,,,United States,,,False,False,,
PCG^H,Pacific Gas & Electric Co. 4.50% 1st Preferred Stock,,,,,United States,,,False,False,,
PCG^I,Pacific Gas & Electric Co. 4.36% 1st Preferred Stock,,,,,United States,,,False,False,,
PCG^X,PG&E Corp 6.000% Series A Mandatory Convertible Preferred Stock,,,,,United States,,,False,False,,
PEB^E,Pebblebrook Hotel Trust 6.375% Series E Cumulative Redeemable Preferred Shares of Beneficial Interest,,,,,United States,,,False,False,,
PEB^F,Pebblebrook Hotel Trust 6.3% Series F Cumulative Redeemable Preferred Shares of Beneficial Interest,,,,,United States,,,False,False,,
PEB^G,Pebblebrook Hotel Trust 6.375% Series G Cumulative Redeemable Preferred Shares of Beneficial Interest,,,,,United States,,,False,False,,
PEB^H,Pebblebrook Hotel Trust 5.700% Series H Cumulative Redeemable Preferred Shares of Beneficial Interest,,,,,United States,,,False,False,,
PHXE^,Phoenix Energy One LLC Series A Cumulative Redeemable Preferred Shares,,,,,,,,False,False,,
PINE^A,Alpine Income Property Trust Inc. 8.00% Series A Cumulative Redeemable Preferred Stock,,,,,United States,,,False,False,,
PMT^A,PennyMac Mortgage Investment Trust 8.125% Series A Fixed-to-Floating Rate Cumulative Redeemable Preferred Shares of Beneficial Interest,,,,,United States,,,False,False,,
PMT^B,PennyMac Mortgage Investment Trust 8.00% Series B Fixed-to-Floating Rate Cumulative Redeemable Preferred Shares of Beneficial Interest,,,,,United States,,,False,False,,
PMT^C,PennyMac Mortgage Investment Trust 6.75% Series C Cumulative Redeemable Preferred Shares of Beneficial Interest,,,,,United States,,,False,False,,
PNFP^A,Pinnacle Financial Partners Inc. Fixed-to-Floating Rate Non-Cumulative Perpetual Preferred Stock Series A,,,,,United States,,,False,False,,
PNFP^B,Pinnacle Financial Partners Inc. Fixed-to-Floating Rate Non-Cumulative Perpetual Preferred Stock Series B,,,,,United States,,,False,False,,
PNFP^C,Pinnacle Financial Partners Inc. Fixed-to-Floating Rate Non-Cumulative Perpetual Preferred Stock Series C,,,,,United States,,,False,False,,
PRIF^D,Priority Income Fund Inc. 7.00% Series D Term Preferred Stock due 2029,,,,,,,,False,False,,
PRIF^K,Priority Income Fund Inc. 7.000% Series K Cumulative Preferred Stock,,,,,,,,False,False,,
PRIF^L,Priority Income Fund Inc. 6.375% Series L Term Preferred Stock Due 2029,,,,,,,,False,False,,
PSA^F,Public Storage Depositary Shares Each Representing 1/1000 of a 5.15% Cumulative Preferred Share of Beneficial Interest Series F par value $0.01 per share,,,,,United States,,,False,False,,
PSA^G,Public Storage Depositary Shares Each Representing 1/1000 of a 5.05% Cumulative Preferred Share of Beneficial Interest Series G,,,,,United States,,,False,False,,
PSA^H,Public Storage Depositary Shares Each Representing 1/1000 of a  5.60% Cumulative Preferred  Share of Beneficial Interest Series H,,,,,United States,,,False,False,,
PSA^I,Public Storage Depositary Shares Each Representing 1/1000 of a 4.875% Cumulative Preferred Share of Beneficial Interest Series I par value $0.01 per share,,,,,United States,,,False,False,,
PSA^J,Public Storage Depositary Shares Each Representing 1/1000 of a 4.700% Cumulative Preferred Share of Beneficial Interest Series J par value $0.01 per share,,,,,United States,,,False,False,,
PSA^K,Public Storage Depositary Shares Each Representing 1/1000 of a 4.75% Cumulative Preferred Share of Beneficial Interest Series K,,,,,United States,,,False,False,,
PSA^L,Public Storage Depositary Shares Each Representing 1/1000 of a 4.625% Cumulative Preferred Share of Beneficial Interest Series L par value $0.01 per share,,,,,United States,,,False,False,,
PSA^M,Public Storage Depositary Shares Each Representing 1/1000 of a 4.125% Cumulative Preferred Share of Beneficial Interest Series M,,,,,United States,,,False,False,,
PSA^N,Public Storage Depositary Shares Each Representing 1/1000 of a 3.875% Cumulative Preferred Share of Beneficial Interest Series N,,,,,United States,,,False,False,,
PSA^O,Public Storage Depositary Shares Each Representing 1/1000 of a 3.900% Cumulative Preferred Share of Beneficial Interest Series O,,,,,United States,,,False,False,,
PSA^P,Public Storage Depositary Shares Each Representing 1/1000 of a 4.000% Cumulative Preferred Share of Bene cial Interest Series P,,,,,United States,,,False,False,,
PSA^Q,Public Storage Depositary Shares Each Representing 1/1000 of a 3.950% Cumulative Preferred Share of Beneficial Interest Series Q par value $0.01 per share,,,,,United States,,,False,False,,
PSA^R,Public Storage Depositary Shares Each Representing 1/1000 of a 4.00% Cumulative Preferred Share of Bene cial Interest Series R,,,,,United States,,,False,False,,
PSA^S,Public Storage Depositary Shares Each Representing 1/1000 of a 4.100% Cumulative Preferred Share of Beneficial Interest Series S,,,,,United States,,,False,False,,
PSA^T,Public Storage 6.000% Cumulative Preferred Shares of beneficial interest Series T,,,,,United States,,,False,False,,
PSA^U,Public Storage 6.000% Cumulative Preferred Shares of Beneficial Interest Series U,,,,,United States,,,False,False,,
PSEC^A,Prospect Capital Corporation 5.35% Series A Fixed Rate Cumulative Perpetual Preferred Stock,,,,,United States,,,False,False,,
PW^A,Power REIT 7.75% Series A Cumulative Perpetual Preferred Stock,,,,,United States,,,False,False,,
QXO^B,QXO Inc.  Depositary Shares each representing a 1/20th interest in a share of 5.50% Series B Mandatory Convertible Preferred Stock,,,,,United States,,,False,False,,
RAC/WS,Rithm Acquisition Corp.,,,,,,,,False,False,,
RC^C,Ready Capital Corporation 6.25% Series C Cumulative Convertible Preferred Stock,,,,,United States,,,False,False,,
RC^E,Ready Capital Corporation 6.50% Series E Cumulative Redeemable Preferred Stock,,,,,United States,,,False,False,,
RCBC,River City Bank Common stock,740372567.0,Finance,Major Banks,,United States,,,False,False,,
REXR^B,Rexford Industrial Realty Inc. 5.875% Series B Cumulative Redeemable Preferred Stock,,,,,United States,,,False,False,,
REXR^C,Rexford Industrial Realty Inc. 5.625% Series C Cumulative Redeemable Preferred Stock par value $0.01 per share,,,,,United States,,,False,False,,
RF^C,Regions Financial Corporation Depositary Shares each Representing a 1/40th Interest in a  Share of 5.700% Fixed-to-Floating Rate Non-Cumulative  Perpetual Preferred Stock Series C,,,,,United States,,,False,False,,
RF^E,Regions Financial Corporation Depositary Shares Each Representing a 1/40th Interest in a Share of 4.45% Non-Cumulative Perpetual Preferred Stock Series E,,,,,United States,,,False,False,,
RF^F,Regions Financial Corporation Depositary Shares Each Representing a 1/40th Interest in a Share of Non-Cumulative Perpetual Preferred Stock Series F,,,,,United States,,,False,False,,
RITM^A,Rithm Capital Corp. 7.50% Series A Fixed-to-Floating Rate Cumulative Redeemable Preferred Stock,,,,,United States,,,False,False,,
RITM^B,Rithm Capital Corp. 7.125% Series B Fixed-to-Floating Rate Cumulative Redeemable Preferred Stock,,,,,United States,,,False,False,,
RITM^C,Rithm Capital Corp. 6.375% Series C Fixed-to-Floating Rate Cumulative Redeemable Preferred Stock,,,,,United States,,,False,False,,
RITM^D,Rithm Capital Corp. 7.00% Fixed-Rate Reset Series D Cumulative Redeemable Preferred Stock,,,,,United States,,,False,False,,
RITM^E,Rithm Capital Corp. 8.75% Series E Fixed-Rate Cumulative Redeemable Preferred Stock,,,,,United States,,,False,False,,
RITM^F,Rithm Capital Corp. 8.750% Series F Fixed-Rate Reset Cumulative Redeemable Preferred Stock,,,,,United States,,,False,False,,
RIV^A,RiverNorth Opportunities Fund Inc. 6.00% Series A Perpetual Preferred Stock,,,,,United States,,,False,False,,
RLJ^A,RLJ Lodging Trust $1.95 Series A Cumulative Convertible  Preferred Shares,,,,,United States,,,False,False,,
RNR^F,RenaissanceRe Holdings Ltd. Depositary Shares each Representing a 1/1000th Interest in a 5.750% Series F Preference Share,,,,,Bermuda,,,False,False,,
RNR^G,RenaissanceRe Holdings Ltd. Depositary Shares each representing a 1/1000th interest in a share of 4.20% Series G Preference Shares,,,,,Bermuda,,,False,False,,
RPT^C,Rithm Property Trust Inc. 9.875% Series C Fixed-to-Floating Rate Cumulative Redeemable Preferred Stock,,,,,United States,,,False,False,,
RWT^A,Redwood Trust Inc. 10.00% Series A Fixed-Rate Reset Cumulative Redeemable Preferred Stock,,,,,United States,,,False,False,,
SACH^A,Sachem Capital Corp. 7.75% Series A Cumulative Redeemable Preferred Stock,,,,,United States,,,False,False,,
SB^C,Safe Bulkers Inc Cumulative Redeemable Perpetual Preferred Series C (Marshall Islands),,,,,Monaco,,,False,False,,
SB^D,Safe Bulkers Inc Perpetual Preferred Series D (Marshall Islands),,,,,Monaco,,,False,False,,
SCE^G,SCE Trust II Trust Preferred Securities,,,,,United States,,,False,False,,
SCE^L,SCE TRUST VI,,,,,United States,,,False,False,,
SCE^M,SCE Trust VII 7.50% Trust Preference Securities,,,,,United States,,,False,False,,
SCE^N,SCE Trust VIII 6.95% Trust Preference Securities,,,,,United States,,,False,False,,
SCHW^D,The Charles Schwab Corporation Depositary Shares each representing 1/40th interest in a share of 5.95% Non-Cumulative Perpetual Preferred Stock Series D,,,,,United States,,,False,False,,
SCHW^J,The Charles Schwab Corporation Depositary Shares Each Representing a 1/40th Interest in a Share of 4.450% Non-Cumulative Perpetual Preferred Stock Series J,,,,,United States,,,False,False,,
SEAL^A,Seapeak LLC 9.00% Series A Cumulative Redeemable Perpetual Preferred Units,,,,,Bermuda,,,False,False,,
SEAL^B,Seapeak LLC 8.50% Series B Fixed-to-Floating Rate Cumulative Redeemable Perpetual Preferred Units,,,,,Bermuda,,,False,False,,
SF^B,Stifel Financial Corporation Depositary Shares Each Representing 1/1000th  Interest in a Share of 6.25% Non-Cumulative  Preferred Stock Series B,,,,,United States,,,False,False,,
SF^C,Stifel Financial Corporation Depositary Shares Each Representing 1/1000th Interest in a Share of 6.125% Non Cumulative Preferred Stock Series C,,,,,United States,,,False,False,,
SF^D,Stifel Financial Corporation Depositary Shares Each Representing 1/1000th Interest in a Share of 4.50% Non-Cumulative Preferred Stock Series D,,,,,United States,,,False,False,,
SHO^H,Sunstone Hotel Investors Inc. 6.125% Series H Cumulative Redeemable Preferred Stock,,,,,United States,,,False,False,,
SHO^I,Sunstone Hotel Investors Inc. 5.70% Series I Cumulative Redeemable Preferred Stock,,,,,United States,,,False,False,,
SLG^I,SL Green Realty Corporation Preferred Series I,,,,,United States,,,False,False,,
SNUS^H,Santander Holdings USA Inc. Depositary Shares Each Representing a 1/1000th Interest in a Share of Fixed-Rate Reset Non-Cumulative Perpetual Preferred Stock Series H,,,,,,,,False,False,,
SNUS^I,Santander Holdings USA Inc. Depositary Shares Each Representing a 1/40th Interest in a Share of Fixed-Rate Reset Non-Cumulative Perpetual Preferred Stock Series I,,,,,,,,False,False,,
SPE^C,Special Opportunities Fund Inc. 2.75% Convertible Preferred Stock Series C,,,,,United States,,,False,False,,
SPG^J,Simon Property Group Inc. Simon Property Group 8 3/8% Series J Cumulative Redeemable Preferred Stock,,,,,United States,,,False,False,,
SRG^A,Seritage Growth Properties 7.00% Series A Cumulative Redeemable Preferred Shares of Beneficial Interest,,,,,United States,,,False,False,,
SSBI,Summit State Bank Common Stock,84415095.0,Finance,Major Banks,2006.0,United States,,,False,False,,
STT^G,State Street Corporation Depositary shares each representing a 1/4000th ownership interest in a share of Fixed-to-Floating Rate Non-Cumulative,,,,,United States,,,False,False,,
SYF^A,Synchrony Financial Depositary Shares each Representing a 1/40th Interest in a Share of 5.625% Fixed Rate Non-Cumulative Perpetual Preferred Stock Series A,,,,,United States,,,False,False,,
SYF^B,Synchrony Financial Depositary Shares Each Representing a 1/40th Interest in a Share of 8.250% Fixed Rate Reset Non-Cumulative Perpetual Preferred Stock Series B,,,,,United States,,,False,False,,
T^A,AT&T Inc. Depositary Shares each representing a 1/1000th interest in a share of 5.000% Perpetual Preferred Stock Series A,,,,,United States,,,False,False,,
T^C,AT&T Inc. Depositary Shares each representing a 1/1000th interest in a share of 4.750% Perpetual Preferred Stock Series C,,,,,United States,,,False,False,,
TDS^U,Telephone and Data Systems Inc. Depositary Shares Each Representing a 1/1000th Interest in a 6.625% Series UU Cumulative Redeemable Perpetual Preferred Stock,,,,,United States,,,False,False,,
TDS^V,Telephone and Data Systems Inc. Depositary Shares Each Representing a 1/1000th Interest in a 6.000% Series VV Cumulative Redeemable Perpetual Preferred Stock,,,,,United States,,,False,False,,
TEN^E,Tsakos Energy Navigation Ltd Series E Fixed-to-Floating Rate Cumulative Redeemable Perpetual Preferred Shares par value $1.00,,,,,Greece,,,False,False,,
TEN^F,Tsakos Energy Navigation Ltd Series F Fixed-to-Floating Rate Cumulative Redeemable Perpetual Preferred Shares par value $1.00,,,,,Greece,,,False,False,,
TFC^I,Truist Financial Corporation Depositary Shares,,,,,United States,,,False,False,,
TFC^O,Truist Financial Corporation Depositary Shares Each Representing a 1/1000th Interest in a Share of Series O Non-Cumulative Perpetual Preferred Stock,,,,,United States,,,False,False,,
TFC^R,Truist Financial Corporation Depositary Shares each representing 1/1000th interest in a share of Series R Non-Cumulative Perpetual Preferred Stock,,,,,United States,,,False,False,,
TFIN^,Triumph Financial Inc. Depositary Shares Each Representing a 1/40th Interest in a Share of 7.125% Series C Fixed-Rate Non-Cumulative Perpetual Preferred Stock,,,,,United States,,,False,False,,
TLACU,Three Lions Acquisition Corp. Units,0.0,,,2026.0,United States,,,False,False,,
TOWN,TowneBank Common Stock,2780987889.0,Finance,Major Banks,,United States,,,False,False,,
TRTN^A,Triton International Limited 8.50% Series A Cumulative Redeemable Perpetual  Preference Shares,,,,,United States,,,False,False,,
TRTN^B,Triton International Limited 8.00% Series B Cumulative Redeemable Perpetual Preference Shares,,,,,United States,,,False,False,,
TRTN^C,Triton International Limited 7.375% Series C Cumulative Redeemable Perpetual Preference Shares,,,,,United States,,,False,False,,
TRTN^D,Triton International Limited 6.875% Series D Cumulative Redeemable Perpetual Preference Shares,,,,,United States,,,False,False,,
TRTN^E,Triton International Limited 5.75% Series E Cumulative Redeemable Perpetual Preference Shares,,,,,United States,,,False,False,,
TRTN^F,Triton International Limited 7.625% Series F Cumulative Redeemable Perpetual Preference Shares,,,,,United States,,,False,False,,
TRTN^G,Triton International Limited 7.500% Series G Cumulative Redeemable Perpetual Preference Shares,,,,,United States,,,False,False,,
TRTX^C,TPG RE Finance Trust Inc. 6.25% Series C Cumulative Redeemable Preferred Stock $0.001 par value per share,,,,,United States,,,False,False,,
TWO^A,Two Harbors Investments Corp 8.125% Series A Fixed-to-Floating Rate Cumulative Redeemable Preferred Stock ($25.00 liquidation preference per share),,,,,United States,,,False,False,,
TWO^B,Two Harbors Investments Corp 7.625% Series B Fixed-to-Floating Rate Cumulative Redeemable Preferred Stock,,,,,United States,,,False,False,,
TWO^C,Two Harbors Investments Corp 7.25% Series C Fixed-to-Floating Rate Cumulative Redeemable Preferred Stock,,,,,United States,,,False,False,,
TY^,Tri Continental Corporation Preferred Stock,,,,,United States,,,False,False,,
UMH^D,UMH Properties Inc. 6.375% Series D Cumulative Redeemable Preferred Stock Liquidation Preference $25 per share,,,,,United States,,,False,False,,
USB^A,U.S. Bancorp Depositary Shares Each representing a 1/100th interest in a share of Series A Non-CumulativePerpetual Pfd Stock,,,,,United States,,,False,False,,
USB^H,U.S. Bancorp Depositary Shares repstg 1/1000th Pfd Ser B,,,,,United States,,,False,False,,
USB^P,U.S. Bancorp Depositary Shares each representing a 1/1000th interest in a share of Series K Non-Cumulative Perpetual Preferred Stock,,,,,United States,,,False,False,,
USB^Q,U.S. Bancorp Depositary Shares Each Representing a 1/1000th Interest in a Share of Series L Non-Cumulative Perpetual Preferred Stock,,,,,United States,,,False,False,,
USB^R,U.S. Bancorp Depositary Shares Each Representing a 1/1000th Interest in a Share of Series M Non-Cumulative Perpetual Preferred Stock,,,,,United States,,,False,False,,
USB^S,U.S. Bancorp Depositary Shares each representing a 1/1000th interest in a share of Series O Non-Cumulative Perpetual Preferred Stock,,,,,United States,,,False,False,,
VNO^L,Vornado Realty Trust Pfd Ser L %,,,,,United States,,,False,False,,
VNO^M,Vornado Realty Trust 5.25% Series M Cumulative Redeemable Preferred Shares of Beneficial Interest liquidation preference $25.00 per share no par value per share,,,,,United States,,,False,False,,
VNO^N,Vornado Realty Trust 5.25% Series N Cumulative Redeemable Preferred Shares of Beneficial Interest liquidation preference $25.00 per share,,,,,United States,,,False,False,,
VNO^O,Vornado Realty Trust 4.45% Series O Cumulative Redeemable Preferred Shares Liquidation Preference $25.00 Per Share,,,,,United States,,,False,False,,
VOYA^B,Voya Financial Inc. Depositary Shares each representing a 1/40th interest in a share of 5.35% Fixed-Rate Reset Non-Cumulative Preferred Stock Series B,,,,,United States,,,False,False,,
WAL^A,Western Alliance Bancorporation Depositary Shares Each Representing a 1/400th Interest in a Share of 4.250% Fixed-Rate Non-Cumulative Perpetual Preferred Stock Series A,,,,,United States,,,False,False,,
WFC^A,Wells Fargo & Company Depositary Shares each representing a 1/1000th interest in a share of Non-Cumulative Perpetual Class A Preferred Stock Series AA,,,,,United States,,,False,False,,
WFC^C,Wells Fargo & Company Depositary Shares each representing a 1/1000th interest in a share of Non-Cumulative Perpetual Class A Preferred Stock Series CC,,,,,United States,,,False,False,,
WFC^D,Wells Fargo & Company Depositary Shares each representing a 1/1000th interest in  a share of Non-Cumulative Perpetual Class A Preferred Stock Series DD,,,,,United States,,,False,False,,
WFC^L,Wells Fargo & Company 7.50% Non-Cumulative Perpetual Convertible Class A Preferred Stock Series L,,,,,United States,,,False,False,,
WFC^Y,Wells Fargo & Company Depositary Shares each representing a 1/1000th interest in a share of Non-Cumulative Perpetual Class A Preferred Stock Series Y,,,,,United States,,,False,False,,
WFC^Z,Wells Fargo & Company Depositary Shares each representing a 1/1000th interest in a share of Non-Cumulative Perpetual Class A Preferred Stock Series Z,,,,,United States,,,False,False,,
WHR^A,Whirlpool Corporation Depositary Shares each representing a 1/20th interest in a share of 8.50% Series A Mandatory Convertible Preferred Stock,,,,,United States,,,False,False,,
WRB^E,W.R. Berkley Corporation 5.70% Subordinated Debentures due 2058,,,,,United States,,,False,False,,
WRB^F,W.R. Berkley Corporation 5.10% Subordinated Debentures due 2059,,,,,United States,,,False,False,,
WRB^G,W.R. Berkley Corporation 4.25% Subordinated Debentures due 2060,,,,,United States,,,False,False,,
WRB^H,W.R. Berkley Corporation 4.125% Subordinated Debentures due 2061,,,,,United States,,,False,False,,
WSO/B,Watsco Inc.,,,,,United States,,,False,False,,
XRN^A,Chiron Real Estate Inc. Series A Cumulative Redeemable Preferred Stock,,,,,United States,,,False,False,,
XRN^B,Chiron Real Estate Inc. 8.00% Series B Cumulative Redeemable Preferred Stock $0.001 par value per share,,,,,United States,,,False,False,,
YFOR,YYForce Inc. Class A Ordinary Shares,18100706.0,,,2024.0,Singapore,,,False,False,,
